property_id,user_id,floorplan_id,floor_name,room_name,is_segment,dimensions_imperial,dimensions_metric,room_id,no_of_door,no_of_window,no_of_room_points,min_x_pixels,min_y_pixels,max_x_pixels,max_y_pixels,max_area_metric,max_area_imperial,max_area_pixels,actual_area_pixels,pixel_ratio,scale_metric,scale_imperial,calculated_sq_area_metric,calculated_floor_total_sq_area_metric,calculated_area_imperial,calculated_floor_total_sq_area_imperial,created_at
3,2,415a2987b42c68a830c048271e6cceb44012d2114cff8fb3e7a7ef7a96fa0baf,ground_floor,Kitchen/Dining Room,segment,"21'11"" x 20'11""",6.68m x 6.38m,1.0,3.0,1.0,11.0,43.0,73.0,628.0,664.0,42.6184,458.4236111111112,345735.0,264192.5,0.7641473961270916,0.0001232689776852,0.0013259392630515,32.57,,350.3,,2025-04-12T12:35:31.905343+00:00
3,2,415a2987b42c68a830c048271e6cceb44012d2114cff8fb3e7a7ef7a96fa0baf,ground_floor,Utility,segment,"7'10"" x 7'2""",2.39m x 2.18m,2.0,3.0,0.0,9.0,421.0,300.0,628.0,490.0,5.2102,56.138888888888886,39330.0,34979.0,0.8893719806763285,0.0001324739384693,0.0014273808514845,4.63,,49.93,,2025-04-12T12:35:31.905343+00:00
3,2,415a2987b42c68a830c048271e6cceb44012d2114cff8fb3e7a7ef7a96fa0baf,ground_floor,Living Room,segment,"15'11"" x 12'7""",4.85m x 3.84m,3.0,2.0,1.0,8.0,44.0,678.0,442.0,1015.0,18.624,200.28472222222223,134126.0,132048.0,0.984507105259234,0.0001388545099384,0.0014932579978693,18.34,,197.18,,2025-04-12T12:35:31.905343+00:00
3,2,415a2987b42c68a830c048271e6cceb44012d2114cff8fb3e7a7ef7a96fa0baf,ground_floor,Utility,segment,,,5.0,1.0,0.0,4.0,448.0,679.0,476.0,730.0,,,1428.0,1364.0,0.9551820728291316,0.0,0.0,0.0,,0.0,,2025-04-12T12:35:31.905343+00:00
3,2,415a2987b42c68a830c048271e6cceb44012d2114cff8fb3e7a7ef7a96fa0baf,ground_floor,Unknown (AI),segment,,,6.0,4.0,1.0,11.0,457.0,744.0,628.0,1095.0,,,60021.0,34628.5,0.5769397377584512,0.0,0.0,0.0,,0.0,,2025-04-12T12:35:31.905343+00:00
3,2,415a2987b42c68a830c048271e6cceb44012d2114cff8fb3e7a7ef7a96fa0baf,ground_floor,Utility,segment,,,7.0,2.0,0.0,4.0,558.0,744.0,628.0,839.0,,,6650.0,6602.5,0.9928571428571428,0.0,0.0,0.0,,0.0,,2025-04-12T12:35:31.905343+00:00
3,2,415a2987b42c68a830c048271e6cceb44012d2114cff8fb3e7a7ef7a96fa0baf,ground_floor,Living Room (AI),segment,,,8.0,1.0,1.0,11.0,363.0,1032.0,573.0,1115.0,,,17430.0,13557.0,0.7777969018932874,0.0,0.0,0.0,,0.0,,2025-04-12T12:35:31.905343+00:00
3,2,415a2987b42c68a830c048271e6cceb44012d2114cff8fb3e7a7ef7a96fa0baf,ground_floor,stairs,object,,,,,,4.0,558.0,840.0,631.0,938.0,,,7154.0,7020.5,0.9813391109868606,0.0,0.0,0.0,,0.0,,2025-04-12T12:35:31.905343+00:00
3,2,415a2987b42c68a830c048271e6cceb44012d2114cff8fb3e7a7ef7a96fa0baf,,,,,,,,,,,,,,,,,,,,,,,,,2025-04-12T12:35:31.905343+00:00
3,2,415a2987b42c68a830c048271e6cceb44012d2114cff8fb3e7a7ef7a96fa0baf,outbuilding,Office,segment,"10'9"" x 9'2""",3.28m x 2.79m,1.0,1.0,2.0,14.0,47.0,45.0,290.0,410.0,9.1512,98.54166666666666,88695.0,73080.5,0.8239528722024917,0.000103176052765,0.0011110171561718,7.54,,81.19,,2025-04-12T12:35:31.905343+00:00
3,2,415a2987b42c68a830c048271e6cceb44012d2114cff8fb3e7a7ef7a96fa0baf,,,,,,,,,,,,,,,,,,,,,,,,,2025-04-12T12:35:31.905343+00:00
3,2,415a2987b42c68a830c048271e6cceb44012d2114cff8fb3e7a7ef7a96fa0baf,first_floor,Bedroom 4,segment,"9'0"" x 7'5""",2.74m x 2.26m,1.0,1.0,1.0,5.0,282.0,47.0,471.0,285.0,6.1924,66.75,44982.0,44356.0,0.986083322217776,0.0001376639544706,0.0014839269040949,6.11,,65.82,,2025-04-12T12:35:31.905343+00:00
3,2,415a2987b42c68a830c048271e6cceb44012d2114cff8fb3e7a7ef7a96fa0baf,first_floor,Bedroom 2,segment,"12'3"" x 8'4""",3.73m x 2.54m,2.0,1.0,1.0,7.0,47.0,48.0,268.0,367.0,9.4742,102.08333333333334,70499.0,63037.0,0.8941545270145675,0.0001343877218116,0.0014480110828995,8.47,,91.28,,2025-04-12T12:35:31.905343+00:00
3,2,415a2987b42c68a830c048271e6cceb44012d2114cff8fb3e7a7ef7a96fa0baf,first_floor,Bedroom 3,segment,,,3.0,1.0,2.0,10.0,406.0,383.0,632.0,632.0,,,56274.0,41857.5,0.7438159718520098,0.0,0.0,0.0,,0.0,,2025-04-12T12:35:31.905343+00:00
3,2,415a2987b42c68a830c048271e6cceb44012d2114cff8fb3e7a7ef7a96fa0baf,first_floor,Bedroom 1,segment,"12'11"" x 9'4""",3.94m x 2.84m,4.0,4.0,3.0,15.0,46.0,384.0,391.0,632.0,11.1896,120.55555555555556,85560.0,70786.0,0.827325853202431,0.0001307807386629,0.0014090177133655,9.26,,99.74,,2025-04-12T12:35:31.905343+00:00
3,2,415a2987b42c68a830c048271e6cceb44012d2114cff8fb3e7a7ef7a96fa0baf,first_floor,Bathroom (AI),segment,,,5.0,1.0,0.0,6.0,486.0,74.0,631.0,286.0,,,30740.0,30013.5,0.976366297983084,0.0,0.0,0.0,,0.0,,2025-04-12T12:35:31.905343+00:00
3,2,415a2987b42c68a830c048271e6cceb44012d2114cff8fb3e7a7ef7a96fa0baf,first_floor,Closet (AI),segment,,,6.0,0.0,0.0,5.0,46.0,291.0,126.0,370.0,,,6320.0,6165.5,0.9755537974683544,0.0,0.0,0.0,,0.0,,2025-04-12T12:35:31.905343+00:00
3,2,415a2987b42c68a830c048271e6cceb44012d2114cff8fb3e7a7ef7a96fa0baf,first_floor,Landing (AI),segment,,,7.0,5.0,1.0,10.0,281.0,299.0,632.0,370.0,,,24921.0,19700.0,0.7904979735965652,0.0,0.0,0.0,,0.0,,2025-04-12T12:35:31.905343+00:00
3,2,415a2987b42c68a830c048271e6cceb44012d2114cff8fb3e7a7ef7a96fa0baf,first_floor,Storage (AI),segment,,,8.0,1.0,0.0,4.0,46.0,385.0,99.0,437.0,,,2756.0,2453.0,0.8900580551523948,0.0,0.0,0.0,,0.0,,2025-04-12T12:35:31.905343+00:00
3,2,415a2987b42c68a830c048271e6cceb44012d2114cff8fb3e7a7ef7a96fa0baf,first_floor,Hallway Closet (AI),segment,,,9.0,1.0,0.0,4.0,339.0,491.0,391.0,602.0,,,5772.0,5338.5,0.92489604989605,0.0,0.0,0.0,,0.0,,2025-04-12T12:35:31.905343+00:00
3,2,415a2987b42c68a830c048271e6cceb44012d2114cff8fb3e7a7ef7a96fa0baf,first_floor,Bedroom 1,segment,,,10.0,1.0,0.0,5.0,47.0,579.0,99.0,632.0,,,2756.0,2604.5,0.9450290275761972,0.0,0.0,0.0,,0.0,,2025-04-12T12:35:31.905343+00:00
3,2,415a2987b42c68a830c048271e6cceb44012d2114cff8fb3e7a7ef7a96fa0baf,first_floor,stairs,object,,,,,,4.0,561.0,307.0,632.0,515.0,,,14768.0,14215.0,0.9625541711809318,0.0,0.0,0.0,,0.0,,2025-04-12T12:35:31.905343+00:00
3,2,415a2987b42c68a830c048271e6cceb44012d2114cff8fb3e7a7ef7a96fa0baf,,,,,,,,,,,,,,,,,,,,,,,,,2025-04-12T12:35:31.905343+00:00
101,2,a4fe668323485114cd3cbcb42151d244266c8721dd89dbf3bc253dd130e250f6,second_floor,KITCHEN,segment,"7'2"" x 15'8""",2.20m x 4.80m,1.0,2.0,2.0,11.0,1239.0,97.0,1740.0,1947.0,10.56,112.27777777777776,926850.0,878002.5,0.9472972972972972,1.1393429357501214e-05,0.000121139103175,10.0,,106.36,,2025-04-12T12:35:31.905406+00:00
101,2,a4fe668323485114cd3cbcb42151d244266c8721dd89dbf3bc253dd130e250f6,second_floor,BEDROOM,segment,"10'2"" x 15'8""",3.10m x 4.80m,2.0,1.0,2.0,14.0,59.0,100.0,762.0,1947.0,14.88,159.27777777777777,1298441.0,999847.0,0.7700365284213915,1.1459896907137097e-05,0.0001226684753313,11.46,,122.65,,2025-04-12T12:35:31.905406+00:00
101,2,a4fe668323485114cd3cbcb42151d244266c8721dd89dbf3bc253dd130e250f6,second_floor,Bathroom (AI),segment,,,3.0,1.0,0.0,5.0,797.0,97.0,1205.0,717.0,,,252960.0,249946.0,0.9880850727387728,0.0,0.0,0.0,,0.0,,2025-04-12T12:35:31.905406+00:00
101,2,a4fe668323485114cd3cbcb42151d244266c8721dd89dbf3bc253dd130e250f6,second_floor,Pantry (AI),segment,,,4.0,1.0,0.0,4.0,1239.0,528.0,1352.0,715.0,,,21131.0,20300.5,0.9606975533576262,0.0,0.0,0.0,,0.0,,2025-04-12T12:35:31.905406+00:00
101,2,a4fe668323485114cd3cbcb42151d244266c8721dd89dbf3bc253dd130e250f6,second_floor,Hallway (AI),segment,,,5.0,3.0,0.0,12.0,591.0,608.0,1207.0,1101.0,,,303688.0,226354.0,0.7453504912936961,0.0,0.0,0.0,,0.0,,2025-04-12T12:35:31.905406+00:00
101,2,a4fe668323485114cd3cbcb42151d244266c8721dd89dbf3bc253dd130e250f6,,,,,,,,,,,,,,,,,,,,,,,,,2025-04-12T12:35:31.905406+00:00
168,8,8b21dafaa9c133ab944fbc57f95d2cfee54c92cecafd7e33c40f53f69176e331,,,,,,,,,,,,,,,,,,,,,,,,,2025-04-12T12:35:31.905505+00:00
168,8,8b21dafaa9c133ab944fbc57f95d2cfee54c92cecafd7e33c40f53f69176e331,ground_floor,Living Room / Kitchen / Dining Room,segment,"26'3"" x 18'2""",8.00m x 5.54m,1.0,4.0,3.0,36.0,51.0,108.0,551.0,1287.0,44.32,476.87500000000006,589500.0,441643.0,0.7491823579304495,7.518235793044953e-05,0.0008089482612383,33.2,,357.27,,2025-04-12T12:35:31.905505+00:00
168,8,8b21dafaa9c133ab944fbc57f95d2cfee54c92cecafd7e33c40f53f69176e331,ground_floor,Sitting Room,not segment,"15'3"" x 12'2""",4.65m x 3.71m,2.0,,,0.0,,,,,,,,,,0.0,0.0,0.0,,0.0,,2025-04-12T12:35:31.905505+00:00
168,8,8b21dafaa9c133ab944fbc57f95d2cfee54c92cecafd7e33c40f53f69176e331,ground_floor,Living Room / Kitchen / Dining Room,segment,,,3.0,0.0,0.0,6.0,503.0,113.0,550.0,164.0,,,2397.0,2179.5,0.909261576971214,0.0,0.0,0.0,,0.0,,2025-04-12T12:35:31.905505+00:00
168,8,8b21dafaa9c133ab944fbc57f95d2cfee54c92cecafd7e33c40f53f69176e331,ground_floor,Pantry (AI),segment,,,4.0,0.0,0.0,5.0,529.0,168.0,550.0,214.0,,,966.0,904.0,0.9358178053830228,0.0,0.0,0.0,,0.0,,2025-04-12T12:35:31.905505+00:00
168,8,8b21dafaa9c133ab944fbc57f95d2cfee54c92cecafd7e33c40f53f69176e331,ground_floor,Storage Room (AI),segment,,,5.0,1.0,0.0,6.0,503.0,501.0,549.0,552.0,,,2346.0,2233.5,0.9520460358056266,0.0,0.0,0.0,,0.0,,2025-04-12T12:35:31.905505+00:00
168,8,8b21dafaa9c133ab944fbc57f95d2cfee54c92cecafd7e33c40f53f69176e331,ground_floor,Storage (AI),segment,,,6.0,1.0,0.0,8.0,503.0,580.0,550.0,687.0,,,5029.0,4336.5,0.8622986677271823,0.0,0.0,0.0,,0.0,,2025-04-12T12:35:31.905505+00:00
168,8,8b21dafaa9c133ab944fbc57f95d2cfee54c92cecafd7e33c40f53f69176e331,ground_floor,WC (AI),segment,,,7.0,5.0,0.0,13.0,324.0,701.0,551.0,1197.0,,,112592.0,67457.5,0.5991322651698167,0.0,0.0,0.0,,0.0,,2025-04-12T12:35:31.905505+00:00
168,8,8b21dafaa9c133ab944fbc57f95d2cfee54c92cecafd7e33c40f53f69176e331,ground_floor,Hall (AI),not segment,,,8.0,,,0.0,,,,,,,,,,0.0,0.0,0.0,,0.0,,2025-04-12T12:35:31.905505+00:00
168,8,8b21dafaa9c133ab944fbc57f95d2cfee54c92cecafd7e33c40f53f69176e331,ground_floor,WC (AI),segment,,,9.0,1.0,0.0,4.0,485.0,701.0,551.0,839.0,,,9108.0,8641.0,0.9487263943785684,0.0,0.0,0.0,,0.0,,2025-04-12T12:35:31.905505+00:00
168,8,8b21dafaa9c133ab944fbc57f95d2cfee54c92cecafd7e33c40f53f69176e331,ground_floor,stairs,object,,,,,,4.0,471.0,923.0,554.0,1033.0,,,9130.0,8939.0,0.97907995618839,0.0,0.0,0.0,,0.0,,2025-04-12T12:35:31.905505+00:00
168,8,8b21dafaa9c133ab944fbc57f95d2cfee54c92cecafd7e33c40f53f69176e331,,,,,,,,,,,,,,,,,,,,,,,,,2025-04-12T12:35:31.905505+00:00
168,8,8b21dafaa9c133ab944fbc57f95d2cfee54c92cecafd7e33c40f53f69176e331,second_floor,Bedroom 1,segment,"14'10"" x 14'7""",4.52m x 4.44m,1.0,2.0,1.0,12.0,37.0,38.0,514.0,439.0,20.0688,216.31944444444449,191277.0,125253.5,0.6548278151581215,0.0001049200897128,0.0011309224028212,13.14,,141.65,,2025-04-12T12:35:31.905505+00:00
168,8,8b21dafaa9c133ab944fbc57f95d2cfee54c92cecafd7e33c40f53f69176e331,second_floor,Bathroom (AI),segment,,,2.0,1.0,1.0,10.0,295.0,37.0,514.0,158.0,,,26499.0,24628.5,0.9294124306577608,0.0,0.0,0.0,,0.0,,2025-04-12T12:35:31.905505+00:00
168,8,8b21dafaa9c133ab944fbc57f95d2cfee54c92cecafd7e33c40f53f69176e331,second_floor,Bathroom (AI),segment,,,3.0,0.0,0.0,4.0,493.0,79.0,513.0,110.0,,,620.0,620.0,1.0,0.0,0.0,0.0,,0.0,,2025-04-12T12:35:31.905505+00:00
168,8,8b21dafaa9c133ab944fbc57f95d2cfee54c92cecafd7e33c40f53f69176e331,second_floor,Closet (AI),segment,,,4.0,0.0,0.0,4.0,388.0,257.0,433.0,322.0,,,2925.0,2662.5,0.9102564102564102,0.0,0.0,0.0,,0.0,,2025-04-12T12:35:31.905505+00:00
168,8,8b21dafaa9c133ab944fbc57f95d2cfee54c92cecafd7e33c40f53f69176e331,second_floor,Closet (AI),segment,,,5.0,0.0,0.0,4.0,390.0,329.0,433.0,439.0,,,4730.0,4730.0,1.0,0.0,0.0,0.0,,0.0,,2025-04-12T12:35:31.905505+00:00
168,8,8b21dafaa9c133ab944fbc57f95d2cfee54c92cecafd7e33c40f53f69176e331,second_floor,Bathroom (AI),segment,,,6.0,0.0,0.0,6.0,448.0,348.0,514.0,439.0,,,6006.0,5698.5,0.9488011988011988,0.0,0.0,0.0,,0.0,,2025-04-12T12:35:31.905505+00:00
168,8,8b21dafaa9c133ab944fbc57f95d2cfee54c92cecafd7e33c40f53f69176e331,second_floor,stairs,object,,,,,,4.0,439.0,178.0,514.0,349.0,,,12825.0,12090.5,0.942729044834308,0.0,0.0,0.0,,0.0,,2025-04-12T12:35:31.905505+00:00
168,8,8b21dafaa9c133ab944fbc57f95d2cfee54c92cecafd7e33c40f53f69176e331,,,,,,,,,,,,,,,,,,,,,,,,,2025-04-12T12:35:31.905505+00:00
168,8,8b21dafaa9c133ab944fbc57f95d2cfee54c92cecafd7e33c40f53f69176e331,first_floor,Bedroom 3,segment,"10'4"" x 9'5""",3.15m x 2.87m,1.0,3.0,2.0,29.0,51.0,50.0,550.0,667.0,9.0405,97.30555555555556,307883.0,199869.5,0.649173549692578,2.9363427016106766e-05,0.0003160471853124,5.87,,63.17,,2025-04-12T12:35:31.905505+00:00
168,8,8b21dafaa9c133ab944fbc57f95d2cfee54c92cecafd7e33c40f53f69176e331,first_floor,Bedroom 2,not segment,"11'2"" x 10'2""",3.40m x 3.10m,2.0,,,0.0,,,,,,,,,,0.0,0.0,0.0,,0.0,,2025-04-12T12:35:31.905505+00:00
168,8,8b21dafaa9c133ab944fbc57f95d2cfee54c92cecafd7e33c40f53f69176e331,first_floor,Study,segment,"7'8"" x 4'5""",2.34m x 1.35m,3.0,0.0,1.0,6.0,343.0,517.0,549.0,667.0,3.159,33.861111111111114,30900.0,26011.0,0.8417799352750809,0.0001022330097087,0.0010958288385472,2.66,,28.5,,2025-04-12T12:35:31.905505+00:00
168,8,8b21dafaa9c133ab944fbc57f95d2cfee54c92cecafd7e33c40f53f69176e331,first_floor,Bathroom (AI),segment,,,4.0,0.0,1.0,7.0,346.0,50.0,550.0,184.0,,,27336.0,26647.0,0.974795141937372,0.0,0.0,0.0,,0.0,,2025-04-12T12:35:31.905505+00:00
168,8,8b21dafaa9c133ab944fbc57f95d2cfee54c92cecafd7e33c40f53f69176e331,first_floor,Hallway (AI),segment,,,5.0,0.0,0.0,4.0,346.0,279.0,386.0,308.0,,,1160.0,1017.0,0.8767241379310344,0.0,0.0,0.0,,0.0,,2025-04-12T12:35:31.905505+00:00
168,8,8b21dafaa9c133ab944fbc57f95d2cfee54c92cecafd7e33c40f53f69176e331,first_floor,Unknown (AI),segment,,,6.0,1.0,0.0,4.0,51.0,315.0,142.0,350.0,,,3185.0,2684.5,0.8428571428571429,0.0,0.0,0.0,,0.0,,2025-04-12T12:35:31.905505+00:00
168,8,8b21dafaa9c133ab944fbc57f95d2cfee54c92cecafd7e33c40f53f69176e331,first_floor,stairs,object,,,,,,4.0,470.0,265.0,555.0,516.0,,,21335.0,21084.0,0.9882352941176472,0.0,0.0,0.0,,0.0,,2025-04-12T12:35:31.905505+00:00
170,8,a1f50ba08859647ee4197f79b5bc912c8a20c1fcc5e8c4226fcb7dff93d65262,ground_floor,Reception Room / Kitchen,segment,"23'6"" x 19'3""",7.17m x 5.86m,1.0,4.0,1.0,13.0,52.0,40.0,611.0,703.0,42.016200000000005,452.375,370617.0,261611.5,0.7058810038395432,0.0001133682480836,0.001220599702658,29.66,,319.32,,2025-04-12T12:35:31.905527+00:00
170,8,a1f50ba08859647ee4197f79b5bc912c8a20c1fcc5e8c4226fcb7dff93d65262,ground_floor,Utility,segment,,,2.0,3.0,0.0,7.0,51.0,304.0,268.0,524.0,,,47740.0,42346.0,0.887012987012987,0.0,0.0,0.0,,0.0,,2025-04-12T12:35:31.905527+00:00
170,8,a1f50ba08859647ee4197f79b5bc912c8a20c1fcc5e8c4226fcb7dff93d65262,ground_floor,Dining Room,segment,"11'11"" x 9'11""",3.62m x 3.03m,3.0,2.0,3.0,6.0,282.0,717.0,610.0,1000.0,10.9686,118.1736111111111,92824.0,92008.5,0.9912145565801947,0.0001181655606308,0.0012730932852614,10.87,,117.14,,2025-04-12T12:35:31.905527+00:00
170,8,a1f50ba08859647ee4197f79b5bc912c8a20c1fcc5e8c4226fcb7dff93d65262,ground_floor,Reception Room / Kitchen,segment,,,4.0,1.0,0.0,5.0,52.0,226.0,100.0,289.0,,,3024.0,2631.0,0.8700396825396826,0.0,0.0,0.0,,0.0,,2025-04-12T12:35:31.905527+00:00
170,8,a1f50ba08859647ee4197f79b5bc912c8a20c1fcc5e8c4226fcb7dff93d65262,ground_floor,Utility,segment,,,5.0,1.0,0.0,4.0,51.0,305.0,100.0,363.0,,,2842.0,2690.0,0.9465165376495426,0.0,0.0,0.0,,0.0,,2025-04-12T12:35:31.905527+00:00
170,8,a1f50ba08859647ee4197f79b5bc912c8a20c1fcc5e8c4226fcb7dff93d65262,ground_floor,Hallway (AI),segment,,,6.0,3.0,0.0,6.0,51.0,536.0,267.0,906.0,,,79920.0,59568.5,0.7453516016016016,0.0,0.0,0.0,,0.0,,2025-04-12T12:35:31.905527+00:00
170,8,a1f50ba08859647ee4197f79b5bc912c8a20c1fcc5e8c4226fcb7dff93d65262,ground_floor,Utility,segment,,,7.0,1.0,0.0,5.0,51.0,911.0,141.0,999.0,,,7920.0,7758.5,0.979608585858586,0.0,0.0,0.0,,0.0,,2025-04-12T12:35:31.905527+00:00
170,8,a1f50ba08859647ee4197f79b5bc912c8a20c1fcc5e8c4226fcb7dff93d65262,ground_floor,Entrance Hall (AI),segment,,,8.0,2.0,0.0,4.0,156.0,920.0,267.0,1000.0,,,8880.0,8620.0,0.9707207207207208,0.0,0.0,0.0,,0.0,,2025-04-12T12:35:31.905527+00:00
170,8,a1f50ba08859647ee4197f79b5bc912c8a20c1fcc5e8c4226fcb7dff93d65262,second_floor,Eaves,segment,,,1.0,1.0,0.0,4.0,30.0,30.0,228.0,215.0,,,36630.0,36240.5,0.9893666393666394,0.0,0.0,0.0,,0.0,,2025-04-12T12:35:31.905527+00:00
170,8,a1f50ba08859647ee4197f79b5bc912c8a20c1fcc5e8c4226fcb7dff93d65262,second_floor,Bedroom,segment,"19'9"" x 18'5""",6.02m x 5.62m,2.0,3.0,1.0,11.0,139.0,52.0,600.0,563.0,33.8324,363.7291666666667,235571.0,177258.5,0.7524631639717961,0.0001436186966986,0.0015440320186553,25.46,,273.69,,2025-04-12T12:35:31.905527+00:00
170,8,a1f50ba08859647ee4197f79b5bc912c8a20c1fcc5e8c4226fcb7dff93d65262,second_floor,Bathroom (AI),segment,,,3.0,1.0,1.0,4.0,257.0,53.0,350.0,227.0,,,16182.0,16182.0,1.0,0.0,0.0,0.0,,0.0,,2025-04-12T12:35:31.905527+00:00
170,8,a1f50ba08859647ee4197f79b5bc912c8a20c1fcc5e8c4226fcb7dff93d65262,second_floor,Hallway (AI),segment,,,4.0,2.0,1.0,10.0,52.0,232.0,231.0,333.0,,,18079.0,14274.5,0.7895624758006526,0.0,0.0,0.0,,0.0,,2025-04-12T12:35:31.905527+00:00
170,8,a1f50ba08859647ee4197f79b5bc912c8a20c1fcc5e8c4226fcb7dff93d65262,second_floor,Storage (AI),segment,,,5.0,1.0,0.0,5.0,52.0,461.0,132.0,564.0,,,8240.0,8160.0,0.9902912621359224,0.0,0.0,0.0,,0.0,,2025-04-12T12:35:31.905527+00:00
170,8,a1f50ba08859647ee4197f79b5bc912c8a20c1fcc5e8c4226fcb7dff93d65262,outbuilding,Studio,segment,"15'9"" x 13'0""",4.80m x 3.95m,1.0,1.0,1.0,10.0,53.0,51.0,490.0,421.0,18.96,204.75,161690.0,132687.0,0.8206258890469417,0.0001172614261859,0.001266312078669,15.56,,168.02,,2025-04-12T12:35:31.905527+00:00
170,8,a1f50ba08859647ee4197f79b5bc912c8a20c1fcc5e8c4226fcb7dff93d65262,outbuilding,Bathroom (AI),segment,,,2.0,1.0,0.0,4.0,53.0,178.0,142.0,410.0,,,20648.0,20532.0,0.99438202247191,0.0,0.0,0.0,,0.0,,2025-04-12T12:35:31.905527+00:00
170,8,a1f50ba08859647ee4197f79b5bc912c8a20c1fcc5e8c4226fcb7dff93d65262,first_floor,Bedroom,segment,"11'7"" x 10'0""",3.52m x 3.06m,1.0,1.0,3.0,6.0,292.0,50.0,611.0,330.0,10.7712,115.83333333333334,89320.0,88377.5,0.989448051948052,0.0001205911330049,0.0012968353485594,10.66,,114.61,,2025-04-12T12:35:31.905527+00:00
170,8,a1f50ba08859647ee4197f79b5bc912c8a20c1fcc5e8c4226fcb7dff93d65262,first_floor,Bedroom,segment,"14'0"" x 12'6""",4.27m x 3.81m,2.0,1.0,3.0,10.0,292.0,343.0,634.0,724.0,16.2687,175.0,130302.0,101120.0,0.7760433454590107,0.0001248538011695,0.0013430338751515,12.63,,135.81,,2025-04-12T12:35:31.905527+00:00
170,8,a1f50ba08859647ee4197f79b5bc912c8a20c1fcc5e8c4226fcb7dff93d65262,first_floor,Bedroom,segment,"11'0"" x 10'3""",3.35m x 3.13m,3.0,1.0,2.0,7.0,52.0,439.0,356.0,723.0,10.4855,112.75,86336.0,60577.0,0.7016424203113417,0.0001214499166048,0.0013059442179392,7.36,,79.11,,2025-04-12T12:35:31.905527+00:00
170,8,a1f50ba08859647ee4197f79b5bc912c8a20c1fcc5e8c4226fcb7dff93d65262,first_floor,Bathroom (AI),segment,,,4.0,1.0,2.0,7.0,52.0,50.0,278.0,274.0,,,50624.0,43925.5,0.8676813369152971,0.0,0.0,0.0,,0.0,,2025-04-12T12:35:31.905527+00:00
170,8,a1f50ba08859647ee4197f79b5bc912c8a20c1fcc5e8c4226fcb7dff93d65262,first_floor,Hallway (AI),segment,,,5.0,3.0,0.0,11.0,52.0,241.0,277.0,536.0,,,66375.0,49447.0,0.7449642184557439,0.0,0.0,0.0,,0.0,,2025-04-12T12:35:31.905527+00:00
172,8,2686938e1718e205bddd0b99accdf151a8887f4323793714af6fe3f04b1b132d,ground_floor,Garage,segment,"32'6"" x 12'10""",9.91m x 3.92m,1.0,1.0,2.0,7.0,32.0,34.0,270.0,636.0,38.8472,417.08333333333337,143276.0,113286.5,0.790687205114604,0.0002711354309165,0.0029110481401863,30.72,,329.78,,2025-04-12T12:35:31.905547+00:00
172,8,2686938e1718e205bddd0b99accdf151a8887f4323793714af6fe3f04b1b132d,ground_floor,Conservatory,segment,"12'6"" x 9'3""",3.80m x 2.83m,2.0,2.0,3.0,7.0,616.0,110.0,845.0,282.0,10.754,115.625,39388.0,38443.0,0.9760079211942724,0.0002730273179648,0.0029355387427642,10.5,,112.85,,2025-04-12T12:35:31.905547+00:00
172,8,2686938e1718e205bddd0b99accdf151a8887f4323793714af6fe3f04b1b132d,ground_floor,Kitchen,segment,"14'2"" x 9'1""",4.33m x 2.77m,3.0,5.0,3.0,7.0,270.0,293.0,438.0,515.0,11.9941,128.68055555555557,37296.0,32496.5,0.8713132775632776,0.0003215921278421,0.0034502508460841,10.45,,112.12,,2025-04-12T12:35:31.905547+00:00
172,8,2686938e1718e205bddd0b99accdf151a8887f4323793714af6fe3f04b1b132d,ground_floor,Living/Dining Room,segment,"21'9"" x 17'10""",6.63m x 5.43m,4.0,4.0,5.0,14.0,443.0,293.0,846.0,654.0,36.000899999999994,387.875,145483.0,113435.5,0.77971653045373,0.000247457778572,0.0026661190654578,28.07,,302.43,,2025-04-12T12:35:31.905547+00:00
172,8,2686938e1718e205bddd0b99accdf151a8887f4323793714af6fe3f04b1b132d,ground_floor,Kitchen,segment,14'2 x 9'1,4.33 x 2.77m,5.0,3.0,1.0,5.0,209.0,293.0,264.0,636.0,11.9941,128.68055555555557,18865.0,18251.0,0.9674529552080572,0.0006357858468062,0.0068211267190859,11.6,,124.49,,2025-04-12T12:35:31.905547+00:00
172,8,2686938e1718e205bddd0b99accdf151a8887f4323793714af6fe3f04b1b132d,ground_floor,St (AI),not segment,,,6.0,,,0.0,,,,,,,,,,0.0,0.0,0.0,,0.0,,2025-04-12T12:35:31.905547+00:00
172,8,2686938e1718e205bddd0b99accdf151a8887f4323793714af6fe3f04b1b132d,ground_floor,St (AI),not segment,,,7.0,,,0.0,,,,,,,,,,0.0,0.0,0.0,,0.0,,2025-04-12T12:35:31.905547+00:00
172,8,2686938e1718e205bddd0b99accdf151a8887f4323793714af6fe3f04b1b132d,ground_floor,St (AI),segment,,,8.0,0.0,0.0,4.0,414.0,293.0,438.0,445.0,,,3648.0,3430.0,0.9402412280701754,0.0,0.0,0.0,,0.0,,2025-04-12T12:35:31.905547+00:00
172,8,2686938e1718e205bddd0b99accdf151a8887f4323793714af6fe3f04b1b132d,ground_floor,St (AI),not segment,,,9.0,,,0.0,,,,,,,,,,0.0,0.0,0.0,,0.0,,2025-04-12T12:35:31.905547+00:00
172,8,2686938e1718e205bddd0b99accdf151a8887f4323793714af6fe3f04b1b132d,ground_floor,Living/Dining Room,segment,,,10.0,6.0,1.0,7.0,443.0,463.0,583.0,637.0,,,24360.0,17974.5,0.7378694581280788,0.0,0.0,0.0,,0.0,,2025-04-12T12:35:31.905547+00:00
172,8,2686938e1718e205bddd0b99accdf151a8887f4323793714af6fe3f04b1b132d,ground_floor,Kitchen,segment,,,11.0,1.0,0.0,6.0,270.0,519.0,321.0,555.0,,,1836.0,1766.5,0.9621459694989106,0.0,0.0,0.0,,0.0,,2025-04-12T12:35:31.905547+00:00
172,8,2686938e1718e205bddd0b99accdf151a8887f4323793714af6fe3f04b1b132d,ground_floor,Kitchen,segment,14'2 x 9'1,4.33 x 2.77m,12.0,1.0,0.0,5.0,325.0,519.0,382.0,556.0,11.9941,128.68055555555557,2109.0,1787.0,0.847321005215742,0.005687102892366,0.0610149623307518,10.16,,109.03,,2025-04-12T12:35:31.905547+00:00
172,8,2686938e1718e205bddd0b99accdf151a8887f4323793714af6fe3f04b1b132d,ground_floor,St,segment,,,13.0,2.0,0.0,4.0,387.0,520.0,438.0,555.0,,,1785.0,1635.0,0.9159663865546218,0.0,0.0,0.0,,0.0,,2025-04-12T12:35:31.905547+00:00
172,8,2686938e1718e205bddd0b99accdf151a8887f4323793714af6fe3f04b1b132d,ground_floor,St (AI),segment,,,14.0,1.0,0.0,4.0,270.0,561.0,305.0,636.0,,,2625.0,2287.5,0.8714285714285714,0.0,0.0,0.0,,0.0,,2025-04-12T12:35:31.905547+00:00
172,8,2686938e1718e205bddd0b99accdf151a8887f4323793714af6fe3f04b1b132d,ground_floor,St (AI),segment,,,15.0,3.0,0.0,5.0,311.0,561.0,435.0,637.0,,,9424.0,9189.0,0.9750636672325976,0.0,0.0,0.0,,0.0,,2025-04-12T12:35:31.905547+00:00
172,8,2686938e1718e205bddd0b99accdf151a8887f4323793714af6fe3f04b1b132d,ground_floor,St (AI),not segment,,,16.0,,,0.0,,,,,,,,,,0.0,0.0,0.0,,0.0,,2025-04-12T12:35:31.905547+00:00
172,8,2686938e1718e205bddd0b99accdf151a8887f4323793714af6fe3f04b1b132d,ground_floor,St (AI),segment,,,17.0,2.0,1.0,7.0,442.0,642.0,583.0,733.0,,,12831.0,9611.0,0.7490452809601745,0.0,0.0,0.0,,0.0,,2025-04-12T12:35:31.905547+00:00
172,8,2686938e1718e205bddd0b99accdf151a8887f4323793714af6fe3f04b1b132d,ground_floor,St (AI),not segment,,,18.0,,,0.0,,,,,,,,,,0.0,0.0,0.0,,0.0,,2025-04-12T12:35:31.905547+00:00
172,8,2686938e1718e205bddd0b99accdf151a8887f4323793714af6fe3f04b1b132d,ground_floor,WC (AI),segment,,,19.0,1.0,0.0,4.0,535.0,642.0,582.0,682.0,,,1880.0,1668.5,0.8875,0.0,0.0,0.0,,0.0,,2025-04-12T12:35:31.905547+00:00
172,8,2686938e1718e205bddd0b99accdf151a8887f4323793714af6fe3f04b1b132d,ground_floor,stairs,object,,,,,,4.0,533.0,527.0,583.0,638.0,,,5550.0,5470.0,0.9855855855855856,0.0,0.0,0.0,,0.0,,2025-04-12T12:35:31.905547+00:00
172,8,2686938e1718e205bddd0b99accdf151a8887f4323793714af6fe3f04b1b132d,,,,,,,,,,,,,,,,,,,,,,,,,2025-04-12T12:35:31.905547+00:00
172,8,2686938e1718e205bddd0b99accdf151a8887f4323793714af6fe3f04b1b132d,first_floor,Bedroom 2,segment,"13'0"" x 9'7""",3.96m x 2.92m,1.0,2.0,1.0,6.0,34.0,34.0,265.0,212.0,11.5632,124.58333333333334,41118.0,36956.5,0.8987912836227443,0.0002812199036918,0.003029897692819,10.39,,111.97,,2025-04-12T12:35:31.905547+00:00
172,8,2686938e1718e205bddd0b99accdf151a8887f4323793714af6fe3f04b1b132d,first_floor,Bedroom 4,segment,"9'7"" x 6'3""",2.92m x 1.91m,2.0,3.0,1.0,4.0,270.0,34.0,386.0,210.0,5.5772,59.895833333333336,20416.0,20240.0,0.9913793103448276,0.0002731778996865,0.0029337692659352,5.53,,59.38,,2025-04-12T12:35:31.905547+00:00
172,8,2686938e1718e205bddd0b99accdf151a8887f4323793714af6fe3f04b1b132d,first_floor,Bedroom 1,segment,"18'9"" x 9'11""",5.72m x 3.03m,3.0,6.0,1.0,8.0,427.0,34.0,610.0,264.0,17.331599999999998,185.9375,42090.0,38506.0,0.9148491328106438,0.0004117747683535,0.0044176170111665,15.86,,170.1,,2025-04-12T12:35:31.905547+00:00
172,8,2686938e1718e205bddd0b99accdf151a8887f4323793714af6fe3f04b1b132d,first_floor,Bedroom 3,segment,"9'7"" x 8'11""",2.93m x 2.71m,4.0,1.0,1.0,7.0,34.0,216.0,211.0,377.0,7.940300000000001,85.45138888888889,28497.0,24939.5,0.8751622977857318,0.0002786363476857,0.0029986099901354,6.95,,74.78,,2025-04-12T12:35:31.905547+00:00
172,8,2686938e1718e205bddd0b99accdf151a8887f4323793714af6fe3f04b1b132d,first_floor,Storage (AI),segment,,,5.0,1.0,0.0,4.0,229.0,34.0,265.0,118.0,,,3024.0,2964.5,0.980324074074074,0.0,0.0,0.0,,0.0,,2025-04-12T12:35:31.905547+00:00
172,8,2686938e1718e205bddd0b99accdf151a8887f4323793714af6fe3f04b1b132d,first_floor,St,segment,,,6.0,1.0,0.0,4.0,392.0,34.0,422.0,77.0,,,1290.0,949.5,0.736046511627907,0.0,0.0,0.0,,0.0,,2025-04-12T12:35:31.905547+00:00
172,8,2686938e1718e205bddd0b99accdf151a8887f4323793714af6fe3f04b1b132d,first_floor,St (AI),segment,,,7.0,1.0,1.0,5.0,575.0,34.0,610.0,70.0,,,1260.0,1191.5,0.9456349206349206,0.0,0.0,0.0,,0.0,,2025-04-12T12:35:31.905547+00:00
172,8,2686938e1718e205bddd0b99accdf151a8887f4323793714af6fe3f04b1b132d,first_floor,St,segment,,,8.0,1.0,0.0,4.0,392.0,83.0,422.0,161.0,,,2340.0,2098.0,0.8965811965811966,0.0,0.0,0.0,,0.0,,2025-04-12T12:35:31.905547+00:00
172,8,2686938e1718e205bddd0b99accdf151a8887f4323793714af6fe3f04b1b132d,first_floor,St (AI),segment,,,9.0,1.0,0.0,5.0,391.0,166.0,421.0,211.0,,,1350.0,1011.0,0.7488888888888889,0.0,0.0,0.0,,0.0,,2025-04-12T12:35:31.905547+00:00
172,8,2686938e1718e205bddd0b99accdf151a8887f4323793714af6fe3f04b1b132d,first_floor,St (AI),segment,,,10.0,0.0,0.0,4.0,157.0,216.0,212.0,252.0,,,1980.0,1935.0,0.9772727272727272,0.0,0.0,0.0,,0.0,,2025-04-12T12:35:31.905547+00:00
172,8,2686938e1718e205bddd0b99accdf151a8887f4323793714af6fe3f04b1b132d,first_floor,Hallway (AI),segment,,,11.0,7.0,1.0,11.0,216.0,216.0,422.0,471.0,,,52530.0,19026.5,0.3622025509232819,0.0,0.0,0.0,,0.0,,2025-04-12T12:35:31.905547+00:00
172,8,2686938e1718e205bddd0b99accdf151a8887f4323793714af6fe3f04b1b132d,first_floor,St (AI),segment,,,12.0,1.0,0.0,4.0,574.0,228.0,610.0,264.0,,,1296.0,1243.0,0.9591049382716048,0.0,0.0,0.0,,0.0,,2025-04-12T12:35:31.905547+00:00
172,8,2686938e1718e205bddd0b99accdf151a8887f4323793714af6fe3f04b1b132d,first_floor,Bathroom (AI),segment,,,13.0,1.0,0.0,5.0,338.0,269.0,453.0,377.0,,,12420.0,12242.0,0.9856682769726248,0.0,0.0,0.0,,0.0,,2025-04-12T12:35:31.905547+00:00
172,8,2686938e1718e205bddd0b99accdf151a8887f4323793714af6fe3f04b1b132d,first_floor,Bedroom 1,segment,,,14.0,2.0,1.0,7.0,459.0,268.0,610.0,377.0,,,16459.0,14389.5,0.8742633209794034,0.0,0.0,0.0,,0.0,,2025-04-12T12:35:31.905547+00:00
172,8,2686938e1718e205bddd0b99accdf151a8887f4323793714af6fe3f04b1b132d,first_floor,St (AI),segment,,,15.0,1.0,0.0,4.0,575.0,270.0,610.0,305.0,,,1225.0,1225.0,1.0,0.0,0.0,0.0,,0.0,,2025-04-12T12:35:31.905547+00:00
172,8,2686938e1718e205bddd0b99accdf151a8887f4323793714af6fe3f04b1b132d,first_floor,Stairwell (AI),segment,,,16.0,2.0,1.0,4.0,154.0,375.0,211.0,473.0,,,5586.0,5460.5,0.977533118510562,0.0,0.0,0.0,,0.0,,2025-04-12T12:35:31.905547+00:00
172,8,2686938e1718e205bddd0b99accdf151a8887f4323793714af6fe3f04b1b132d,first_floor,Bedroom 3,segment,,,17.0,1.0,0.0,4.0,48.0,383.0,148.0,473.0,,,9000.0,8861.0,0.9845555555555556,0.0,0.0,0.0,,0.0,,2025-04-12T12:35:31.905547+00:00
172,8,2686938e1718e205bddd0b99accdf151a8887f4323793714af6fe3f04b1b132d,first_floor,stairs,object,,,,,1.0,4.0,278.0,304.0,330.0,474.0,,,8840.0,8560.5,0.9683823529411764,0.0,0.0,0.0,,0.0,,2025-04-12T12:35:31.905547+00:00
172,8,2686938e1718e205bddd0b99accdf151a8887f4323793714af6fe3f04b1b132d,first_floor,stairs,object,,,,,,4.0,220.0,397.0,328.0,470.0,,,7884.0,7884.0,1.0,0.0,0.0,0.0,,0.0,,2025-04-12T12:35:31.905547+00:00
172,8,2686938e1718e205bddd0b99accdf151a8887f4323793714af6fe3f04b1b132d,,,,,,,,,,,,,,,,,,,,,,,,,2025-04-12T12:35:31.905547+00:00
171,8,9714c4c577f4bd064e2c257895705efcd890070845270dfccca96752681c9972,shed,Shed,segment,"10'6"" x 8'4""",3.20m x 2.54m,1.0,0.0,0.0,5.0,80.0,214.0,260.0,358.0,8.128,87.5,25920.0,25456.0,0.9820987654320988,0.0003135802469135,0.0033757716049382,7.98,,85.93,,2025-04-12T12:35:31.905568+00:00
171,8,9714c4c577f4bd064e2c257895705efcd890070845270dfccca96752681c9972,,,,,,,,,,,,,,,,,,,,,,,,,2025-04-12T12:35:31.905568+00:00
171,8,9714c4c577f4bd064e2c257895705efcd890070845270dfccca96752681c9972,first_floor,Bedroom 3,segment,"7'11"" x 7'7""",2.41m x 2.31m,1.0,2.0,1.0,5.0,51.0,51.0,178.0,186.0,5.567100000000001,60.03472222222222,17145.0,16806.5,0.9802566345873432,0.000324706911636,0.0035015877644924,5.46,,58.85,,2025-04-12T12:35:31.905568+00:00
171,8,9714c4c577f4bd064e2c257895705efcd890070845270dfccca96752681c9972,first_floor,Bedroom 1,segment,,,2.0,3.0,1.0,7.0,244.0,51.0,477.0,228.0,,,41241.0,35929.5,0.8712082636211537,0.0,0.0,0.0,,0.0,,2025-04-12T12:35:31.905568+00:00
171,8,9714c4c577f4bd064e2c257895705efcd890070845270dfccca96752681c9972,first_floor,Bedroom 2,segment,,,3.0,2.0,1.0,10.0,246.0,238.0,477.0,397.0,,,36729.0,35589.5,0.9689754689754688,0.0,0.0,0.0,,0.0,,2025-04-12T12:35:31.905568+00:00
171,8,9714c4c577f4bd064e2c257895705efcd890070845270dfccca96752681c9972,first_floor,Bathroom (AI),segment,,,4.0,1.0,1.0,8.0,189.0,51.0,275.0,170.0,,,10234.0,7859.0,0.7679304279851475,0.0,0.0,0.0,,0.0,,2025-04-12T12:35:31.905568+00:00
171,8,9714c4c577f4bd064e2c257895705efcd890070845270dfccca96752681c9972,first_floor,Toilet (AI),segment,,,5.0,1.0,0.0,5.0,239.0,128.0,274.0,171.0,,,1505.0,1331.5,0.8847176079734219,0.0,0.0,0.0,,0.0,,2025-04-12T12:35:31.905568+00:00
171,8,9714c4c577f4bd064e2c257895705efcd890070845270dfccca96752681c9972,first_floor,Down,segment,,,6.0,5.0,0.0,7.0,136.0,180.0,236.0,319.0,,,13900.0,12811.0,0.9216546762589928,0.0,0.0,0.0,,0.0,,2025-04-12T12:35:31.905568+00:00
171,8,9714c4c577f4bd064e2c257895705efcd890070845270dfccca96752681c9972,first_floor,Storage Room (AI),segment,,,7.0,1.0,0.0,4.0,51.0,190.0,99.0,216.0,,,1248.0,1248.0,1.0,0.0,0.0,0.0,,0.0,,2025-04-12T12:35:31.905568+00:00
171,8,9714c4c577f4bd064e2c257895705efcd890070845270dfccca96752681c9972,first_floor,Storage (AI),segment,,,8.0,1.0,0.0,4.0,108.0,194.0,127.0,254.0,,,1140.0,1101.0,0.9657894736842104,0.0,0.0,0.0,,0.0,,2025-04-12T12:35:31.905568+00:00
171,8,9714c4c577f4bd064e2c257895705efcd890070845270dfccca96752681c9972,first_floor,Bathroom (AI),segment,,,9.0,1.0,1.0,6.0,51.0,233.0,126.0,397.0,,,12300.0,11581.0,0.9415447154471543,0.0,0.0,0.0,,0.0,,2025-04-12T12:35:31.905568+00:00
171,8,9714c4c577f4bd064e2c257895705efcd890070845270dfccca96752681c9972,first_floor,stairs,object,,,,,1.0,4.0,134.0,320.0,238.0,398.0,,,8112.0,8073.0,0.9951923076923076,0.0,0.0,0.0,,0.0,,2025-04-12T12:35:31.905568+00:00
171,8,9714c4c577f4bd064e2c257895705efcd890070845270dfccca96752681c9972,,,,,,,,,,,,,,,,,,,,,,,,,2025-04-12T12:35:31.905568+00:00
173,8,23d66fcecd36accc0192df3a39ce924fda1a293f3f2e543f11ca4283609d3d9a,ground_floor,Dining/Family Room,segment,"11'2"" x 22'8""",3.40m x 6.90m,1.0,2.0,3.0,8.0,56.0,120.0,890.0,534.0,23.46,253.11111111111111,345276.0,320347.0,0.927799789154184,6.794564348521184e-05,0.0007330689393734,21.77,,234.84,,2025-04-12T12:35:31.905610+00:00
173,8,23d66fcecd36accc0192df3a39ce924fda1a293f3f2e543f11ca4283609d3d9a,ground_floor,Living Room,segment,"16'1"" x 12'10""",4.90m x 3.90m,2.0,4.0,1.0,10.0,420.0,472.0,889.0,1075.0,19.11,206.40277777777777,282807.0,265346.5,0.938260014780398,6.757258483700898e-05,0.0007298361701718,17.93,,193.66,,2025-04-12T12:35:31.905610+00:00
173,8,23d66fcecd36accc0192df3a39ce924fda1a293f3f2e543f11ca4283609d3d9a,ground_floor,Kitchen/Breakfast Room,segment,"13'5"" x 9'6""",4.10m x 2.90m,3.0,2.0,1.0,12.0,55.0,666.0,405.0,1161.0,11.89,127.45833333333331,173250.0,153598.5,0.8865714285714286,6.862914862914862e-05,0.0007356902356902,10.54,,113.0,,2025-04-12T12:35:31.905610+00:00
173,8,23d66fcecd36accc0192df3a39ce924fda1a293f3f2e543f11ca4283609d3d9a,ground_floor,Utility Room (AI),segment,,,4.0,1.0,0.0,5.0,236.0,666.0,408.0,751.0,,,14620.0,14010.5,0.958310533515732,0.0,0.0,0.0,,0.0,,2025-04-12T12:35:31.905610+00:00
173,8,23d66fcecd36accc0192df3a39ce924fda1a293f3f2e543f11ca4283609d3d9a,ground_floor,stairs,object,,,,,,4.0,52.0,543.0,408.0,653.0,,,39160.0,38750.0,0.9895301327885596,0.0,0.0,0.0,,0.0,,2025-04-12T12:35:31.905610+00:00
173,8,23d66fcecd36accc0192df3a39ce924fda1a293f3f2e543f11ca4283609d3d9a,ground_floor,stairs,object,,,,,,4.0,56.0,545.0,162.0,653.0,,,11448.0,11289.0,0.9861111111111112,0.0,0.0,0.0,,0.0,,2025-04-12T12:35:31.905610+00:00
173,8,23d66fcecd36accc0192df3a39ce924fda1a293f3f2e543f11ca4283609d3d9a,,,,,,,,,,,,,,,,,,,,,,,,,2025-04-12T12:35:31.905610+00:00
173,8,23d66fcecd36accc0192df3a39ce924fda1a293f3f2e543f11ca4283609d3d9a,first_floor,Bedroom,segment,"7'5"" x 8'2""",2.25m x 2.50m,1.0,1.0,1.0,6.0,52.0,54.0,342.0,330.0,5.625,60.56944444444444,80040.0,71771.5,0.8966954022988506,7.027736131934032e-05,0.0007567396857126,5.04,,54.31,,2025-04-12T12:35:31.905610+00:00
173,8,23d66fcecd36accc0192df3a39ce924fda1a293f3f2e543f11ca4283609d3d9a,first_floor,Bedroom,segment,,,2.0,1.0,1.0,7.0,535.0,54.0,886.0,459.0,,,142155.0,121357.5,0.8536984277725018,0.0,0.0,0.0,,0.0,,2025-04-12T12:35:31.905610+00:00
173,8,23d66fcecd36accc0192df3a39ce924fda1a293f3f2e543f11ca4283609d3d9a,first_floor,Bedroom,segment,"14'3"" x 9'6""",4.35m x 2.90m,3.0,1.0,1.0,4.0,536.0,473.0,886.0,999.0,12.614999999999998,135.375,184100.0,180708.5,0.9815779467680608,6.852254209668657e-05,0.0007353340575774,12.38,,132.88,,2025-04-12T12:35:31.905610+00:00
173,8,23d66fcecd36accc0192df3a39ce924fda1a293f3f2e543f11ca4283609d3d9a,first_floor,Bedroom,segment,"13'5"" x 12'9""",4.10m x 3.90m,4.0,3.0,1.0,12.0,53.0,598.0,523.0,1093.0,15.989999999999998,171.0625,232650.0,165584.5,0.711732215774769,6.872985170857511e-05,0.0007352783150655,11.38,,121.75,,2025-04-12T12:35:31.905610+00:00
173,8,23d66fcecd36accc0192df3a39ce924fda1a293f3f2e543f11ca4283609d3d9a,first_floor,Unknown (AI),segment,,,5.0,1.0,1.0,7.0,356.0,55.0,583.0,326.0,,,61517.0,58872.5,0.9570118828941592,0.0,0.0,0.0,,0.0,,2025-04-12T12:35:31.905610+00:00
173,8,23d66fcecd36accc0192df3a39ce924fda1a293f3f2e543f11ca4283609d3d9a,first_floor,Bathroom (AI),segment,,,6.0,1.0,0.0,5.0,284.0,254.0,366.0,335.0,,,6642.0,6400.5,0.9636404697380307,0.0,0.0,0.0,,0.0,,2025-04-12T12:35:31.905610+00:00
173,8,23d66fcecd36accc0192df3a39ce924fda1a293f3f2e543f11ca4283609d3d9a,first_floor,Hallway (AI),segment,,,7.0,6.0,1.0,9.0,52.0,340.0,523.0,586.0,,,115866.0,79896.0,0.6895551758065351,0.0,0.0,0.0,,0.0,,2025-04-12T12:35:31.905610+00:00
173,8,23d66fcecd36accc0192df3a39ce924fda1a293f3f2e543f11ca4283609d3d9a,first_floor,Bathroom (AI),segment,,,8.0,1.0,1.0,6.0,53.0,599.0,365.0,708.0,,,34008.0,32490.5,0.9553781463185133,0.0,0.0,0.0,,0.0,,2025-04-12T12:35:31.905610+00:00
173,8,23d66fcecd36accc0192df3a39ce924fda1a293f3f2e543f11ca4283609d3d9a,first_floor,Hallway (AI),segment,,,9.0,1.0,0.0,6.0,463.0,815.0,523.0,999.0,,,11040.0,10694.5,0.9687047101449276,0.0,0.0,0.0,,0.0,,2025-04-12T12:35:31.905610+00:00
173,8,23d66fcecd36accc0192df3a39ce924fda1a293f3f2e543f11ca4283609d3d9a,first_floor,stairs,object,,,,,1.0,4.0,51.0,476.0,334.0,585.0,,,30847.0,30705.5,0.9954128440366972,0.0,0.0,0.0,,0.0,,2025-04-12T12:35:31.905610+00:00
173,8,23d66fcecd36accc0192df3a39ce924fda1a293f3f2e543f11ca4283609d3d9a,first_floor,stairs,object,,,,,1.0,4.0,48.0,440.0,161.0,586.0,,,16498.0,16185.5,0.9810583100981938,0.0,0.0,0.0,,0.0,,2025-04-12T12:35:31.905610+00:00
173,8,23d66fcecd36accc0192df3a39ce924fda1a293f3f2e543f11ca4283609d3d9a,,,,,,,,,,,,,,,,,,,,,,,,,2025-04-12T12:35:31.905610+00:00
175,8,3c9030a594387a44aecce371e2b1542ac95dd78f387cb7b3f0d8ad15751620bb,ground_floor,Bedroom1,segment,"20'0"" x 13'0""",6.10m x 3.90m,1.0,4.0,3.0,13.0,262.0,39.0,718.0,213.0,23.79,260.0,79344.0,72284.5,0.9110266686832024,0.0002998336358136,0.0032768703367614,21.67,,236.87,,2025-04-12T12:35:31.905631+00:00
175,8,3c9030a594387a44aecce371e2b1542ac95dd78f387cb7b3f0d8ad15751620bb,ground_floor,Bedroom2,not segment,"12'0"" x 11'0""",3.70m x 3.40m,2.0,,,0.0,,,,,,,,,,0.0,0.0,0.0,,0.0,,2025-04-12T12:35:31.905631+00:00
175,8,3c9030a594387a44aecce371e2b1542ac95dd78f387cb7b3f0d8ad15751620bb,ground_floor,Bar,segment,"23'6"" x 15'5""",7.10m x 4.70m,3.0,2.0,4.0,8.0,975.0,58.0,1238.0,232.0,33.37,362.2916666666666,45762.0,34584.5,0.7557471264367817,0.0007292076395262,0.0079168669784246,25.22,,273.8,,2025-04-12T12:35:31.905631+00:00
175,8,3c9030a594387a44aecce371e2b1542ac95dd78f387cb7b3f0d8ad15751620bb,ground_floor,Bedroom3,segment,"12'0"" x 9'0""",3.70m x 2.70m,4.0,8.0,3.0,21.0,207.0,175.0,719.0,359.0,9.990000000000002,108.0,94208.0,69892.0,0.7418902853260869,0.0001060419497282,0.0011463994565217,7.41,,80.12,,2025-04-12T12:35:31.905631+00:00
175,8,3c9030a594387a44aecce371e2b1542ac95dd78f387cb7b3f0d8ad15751620bb,ground_floor,Bedroom4,segment,"15'5"" x 13'7""",4.70m x 4.10m,5.0,2.0,0.0,17.0,792.0,330.0,1305.0,528.0,19.27,209.40972222222223,101574.0,88903.0,0.8752535097564337,0.0001897139031641,0.0020616469000159,16.87,,183.29,,2025-04-12T12:35:31.905631+00:00
175,8,3c9030a594387a44aecce371e2b1542ac95dd78f387cb7b3f0d8ad15751620bb,ground_floor,Bedroom5,not segment,"13'7"" x 12'3""",4.10m x 3.70m,6.0,,,0.0,,,,,,,,,,0.0,0.0,0.0,,0.0,,2025-04-12T12:35:31.905631+00:00
175,8,3c9030a594387a44aecce371e2b1542ac95dd78f387cb7b3f0d8ad15751620bb,ground_floor,Reception Room/Kitchen,segment,"31'6"" x 15'5""",9.60m x 4.70m,7.0,6.0,4.0,12.0,208.0,354.0,718.0,713.0,45.12,485.625,183090.0,110223.5,0.6020181331585559,0.0002464361789283,0.0026523840734065,27.16,,292.36,,2025-04-12T12:35:31.905631+00:00
175,8,3c9030a594387a44aecce371e2b1542ac95dd78f387cb7b3f0d8ad15751620bb,ground_floor,Utility,segment,,,8.0,2.0,1.0,6.0,102.0,363.0,193.0,443.0,,,7280.0,6184.0,0.8494505494505494,0.0,0.0,0.0,,0.0,,2025-04-12T12:35:31.905631+00:00
175,8,3c9030a594387a44aecce371e2b1542ac95dd78f387cb7b3f0d8ad15751620bb,ground_floor,Dining Room,segment,"14'6"" x 10'3""",4.40m x 3.10m,9.0,1.0,1.0,4.0,44.0,505.0,195.0,713.0,13.640000000000002,148.625,31408.0,25649.0,0.8166390728476821,0.0004342842587875,0.0047320746306673,11.14,,121.37,,2025-04-12T12:35:31.905631+00:00
175,8,3c9030a594387a44aecce371e2b1542ac95dd78f387cb7b3f0d8ad15751620bb,ground_floor,Bar,segment,23'8 x 15'3,,10.0,1.0,2.0,8.0,845.0,46.0,964.0,186.0,,,16660.0,12227.5,0.7339435774309724,0.0,0.0,0.0,,0.0,,2025-04-12T12:35:31.905631+00:00
175,8,3c9030a594387a44aecce371e2b1542ac95dd78f387cb7b3f0d8ad15751620bb,ground_floor,Bar,segment,"7'10"" x 6'7""",2.38 x 1.95,11.0,0.0,0.0,6.0,1043.0,49.0,1085.0,88.0,4.641,51.56944444444444,1638.0,1225.5,0.7481684981684982,0.0028333333333333,0.0314831773165106,3.47,,38.58,,2025-04-12T12:35:31.905631+00:00
175,8,3c9030a594387a44aecce371e2b1542ac95dd78f387cb7b3f0d8ad15751620bb,ground_floor,Bar,segment,"7'8"" x 4'9""",2.33 x 1.45,12.0,2.0,1.0,4.0,975.0,58.0,1032.0,92.0,3.3785,36.41666666666667,1938.0,1849.0,0.9540763673890608,0.0017432920536635,0.0187908496732026,3.22,,34.74,,2025-04-12T12:35:31.905631+00:00
175,8,3c9030a594387a44aecce371e2b1542ac95dd78f387cb7b3f0d8ad15751620bb,ground_floor,Dining Room,segment,,,13.0,1.0,0.0,4.0,88.0,449.0,195.0,500.0,,,5457.0,5056.0,0.9265164009529046,0.0,0.0,0.0,,0.0,,2025-04-12T12:35:31.905631+00:00
175,8,3c9030a594387a44aecce371e2b1542ac95dd78f387cb7b3f0d8ad15751620bb,ground_floor,stairs,object,,,,,,4.0,1080.0,414.0,1127.0,527.0,,,5311.0,5153.0,0.9702504236490304,0.0,0.0,0.0,,0.0,,2025-04-12T12:35:31.905631+00:00
175,8,3c9030a594387a44aecce371e2b1542ac95dd78f387cb7b3f0d8ad15751620bb,ground_floor,stairs,object,,,,,,4.0,492.0,276.0,540.0,349.0,,,3504.0,3444.0,0.9828767123287672,0.0,0.0,0.0,,0.0,,2025-04-12T12:35:31.905631+00:00
175,8,3c9030a594387a44aecce371e2b1542ac95dd78f387cb7b3f0d8ad15751620bb,,,,,,,,,,,,,,,,,,,,,,,,,2025-04-12T12:35:31.905631+00:00
175,8,3c9030a594387a44aecce371e2b1542ac95dd78f387cb7b3f0d8ad15751620bb,annexe,Bedroom,segment,"12'0"" x 12'0""",3.70m x 3.70m,1.0,0.0,1.0,5.0,33.0,33.0,206.0,207.0,13.69,144.0,30102.0,30027.5,0.9975250813899408,0.0004547870573383,0.00478373529998,13.66,,143.64,,2025-04-12T12:35:31.905631+00:00
175,8,3c9030a594387a44aecce371e2b1542ac95dd78f387cb7b3f0d8ad15751620bb,annexe,Kitchen,segment,,,2.0,2.0,0.0,6.0,33.0,212.0,206.0,349.0,,,23701.0,16283.5,0.6870385215813679,0.0,0.0,0.0,,0.0,,2025-04-12T12:35:31.905631+00:00
175,8,3c9030a594387a44aecce371e2b1542ac95dd78f387cb7b3f0d8ad15751620bb,annexe,Bathroom (AI),segment,,,3.0,1.0,0.0,4.0,104.0,213.0,206.0,275.0,,,6324.0,6324.0,1.0,0.0,0.0,0.0,,0.0,,2025-04-12T12:35:31.905631+00:00
175,8,3c9030a594387a44aecce371e2b1542ac95dd78f387cb7b3f0d8ad15751620bb,,,,,,,,,,,,,,,,,,,,,,,,,2025-04-12T12:35:31.905631+00:00
175,8,3c9030a594387a44aecce371e2b1542ac95dd78f387cb7b3f0d8ad15751620bb,first_floor,Bar,segment,"23'6"" x 15'5""",7.10m x 4.70m,1.0,1.0,3.0,10.0,222.0,59.0,484.0,232.0,33.37,362.2916666666666,45326.0,35221.5,0.7770705555310418,0.0007362220359175,0.0079930209298563,25.93,,281.53,,2025-04-12T12:35:31.905631+00:00
175,8,3c9030a594387a44aecce371e2b1542ac95dd78f387cb7b3f0d8ad15751620bb,first_floor,Restroom (AI),segment,,,2.0,1.0,3.0,8.0,95.0,48.0,211.0,188.0,,,16240.0,11965.0,0.7367610837438424,0.0,0.0,0.0,,0.0,,2025-04-12T12:35:31.905631+00:00
175,8,3c9030a594387a44aecce371e2b1542ac95dd78f387cb7b3f0d8ad15751620bb,first_floor,Bathroom (AI),segment,,,3.0,1.0,1.0,5.0,222.0,59.0,279.0,94.0,,,1995.0,1861.0,0.9328320802005012,0.0,0.0,0.0,,0.0,,2025-04-12T12:35:31.905631+00:00
175,8,3c9030a594387a44aecce371e2b1542ac95dd78f387cb7b3f0d8ad15751620bb,,,,,,,,,,,,,,,,,,,,,,,,,2025-04-12T12:35:31.905631+00:00
175,8,3c9030a594387a44aecce371e2b1542ac95dd78f387cb7b3f0d8ad15751620bb,garage,Garage,segment,"21'0"" x 14'0""",6.40m x 4.30m,1.0,0.0,1.0,6.0,33.0,32.0,234.0,341.0,27.52,294.0,62109.0,59972.5,0.9656007985960168,0.0004430919834484,0.0047336134859682,26.57,,283.89,,2025-04-12T12:35:31.905631+00:00
175,8,3c9030a594387a44aecce371e2b1542ac95dd78f387cb7b3f0d8ad15751620bb,,,,,,,,,,,,,,,,,,,,,,,,,2025-04-12T12:35:31.905631+00:00
179,8,cc8ada72de3ca66ce0b71ab9fbe1f99692719f948b40088eb46c322f798bd5eb,ground_floor,GARDEN,segment,,,1.0,2.0,1.0,41.0,33.0,67.0,422.0,797.0,,,283970.0,241592.5,0.8507676867274712,0.0,0.0,0.0,,0.0,,2025-04-12T12:35:31.905692+00:00
179,8,cc8ada72de3ca66ce0b71ab9fbe1f99692719f948b40088eb46c322f798bd5eb,ground_floor,DINING ROOM,not segment,"14'6"" x 8'10""",4.42m x 2.70m,2.0,,,0.0,,,,,,,,,,0.0,0.0,0.0,,0.0,,2025-04-12T12:35:31.905692+00:00
179,8,cc8ada72de3ca66ce0b71ab9fbe1f99692719f948b40088eb46c322f798bd5eb,ground_floor,KITCHEN/BREAKFAST ROOM,not segment,,,3.0,,,0.0,,,,,,,,,,0.0,0.0,0.0,,0.0,,2025-04-12T12:35:31.905692+00:00
179,8,cc8ada72de3ca66ce0b71ab9fbe1f99692719f948b40088eb46c322f798bd5eb,ground_floor,UTILITY ROOM,segment,,,4.0,2.0,0.0,8.0,205.0,805.0,407.0,962.0,,,31714.0,27327.0,0.8616699249542789,0.0,0.0,0.0,,0.0,,2025-04-12T12:35:31.905692+00:00
179,8,cc8ada72de3ca66ce0b71ab9fbe1f99692719f948b40088eb46c322f798bd5eb,ground_floor,STUDY,segment,"9'6"" x 8'7""",2.89m x 2.62m,5.0,1.0,1.0,6.0,205.0,972.0,400.0,1189.0,7.5718,81.54166666666667,42315.0,41307.5,0.9761904761904762,0.0001789389105518,0.001927015636693,7.39,,79.6,,2025-04-12T12:35:31.905692+00:00
179,8,cc8ada72de3ca66ce0b71ab9fbe1f99692719f948b40088eb46c322f798bd5eb,ground_floor,Utility Room (AI),segment,,,6.0,4.0,0.0,11.0,47.0,807.0,196.0,1129.0,,,47978.0,29584.5,0.6166263704197757,0.0,0.0,0.0,,0.0,,2025-04-12T12:35:31.905692+00:00
179,8,cc8ada72de3ca66ce0b71ab9fbe1f99692719f948b40088eb46c322f798bd5eb,ground_floor,Kitchen/Breakfast Room (AI),not segment,,,7.0,,,0.0,,,,,,,,,,0.0,0.0,0.0,,0.0,,2025-04-12T12:35:31.905692+00:00
179,8,cc8ada72de3ca66ce0b71ab9fbe1f99692719f948b40088eb46c322f798bd5eb,ground_floor,Utility Room,segment,,,8.0,1.0,0.0,5.0,363.0,925.0,407.0,963.0,,,1672.0,1529.0,0.9144736842105264,0.0,0.0,0.0,,0.0,,2025-04-12T12:35:31.905692+00:00
179,8,cc8ada72de3ca66ce0b71ab9fbe1f99692719f948b40088eb46c322f798bd5eb,ground_floor,Unknown (AI),segment,,,9.0,1.0,0.0,4.0,47.0,980.0,105.0,1045.0,,,3770.0,3709.0,0.9838196286472148,0.0,0.0,0.0,,0.0,,2025-04-12T12:35:31.905692+00:00
179,8,cc8ada72de3ca66ce0b71ab9fbe1f99692719f948b40088eb46c322f798bd5eb,ground_floor,Storage (AI),segment,,,10.0,1.0,0.0,5.0,47.0,1070.0,91.0,1138.0,,,2992.0,2818.0,0.9418449197860964,0.0,0.0,0.0,,0.0,,2025-04-12T12:35:31.905692+00:00
179,8,cc8ada72de3ca66ce0b71ab9fbe1f99692719f948b40088eb46c322f798bd5eb,second_floor,BEDROOM,segment,"15'10"" x 8'11""",4.83m x 2.73m,1.0,4.0,2.0,11.0,47.0,46.0,364.0,315.0,13.1859,141.18055555555554,85273.0,59272.5,0.6950910604763524,0.0001546315949948,0.001655630217719,9.17,,98.13,,2025-04-12T12:35:31.905692+00:00
179,8,cc8ada72de3ca66ce0b71ab9fbe1f99692719f948b40088eb46c322f798bd5eb,second_floor,BEDROOM,segment,"16'1"" x 11'9""",4.89m x 3.57m,2.0,2.0,2.0,9.0,47.0,535.0,407.0,806.0,17.457299999999996,188.97916666666663,97560.0,90830.0,0.9310168101681016,0.0001789391143911,0.0019370558288916,16.25,,175.94,,2025-04-12T12:35:31.905692+00:00
179,8,cc8ada72de3ca66ce0b71ab9fbe1f99692719f948b40088eb46c322f798bd5eb,second_floor,Storage (AI),segment,,,3.0,1.0,0.0,5.0,369.0,47.0,407.0,107.0,,,2280.0,2171.5,0.9524122807017544,0.0,0.0,0.0,,0.0,,2025-04-12T12:35:31.905692+00:00
179,8,cc8ada72de3ca66ce0b71ab9fbe1f99692719f948b40088eb46c322f798bd5eb,second_floor,Storage (AI),segment,,,4.0,1.0,0.0,5.0,370.0,114.0,407.0,174.0,,,2220.0,2054.5,0.9254504504504504,0.0,0.0,0.0,,0.0,,2025-04-12T12:35:31.905692+00:00
179,8,cc8ada72de3ca66ce0b71ab9fbe1f99692719f948b40088eb46c322f798bd5eb,second_floor,Storage (AI),segment,,,5.0,1.0,0.0,5.0,273.0,182.0,406.0,316.0,,,17822.0,16903.0,0.9484345191336552,0.0,0.0,0.0,,0.0,,2025-04-12T12:35:31.905692+00:00
179,8,cc8ada72de3ca66ce0b71ab9fbe1f99692719f948b40088eb46c322f798bd5eb,second_floor,Hallway (AI),segment,,,6.0,3.0,0.0,7.0,47.0,258.0,196.0,528.0,,,40230.0,21817.5,0.5423191648023863,0.0,0.0,0.0,,0.0,,2025-04-12T12:35:31.905692+00:00
179,8,cc8ada72de3ca66ce0b71ab9fbe1f99692719f948b40088eb46c322f798bd5eb,second_floor,Bathroom (AI),segment,,,7.0,1.0,0.0,10.0,206.0,325.0,406.0,527.0,,,40400.0,32673.0,0.8087376237623762,0.0,0.0,0.0,,0.0,,2025-04-12T12:35:31.905692+00:00
179,8,cc8ada72de3ca66ce0b71ab9fbe1f99692719f948b40088eb46c322f798bd5eb,second_floor,Bathroom (AI),segment,,,8.0,1.0,0.0,6.0,303.0,483.0,407.0,529.0,,,4784.0,4317.5,0.90248745819398,0.0,0.0,0.0,,0.0,,2025-04-12T12:35:31.905692+00:00
179,8,cc8ada72de3ca66ce0b71ab9fbe1f99692719f948b40088eb46c322f798bd5eb,second_floor,Closet (AI),segment,,,9.0,0.0,0.0,5.0,48.0,536.0,121.0,594.0,,,4234.0,4132.5,0.976027397260274,0.0,0.0,0.0,,0.0,,2025-04-12T12:35:31.905692+00:00
179,8,cc8ada72de3ca66ce0b71ab9fbe1f99692719f948b40088eb46c322f798bd5eb,third_floor,EAVES STORAGE,segment,,,1.0,1.0,0.0,4.0,47.0,46.0,407.0,174.0,,,46080.0,45720.0,0.9921875,0.0,0.0,0.0,,0.0,,2025-04-12T12:35:31.905692+00:00
179,8,cc8ada72de3ca66ce0b71ab9fbe1f99692719f948b40088eb46c322f798bd5eb,third_floor,BEDROOM,segment,"15'11"" x 9'10""",4.84m x 3.00m,2.0,2.0,0.0,10.0,47.0,181.0,406.0,407.0,14.52,156.51388888888889,81134.0,67916.0,0.8370843296275298,0.0001789631966869,0.0019290789174561,12.15,,131.02,,2025-04-12T12:35:31.905692+00:00
179,8,cc8ada72de3ca66ce0b71ab9fbe1f99692719f948b40088eb46c322f798bd5eb,third_floor,BEDROOM,segment,"15'3"" x 9'9""",4.66m x 2.97m,3.0,3.0,0.0,21.0,47.0,324.0,406.0,641.0,13.8402,148.6875,113803.0,87292.5,0.7670491990545065,0.0001216154231435,0.0013065340983981,10.62,,114.05,,2025-04-12T12:35:31.905692+00:00
179,8,cc8ada72de3ca66ce0b71ab9fbe1f99692719f948b40088eb46c322f798bd5eb,third_floor,EAVES STORAGE,segment,,,4.0,1.0,0.0,5.0,47.0,648.0,407.0,769.0,,,43560.0,42824.5,0.983115243342516,0.0,0.0,0.0,,0.0,,2025-04-12T12:35:31.905692+00:00
179,8,cc8ada72de3ca66ce0b71ab9fbe1f99692719f948b40088eb46c322f798bd5eb,first_floor,BEDROOM,segment,"15'9"" x 8'9""",4.81m x 2.67m,1.0,1.0,2.0,8.0,48.0,46.0,407.0,250.0,12.8427,137.8125,73236.0,72387.0,0.9884073406521384,0.0001753604784532,0.0018817589709978,12.69,,136.21,,2025-04-12T12:35:31.905692+00:00
179,8,cc8ada72de3ca66ce0b71ab9fbe1f99692719f948b40088eb46c322f798bd5eb,first_floor,RECEPTION ROOM,segment,,,2.0,1.0,3.0,13.0,48.0,257.0,407.0,827.0,,,204630.0,152178.5,0.7436763915359429,0.0,0.0,0.0,,0.0,,2025-04-12T12:35:31.905692+00:00
179,8,cc8ada72de3ca66ce0b71ab9fbe1f99692719f948b40088eb46c322f798bd5eb,first_floor,Hallway (AI),segment,,,3.0,2.0,0.0,7.0,120.0,258.0,196.0,527.0,,,20444.0,17060.5,0.8344991195460771,0.0,0.0,0.0,,0.0,,2025-04-12T12:35:31.905692+00:00
182,8,7b75c6b7651f3e9bcc9f3d08d32722d21bbacebc0a940266a4c7b4048ed4d13f,ground_floor,Garden Room,segment,,,1.0,0.0,3.0,6.0,72.0,67.0,358.0,410.0,,,98098.0,96724.0,0.9859935982384962,0.0,0.0,0.0,,0.0,,2025-04-12T12:35:31.905736+00:00
182,8,7b75c6b7651f3e9bcc9f3d08d32722d21bbacebc0a940266a4c7b4048ed4d13f,ground_floor,Kitchen/Dining Room,segment,"14'11"" x 22'4""",4.54m x 6.81m,2.0,2.0,3.0,19.0,42.0,417.0,677.0,1063.0,30.9174,333.13888888888886,410210.0,256052.5,0.6241985812144999,7.536968869603373e-05,0.0008121179125055,19.3,,207.94,,2025-04-12T12:35:31.905736+00:00
182,8,7b75c6b7651f3e9bcc9f3d08d32722d21bbacebc0a940266a4c7b4048ed4d13f,ground_floor,Store Room,not segment,"9'6"" x 8'3""",2.89m x 2.52m,3.0,,,0.0,,,,,,,,,,0.0,0.0,0.0,,0.0,,2025-04-12T12:35:31.905736+00:00
182,8,7b75c6b7651f3e9bcc9f3d08d32722d21bbacebc0a940266a4c7b4048ed4d13f,ground_floor,Utility Room,segment,,,4.0,2.0,0.0,4.0,512.0,687.0,677.0,843.0,,,25740.0,25339.5,0.9844405594405594,0.0,0.0,0.0,,0.0,,2025-04-12T12:35:31.905736+00:00
182,8,7b75c6b7651f3e9bcc9f3d08d32722d21bbacebc0a940266a4c7b4048ed4d13f,ground_floor,Sitting Room,segment,"13'9"" x 15'4""",4.67m x 4.19m,5.0,2.0,2.0,7.0,287.0,854.0,677.0,1289.0,19.567300000000003,210.83333333333331,169650.0,157176.5,0.9264750957854406,0.0001153392278219,0.0012427546910305,18.13,,195.33,,2025-04-12T12:35:31.905736+00:00
182,8,7b75c6b7651f3e9bcc9f3d08d32722d21bbacebc0a940266a4c7b4048ed4d13f,ground_floor,Garage,segment,"7'7"" x 8'3""",2.32m x 2.52m,6.0,0.0,0.0,9.0,43.0,1072.0,277.0,1288.0,5.8464,62.5625,50544.0,45949.0,0.9090891104779992,0.0001156695156695,0.0012377829218106,5.31,,56.87,,2025-04-12T12:35:31.905736+00:00
182,8,7b75c6b7651f3e9bcc9f3d08d32722d21bbacebc0a940266a4c7b4048ed4d13f,ground_floor,Hall,segment,,,7.0,2.0,0.0,6.0,286.0,1182.0,384.0,1291.0,,,10682.0,9839.5,0.9211290020595394,0.0,0.0,0.0,,0.0,,2025-04-12T12:35:31.905736+00:00
182,8,7b75c6b7651f3e9bcc9f3d08d32722d21bbacebc0a940266a4c7b4048ed4d13f,ground_floor,Utility Room,segment,,,8.0,1.0,0.0,4.0,404.0,687.0,502.0,843.0,,,15288.0,15132.0,0.9897959183673468,0.0,0.0,0.0,,0.0,,2025-04-12T12:35:31.905736+00:00
182,8,7b75c6b7651f3e9bcc9f3d08d32722d21bbacebc0a940266a4c7b4048ed4d13f,first_floor,Bedroom 3,segment,"9'10"" x 11'5""",3.00m x 3.47m,1.0,1.0,1.0,6.0,368.0,45.0,691.0,323.0,10.41,112.26388888888889,89794.0,87605.5,0.9756275474976056,0.0001159320221841,0.0012502381995332,10.16,,109.53,,2025-04-12T12:35:31.905736+00:00
182,8,7b75c6b7651f3e9bcc9f3d08d32722d21bbacebc0a940266a4c7b4048ed4d13f,first_floor,Bedroom 4,segment,"9'10"" x 10'9""",3.00m x 3.28m,2.0,5.0,1.0,13.0,43.0,46.0,358.0,324.0,9.84,105.70833333333334,87570.0,76116.5,0.8692074911499372,0.0001123672490578,0.0012071295344676,8.55,,91.88,,2025-04-12T12:35:31.905736+00:00
182,8,7b75c6b7651f3e9bcc9f3d08d32722d21bbacebc0a940266a4c7b4048ed4d13f,first_floor,Landing,segment,,,3.0,6.0,0.0,8.0,135.0,332.0,445.0,481.0,,,46190.0,39308.0,0.851006711409396,0.0,0.0,0.0,,0.0,,2025-04-12T12:35:31.905736+00:00
182,8,7b75c6b7651f3e9bcc9f3d08d32722d21bbacebc0a940266a4c7b4048ed4d13f,first_floor,Bathroom,segment,,,4.0,1.0,1.0,4.0,454.0,333.0,691.0,479.0,,,34602.0,34221.0,0.9889890757759668,0.0,0.0,0.0,,0.0,,2025-04-12T12:35:31.905736+00:00
182,8,7b75c6b7651f3e9bcc9f3d08d32722d21bbacebc0a940266a4c7b4048ed4d13f,first_floor,Bedroom 2,segment,"12'9"" x 10'1""",3.88m x 3.07m,5.0,2.0,1.0,7.0,43.0,489.0,328.0,850.0,11.911599999999998,128.5625,102885.0,92648.0,0.9005005588764154,0.0001157758662584,0.0012495747679447,10.73,,115.77,,2025-04-12T12:35:31.905736+00:00
182,8,7b75c6b7651f3e9bcc9f3d08d32722d21bbacebc0a940266a4c7b4048ed4d13f,first_floor,Bedroom 1,segment,"14'8"" x 12'5""",4.47m x 3.78m,6.0,2.0,2.0,6.0,338.0,489.0,691.0,906.0,16.8966,182.1111111111111,147201.0,117292.5,0.7968186357429637,0.000114785904987,0.0012371594697801,13.46,,145.11,,2025-04-12T12:35:31.905736+00:00
182,8,7b75c6b7651f3e9bcc9f3d08d32722d21bbacebc0a940266a4c7b4048ed4d13f,first_floor,En-suite,segment,,,7.0,1.0,1.0,5.0,455.0,489.0,691.0,596.0,,,25252.0,24847.5,0.9839814668145096,0.0,0.0,0.0,,0.0,,2025-04-12T12:35:31.905736+00:00
182,8,7b75c6b7651f3e9bcc9f3d08d32722d21bbacebc0a940266a4c7b4048ed4d13f,first_floor,Bedroom 4,segment,,,8.0,2.0,0.0,4.0,320.0,46.0,357.0,245.0,,,7363.0,6928.5,0.9409887274208882,0.0,0.0,0.0,,0.0,,2025-04-12T12:35:31.905736+00:00
182,8,7b75c6b7651f3e9bcc9f3d08d32722d21bbacebc0a940266a4c7b4048ed4d13f,first_floor,Storage (AI),segment,,,9.0,1.0,0.0,5.0,43.0,497.0,98.0,636.0,,,7645.0,7230.5,0.9457815565729236,0.0,0.0,0.0,,0.0,,2025-04-12T12:35:31.905736+00:00
184,8,00546bdb161e6752c8f71cb064773775ff45947aab15f760ed9e1540dd3af34d,ground_floor,Living Room,segment,"17'4"" x 14'6""",5.30m x 4.43m,1.0,2.0,0.0,14.0,424.0,38.0,717.0,403.0,23.479,251.3333333333333,106945.0,104299.5,0.9752629856468278,0.000219542755622,0.0023501176617264,22.9,,245.12,,2025-04-12T12:35:31.905756+00:00
184,8,00546bdb161e6752c8f71cb064773775ff45947aab15f760ed9e1540dd3af34d,ground_floor,Kitchen / Dining Room,segment,"33'5"" x 17'4""",10.20m x 5.30m,2.0,3.0,1.0,21.0,43.0,47.0,417.0,726.0,54.06,579.2222222222222,253946.0,175689.5,0.6918380285572523,0.0002128799036015,0.0022808873627551,37.4,,400.73,,2025-04-12T12:35:31.905756+00:00
184,8,00546bdb161e6752c8f71cb064773775ff45947aab15f760ed9e1540dd3af34d,ground_floor,Utility,segment,"9'3"" x 5'0""",2.84m x 1.53m,3.0,2.0,0.0,4.0,44.0,259.0,160.0,446.0,4.3452,46.25,21692.0,21368.5,0.9850866678959984,0.0002003134796238,0.002132122441453,4.28,,45.56,,2025-04-12T12:35:31.905756+00:00
184,8,00546bdb161e6752c8f71cb064773775ff45947aab15f760ed9e1540dd3af34d,ground_floor,Study,segment,"15'8"" x 8'11""",4.78m x 2.74m,4.0,1.0,1.0,4.0,537.0,410.0,718.0,726.0,13.0972,139.69444444444443,57196.0,56790.5,0.992910343380656,0.0002289880411217,0.00244238136311,13.0,,138.7,,2025-04-12T12:35:31.905756+00:00
184,8,00546bdb161e6752c8f71cb064773775ff45947aab15f760ed9e1540dd3af34d,ground_floor,Kitchen / Dining Room,segment,,,5.0,6.0,0.0,7.0,400.0,410.0,530.0,726.0,,,41080.0,32858.5,0.7998661148977605,0.0,0.0,0.0,,0.0,,2025-04-12T12:35:31.905756+00:00
184,8,00546bdb161e6752c8f71cb064773775ff45947aab15f760ed9e1540dd3af34d,ground_floor,Study,not segment,,,6.0,,,0.0,,,,,,,,,,0.0,0.0,0.0,,0.0,,2025-04-12T12:35:31.905756+00:00
184,8,00546bdb161e6752c8f71cb064773775ff45947aab15f760ed9e1540dd3af34d,ground_floor,Up (AI),segment,,,7.0,1.0,0.0,4.0,484.0,410.0,530.0,493.0,,,3818.0,3713.0,0.9724986904138292,0.0,0.0,0.0,,0.0,,2025-04-12T12:35:31.905756+00:00
184,8,00546bdb161e6752c8f71cb064773775ff45947aab15f760ed9e1540dd3af34d,ground_floor,Toilet (AI),segment,,,8.0,1.0,1.0,4.0,328.0,594.0,393.0,719.0,,,8125.0,6966.5,0.8574153846153846,0.0,0.0,0.0,,0.0,,2025-04-12T12:35:31.905756+00:00
184,8,00546bdb161e6752c8f71cb064773775ff45947aab15f760ed9e1540dd3af34d,annexe,Annexe,segment,"18'0"" x 8'4""",5.50m x 2.54m,1.0,2.0,2.0,22.0,44.0,44.0,211.0,407.0,13.97,150.0,60621.0,58065.5,0.9578446412959204,0.00023044819452,0.0024743900628495,13.38,,143.68,,2025-04-12T12:35:31.905756+00:00
184,8,00546bdb161e6752c8f71cb064773775ff45947aab15f760ed9e1540dd3af34d,annexe,Bathroom,segment,"8'4"" x 7'1""",2.54m x 2.16m,2.0,2.0,0.0,16.0,44.0,401.0,211.0,622.0,5.486400000000001,59.02777777777778,36907.0,30631.0,0.829950957812881,0.0001486547267456,0.0015993653718204,4.55,,48.99,,2025-04-12T12:35:31.905756+00:00
184,8,00546bdb161e6752c8f71cb064773775ff45947aab15f760ed9e1540dd3af34d,annexe,Annexe (AI),segment,,,3.0,0.0,1.0,4.0,214.0,182.0,225.0,267.0,,,935.0,680.0,0.7272727272727273,0.0,0.0,0.0,,0.0,,2025-04-12T12:35:31.905756+00:00
184,8,00546bdb161e6752c8f71cb064773775ff45947aab15f760ed9e1540dd3af34d,annexe,Storage (AI),segment,,,4.0,0.0,0.0,5.0,45.0,415.0,96.0,473.0,,,2958.0,2696.5,0.9115956727518594,0.0,0.0,0.0,,0.0,,2025-04-12T12:35:31.905756+00:00
184,8,00546bdb161e6752c8f71cb064773775ff45947aab15f760ed9e1540dd3af34d,first_floor,Bedroom 2,segment,"14'0"" x 10'8""",4.28m x 3.27m,1.0,2.0,2.0,9.0,413.0,44.0,695.0,265.0,13.9956,149.33333333333331,62322.0,50295.5,0.8070264112191522,0.0002245691730047,0.00239615759015,11.29,,120.52,,2025-04-12T12:35:31.905756+00:00
184,8,00546bdb161e6752c8f71cb064773775ff45947aab15f760ed9e1540dd3af34d,first_floor,Bedroom 3,segment,"10'7"" x 10'0""",3.25m x 3.07m,2.0,1.0,1.0,7.0,43.0,230.0,257.0,432.0,9.9775,105.83333333333334,43228.0,39296.5,0.9090520033311742,0.0002308110483945,0.002448258844576,9.07,,96.21,,2025-04-12T12:35:31.905756+00:00
184,8,00546bdb161e6752c8f71cb064773775ff45947aab15f760ed9e1540dd3af34d,first_floor,Bedroom 4,segment,"11'5"" x 8'8""",3.49m x 2.66m,3.0,2.0,1.0,8.0,520.0,345.0,695.0,575.0,9.2834,98.94444444444444,40250.0,38688.0,0.9611925465838508,0.0002306434782608,0.0024582470669427,8.92,,95.1,,2025-04-12T12:35:31.905756+00:00
184,8,00546bdb161e6752c8f71cb064773775ff45947aab15f760ed9e1540dd3af34d,first_floor,Bedroom 1,segment,"14'2"" x 13'9""",4.34m x 4.20m,4.0,5.0,1.0,7.0,83.0,440.0,329.0,718.0,18.228,194.79166666666663,68388.0,59184.0,0.8654149850851026,0.0002665379891208,0.0028483310912245,15.77,,168.58,,2025-04-12T12:35:31.905756+00:00
184,8,00546bdb161e6752c8f71cb064773775ff45947aab15f760ed9e1540dd3af34d,first_floor,Study (AI),segment,,,5.0,1.0,0.0,7.0,586.0,213.0,695.0,337.0,,,13516.0,12519.5,0.926272565847884,0.0,0.0,0.0,,0.0,,2025-04-12T12:35:31.905756+00:00
184,8,00546bdb161e6752c8f71cb064773775ff45947aab15f760ed9e1540dd3af34d,first_floor,Bathroom (AI),segment,,,6.0,1.0,1.0,10.0,236.0,230.0,405.0,359.0,,,21801.0,19831.5,0.909660107334526,0.0,0.0,0.0,,0.0,,2025-04-12T12:35:31.905756+00:00
184,8,00546bdb161e6752c8f71cb064773775ff45947aab15f760ed9e1540dd3af34d,first_floor,Closet (AI),segment,,,7.0,1.0,0.0,5.0,413.0,230.0,512.0,265.0,,,3465.0,3080.0,0.8888888888888888,0.0,0.0,0.0,,0.0,,2025-04-12T12:35:31.905756+00:00
184,8,00546bdb161e6752c8f71cb064773775ff45947aab15f760ed9e1540dd3af34d,first_floor,Hallway (AI),segment,,,8.0,6.0,0.0,8.0,265.0,273.0,578.0,432.0,,,49767.0,29415.0,0.5910543130990416,0.0,0.0,0.0,,0.0,,2025-04-12T12:35:31.905756+00:00
184,8,00546bdb161e6752c8f71cb064773775ff45947aab15f760ed9e1540dd3af34d,first_floor,Bedroom 3,segment,,,9.0,0.0,0.0,5.0,236.0,333.0,258.0,358.0,,,550.0,496.5,0.9027272727272728,0.0,0.0,0.0,,0.0,,2025-04-12T12:35:31.905756+00:00
184,8,00546bdb161e6752c8f71cb064773775ff45947aab15f760ed9e1540dd3af34d,first_floor,Bedroom 1,segment,,,10.0,1.0,1.0,6.0,337.0,439.0,452.0,575.0,,,15640.0,14846.5,0.9492647058823528,0.0,0.0,0.0,,0.0,,2025-04-12T12:35:31.905756+00:00
185,8,040c618e00e59f6b72cf26349f7fbc8d97206064a98da614c6d8cd721dcabbf5,ground_floor,Conservatory,segment,"17'3"" x 10'6""",5.26m x 3.20m,1.0,1.0,2.0,6.0,82.0,119.0,608.0,441.0,16.832,181.125,169372.0,167789.0,0.9906537089955836,9.937888198757764e-05,0.0010693916349809,16.67,,179.43,,2025-04-12T12:35:31.905818+00:00
185,8,040c618e00e59f6b72cf26349f7fbc8d97206064a98da614c6d8cd721dcabbf5,ground_floor,Kitchen,segment,"12'8"" x 9'5""",3.86m x 2.87m,2.0,2.0,1.0,8.0,55.0,468.0,342.0,859.0,11.0782,119.27777777777776,112217.0,104189.5,0.9284644929021448,9.872122762148338e-05,0.0010629207497774,10.29,,110.75,,2025-04-12T12:35:31.905818+00:00
185,8,040c618e00e59f6b72cf26349f7fbc8d97206064a98da614c6d8cd721dcabbf5,ground_floor,Dining Room,segment,"10'8"" x 9'9""",3.25m x 2.97m,3.0,3.0,0.0,7.0,354.0,470.0,652.0,796.0,9.6525,104.0,97148.0,96331.0,0.9915901511096472,9.9358710421213e-05,0.0010705315600938,9.57,,103.13,,2025-04-12T12:35:31.905818+00:00
185,8,040c618e00e59f6b72cf26349f7fbc8d97206064a98da614c6d8cd721dcabbf5,ground_floor,Reception Room,segment,"17'3"" x 12'5""",5.26m x 3.78m,4.0,2.0,1.0,15.0,273.0,809.0,651.0,1337.0,19.8828,214.1875,199584.0,189310.5,0.9485254329004328,9.962121212121212e-05,0.0010731696929613,18.86,,203.16,,2025-04-12T12:35:31.905818+00:00
185,8,040c618e00e59f6b72cf26349f7fbc8d97206064a98da614c6d8cd721dcabbf5,ground_floor,Unknown (AI),segment,,,5.0,1.0,0.0,4.0,56.0,870.0,144.0,964.0,,,8272.0,7877.0,0.9522485493230174,0.0,0.0,0.0,,0.0,,2025-04-12T12:35:31.905818+00:00
185,8,040c618e00e59f6b72cf26349f7fbc8d97206064a98da614c6d8cd721dcabbf5,ground_floor,Hallway (AI),segment,,,6.0,4.0,0.0,8.0,151.0,870.0,286.0,1339.0,,,63315.0,53186.5,0.8400300086867251,0.0,0.0,0.0,,0.0,,2025-04-12T12:35:31.905818+00:00
185,8,040c618e00e59f6b72cf26349f7fbc8d97206064a98da614c6d8cd721dcabbf5,ground_floor,Bathroom (AI),segment,,,7.0,1.0,1.0,5.0,56.0,1174.0,155.0,1337.0,,,16137.0,15832.5,0.9811303216211192,0.0,0.0,0.0,,0.0,,2025-04-12T12:35:31.905818+00:00
185,8,040c618e00e59f6b72cf26349f7fbc8d97206064a98da614c6d8cd721dcabbf5,first_floor,Bedroom,segment,"9'6"" x 6'11""",2.90m x 2.11m,1.0,1.0,2.0,5.0,104.0,54.0,345.0,266.0,6.119,65.70833333333334,51092.0,49989.0,0.9784114929930322,0.0001197643466687,0.0012860787076907,5.99,,64.29,,2025-04-12T12:35:31.905818+00:00
185,8,040c618e00e59f6b72cf26349f7fbc8d97206064a98da614c6d8cd721dcabbf5,first_floor,Bedroom,segment,"10'9"" x 9'9""",3.28m x 2.97m,2.0,2.0,1.0,5.0,356.0,55.0,654.0,383.0,9.7416,104.8125,97744.0,96957.5,0.9919534702897363,9.966442953020134e-05,0.0010723164593223,9.66,,103.97,,2025-04-12T12:35:31.905818+00:00
185,8,040c618e00e59f6b72cf26349f7fbc8d97206064a98da614c6d8cd721dcabbf5,first_floor,Bedroom,segment,"12'6"" x 11'8""",3.81m x 3.56m,3.0,4.0,1.0,8.0,357.0,557.0,655.0,939.0,13.5636,145.83333333333331,113836.0,107725.0,0.946317509399487,0.0001191503566534,0.0012810827271981,12.84,,138.0,,2025-04-12T12:35:31.905818+00:00
185,8,040c618e00e59f6b72cf26349f7fbc8d97206064a98da614c6d8cd721dcabbf5,first_floor,Bedroom,segment,"9'5"" x 7'5""",2.87m x 2.26m,4.0,1.0,1.0,8.0,55.0,651.0,286.0,938.0,6.486199999999999,69.84027777777777,66297.0,65090.5,0.9818015898155272,9.783549783549784e-05,0.0010534455220866,6.37,,68.57,,2025-04-12T12:35:31.905818+00:00
185,8,040c618e00e59f6b72cf26349f7fbc8d97206064a98da614c6d8cd721dcabbf5,first_floor,Bedroom,segment,,,5.0,0.0,1.0,4.0,55.0,54.0,94.0,266.0,,,8268.0,8019.0,0.9698838896952104,0.0,0.0,0.0,,0.0,,2025-04-12T12:35:31.905818+00:00
185,8,040c618e00e59f6b72cf26349f7fbc8d97206064a98da614c6d8cd721dcabbf5,first_floor,Bathroom (AI),segment,,,6.0,1.0,1.0,5.0,55.0,277.0,244.0,463.0,,,35154.0,33819.0,0.9620242362177848,0.0,0.0,0.0,,0.0,,2025-04-12T12:35:31.905818+00:00
185,8,040c618e00e59f6b72cf26349f7fbc8d97206064a98da614c6d8cd721dcabbf5,first_floor,Hallway (AI),segment,,,7.0,5.0,0.0,9.0,152.0,277.0,346.0,640.0,,,70422.0,42453.5,0.6028442816165402,0.0,0.0,0.0,,0.0,,2025-04-12T12:35:31.905818+00:00
185,8,040c618e00e59f6b72cf26349f7fbc8d97206064a98da614c6d8cd721dcabbf5,first_floor,Closet (AI),segment,,,8.0,0.0,0.0,5.0,356.0,394.0,411.0,545.0,,,8305.0,8098.0,0.9750752558699578,0.0,0.0,0.0,,0.0,,2025-04-12T12:35:31.905818+00:00
185,8,040c618e00e59f6b72cf26349f7fbc8d97206064a98da614c6d8cd721dcabbf5,first_floor,Toilet (AI),segment,,,9.0,1.0,0.0,5.0,422.0,394.0,497.0,455.0,,,4575.0,4396.5,0.960983606557377,0.0,0.0,0.0,,0.0,,2025-04-12T12:35:31.905818+00:00
185,8,040c618e00e59f6b72cf26349f7fbc8d97206064a98da614c6d8cd721dcabbf5,first_floor,Bathroom (AI),segment,,,10.0,1.0,0.0,5.0,507.0,394.0,654.0,546.0,,,22344.0,21764.0,0.9740422484783388,0.0,0.0,0.0,,0.0,,2025-04-12T12:35:31.905818+00:00
185,8,040c618e00e59f6b72cf26349f7fbc8d97206064a98da614c6d8cd721dcabbf5,first_floor,WC,segment,,,11.0,0.0,0.0,5.0,423.0,474.0,495.0,543.0,,,4968.0,4448.0,0.895330112721417,0.0,0.0,0.0,,0.0,,2025-04-12T12:35:31.905818+00:00
185,8,040c618e00e59f6b72cf26349f7fbc8d97206064a98da614c6d8cd721dcabbf5,first_floor,Bedroom (AI),segment,,,12.0,0.0,0.0,5.0,614.0,556.0,654.0,627.0,,,2840.0,2507.0,0.8827464788732394,0.0,0.0,0.0,,0.0,,2025-04-12T12:35:31.905818+00:00
185,8,040c618e00e59f6b72cf26349f7fbc8d97206064a98da614c6d8cd721dcabbf5,first_floor,Hallway (AI),segment,,,13.0,1.0,0.0,4.0,297.0,652.0,345.0,789.0,,,6576.0,6370.0,0.9686739659367396,0.0,0.0,0.0,,0.0,,2025-04-12T12:35:31.905818+00:00
185,8,040c618e00e59f6b72cf26349f7fbc8d97206064a98da614c6d8cd721dcabbf5,first_floor,Hallway (AI),segment,,,14.0,1.0,0.0,6.0,297.0,800.0,346.0,939.0,,,6811.0,5956.0,0.8744677727205991,0.0,0.0,0.0,,0.0,,2025-04-12T12:35:31.905818+00:00
185,8,040c618e00e59f6b72cf26349f7fbc8d97206064a98da614c6d8cd721dcabbf5,garage,Garage,segment,"16'10"" x 9'1""",5.13m x 2.77m,1.0,0.0,0.0,10.0,54.0,53.0,332.0,569.0,14.2101,152.90277777777777,143448.0,141551.0,0.9867756957224918,9.906098377112265e-05,0.0010659108372216,14.02,,150.88,,2025-04-12T12:35:31.905818+00:00
188,8,c012effe8d081bcaa005f024c3b1700185cf1edb71381396e058be709f9c8478,ground_floor,Garage,segment,"19'9"" x 10'1""",6.02m x 3.08m,1.0,1.0,0.0,5.0,55.0,142.0,401.0,820.0,18.5416,199.14583333333331,234588.0,228153.0,0.9725689293570003,7.903899602707726e-05,0.0008489173927623,18.03,,193.68,,2025-04-12T12:35:31.905860+00:00
188,8,c012effe8d081bcaa005f024c3b1700185cf1edb71381396e058be709f9c8478,ground_floor,Kitchen/Living/Dining Room,segment,"21'4"" x 16'3""",6.49m x 4.96m,2.0,3.0,2.0,11.0,435.0,633.0,1165.0,1196.0,32.190400000000004,346.66666666666663,410990.0,353650.5,0.8604844400107059,7.83240468137911e-05,0.0008434917313478,27.7,,298.3,,2025-04-12T12:35:31.905860+00:00
188,8,c012effe8d081bcaa005f024c3b1700185cf1edb71381396e058be709f9c8478,ground_floor,Lounge,segment,"13'4"" x 11'10""",4.07m x 3.60m,3.0,1.0,1.0,5.0,761.0,1212.0,1165.0,1670.0,14.652,157.7777777777778,185032.0,182213.0,0.9847647974404428,7.918630290976697e-05,0.000852705357872,14.43,,155.37,,2025-04-12T12:35:31.905860+00:00
188,8,c012effe8d081bcaa005f024c3b1700185cf1edb71381396e058be709f9c8478,ground_floor,Utility,segment,"4'9"" x 3'2""",1.45 x 0.96m,4.0,1.0,0.0,6.0,436.0,949.0,599.0,1073.0,1.392,15.041666666666666,20212.0,19275.5,0.9536661389273698,6.8869978230754e-05,0.0007441948677353,1.33,,14.34,,2025-04-12T12:35:31.905860+00:00
188,8,c012effe8d081bcaa005f024c3b1700185cf1edb71381396e058be709f9c8478,ground_floor,Utility,segment,4'9 x 3'2,1.45 x 0.96m,5.0,0.0,0.0,4.0,436.0,1091.0,537.0,1179.0,1.392,15.041666666666666,8888.0,8390.0,0.943969396939694,0.0001566156615661,0.0016923567356735,1.31,,14.2,,2025-04-12T12:35:31.905860+00:00
188,8,c012effe8d081bcaa005f024c3b1700185cf1edb71381396e058be709f9c8478,ground_floor,Utility,segment,,,6.0,1.0,0.0,5.0,554.0,1092.0,598.0,1162.0,,,3080.0,2861.0,0.928896103896104,0.0,0.0,0.0,,0.0,,2025-04-12T12:35:31.905860+00:00
188,8,c012effe8d081bcaa005f024c3b1700185cf1edb71381396e058be709f9c8478,ground_floor,Utility,segment,4'9 x 3'2,1.45 x 0.96m,7.0,5.0,1.0,18.0,435.0,1177.0,743.0,1575.0,1.392,15.041666666666666,122584.0,82986.0,0.6769725249624747,1.1355478692162109e-05,0.0001227049750919,0.94,,10.18,,2025-04-12T12:35:31.905860+00:00
188,8,c012effe8d081bcaa005f024c3b1700185cf1edb71381396e058be709f9c8478,ground_floor,Cloakroom (AI),not segment,,,8.0,,,0.0,,,,,,,,,,0.0,0.0,0.0,,0.0,,2025-04-12T12:35:31.905860+00:00
188,8,c012effe8d081bcaa005f024c3b1700185cf1edb71381396e058be709f9c8478,ground_floor,Utility,segment,,,9.0,1.0,0.0,5.0,435.0,1297.0,520.0,1396.0,,,8415.0,8024.0,0.9535353535353536,0.0,0.0,0.0,,0.0,,2025-04-12T12:35:31.905860+00:00
188,8,c012effe8d081bcaa005f024c3b1700185cf1edb71381396e058be709f9c8478,first_floor,Bedroom Two,segment,"11'11"" x 8'7""",3.63m x 2.62m,1.0,1.0,1.0,5.0,58.0,65.0,364.0,457.0,9.5106,102.28472222222224,119952.0,119397.0,0.995373149259704,7.928671468587435e-05,0.0008527137706934,9.47,,101.81,,2025-04-12T12:35:31.905860+00:00
188,8,c012effe8d081bcaa005f024c3b1700185cf1edb71381396e058be709f9c8478,first_floor,Master Bedroom,segment,"12'5"" x 11'11""",3.79m x 3.64m,2.0,2.0,1.0,22.0,382.0,64.0,787.0,562.0,13.7956,147.96527777777777,201690.0,171523.5,0.8504313550498289,6.840001983241609e-05,0.0007336272387216,11.73,,125.83,,2025-04-12T12:35:31.905860+00:00
188,8,c012effe8d081bcaa005f024c3b1700185cf1edb71381396e058be709f9c8478,first_floor,Bedroom Four,segment,"9'5"" x 7'10""",2.87m x 2.39m,3.0,1.0,1.0,5.0,58.0,726.0,365.0,1001.0,6.8593,73.76388888888889,84425.0,83308.5,0.9867752442996742,8.124726088244004e-05,0.0008737209225808,6.77,,72.79,,2025-04-12T12:35:31.905860+00:00
188,8,c012effe8d081bcaa005f024c3b1700185cf1edb71381396e058be709f9c8478,first_floor,Bedroom Three,segment,"11'10"" x 8'7""",3.60m x 2.62m,4.0,1.0,1.0,9.0,382.0,803.0,787.0,1097.0,9.432,101.56944444444446,119070.0,113052.0,0.9494583018392542,7.921390778533636e-05,0.0008530229650159,8.96,,96.44,,2025-04-12T12:35:31.905860+00:00
188,8,c012effe8d081bcaa005f024c3b1700185cf1edb71381396e058be709f9c8478,first_floor,Landing (AI),segment,,,5.0,6.0,0.0,8.0,232.0,474.0,503.0,825.0,,,95121.0,63777.5,0.6704881151375617,0.0,0.0,0.0,,0.0,,2025-04-12T12:35:31.905860+00:00
188,8,c012effe8d081bcaa005f024c3b1700185cf1edb71381396e058be709f9c8478,first_floor,Bathroom (AI),segment,,,6.0,1.0,0.0,5.0,521.0,578.0,787.0,785.0,,,55062.0,53921.0,0.9792779049071956,0.0,0.0,0.0,,0.0,,2025-04-12T12:35:31.905860+00:00
188,8,c012effe8d081bcaa005f024c3b1700185cf1edb71381396e058be709f9c8478,first_floor,Closet (AI),segment,,,7.0,1.0,0.0,5.0,239.0,637.0,365.0,708.0,,,8946.0,8559.0,0.9567404426559356,0.0,0.0,0.0,,0.0,,2025-04-12T12:35:31.905860+00:00
189,8,f87015323076e49a876ea572f48717e02a34f7cada4cfd338580aff60a59fa70,first_floor,Storage (AI),segment,,,14.0,0.0,0.0,5.0,581.0,578.0,629.0,639.0,,,2928.0,2386.0,0.8148907103825137,0.0,0.0,0.0,,0.0,,2025-04-12T12:35:31.905881+00:00
189,8,f87015323076e49a876ea572f48717e02a34f7cada4cfd338580aff60a59fa70,ground_floor,UTILITY,segment,"16'1"" x 7'3""",4.9m x 2.2m,1.0,2.0,1.0,7.0,769.0,95.0,972.0,549.0,10.78,116.60416666666666,92162.0,82074.0,0.8905405698661053,0.0001169679477441,0.0012652087266624,9.6,,103.84,,2025-04-12T12:35:31.905881+00:00
189,8,f87015323076e49a876ea572f48717e02a34f7cada4cfd338580aff60a59fa70,ground_floor,GARAGE,segment,"20'6"" x 9'6""",6.2m x 2.9m,2.0,1.0,0.0,6.0,958.0,95.0,1226.0,674.0,17.98,194.75,155172.0,149236.0,0.9617456757662464,0.0001158714201015,0.0012550589023792,17.29,,187.3,,2025-04-12T12:35:31.905881+00:00
189,8,f87015323076e49a876ea572f48717e02a34f7cada4cfd338580aff60a59fa70,ground_floor,LIVING ROOM,segment,"24'7"" x 14'10""",7.5m x 4.5m,3.0,1.0,3.0,7.0,50.0,213.0,744.0,631.0,33.75,364.65277777777777,290092.0,252036.0,0.8688140314107249,0.0001163424017208,0.0012570245914322,29.32,,316.82,,2025-04-12T12:35:31.905881+00:00
189,8,f87015323076e49a876ea572f48717e02a34f7cada4cfd338580aff60a59fa70,ground_floor,KITCHEN,segment,"11'10"" x 9'7""",3.6m x 2.9m,4.0,3.0,1.0,9.0,49.0,644.0,383.0,914.0,10.44,113.4027777777778,90180.0,87695.5,0.972449545353737,0.0001157684630738,0.0012575158325324,10.15,,110.28,,2025-04-12T12:35:31.905881+00:00
189,8,f87015323076e49a876ea572f48717e02a34f7cada4cfd338580aff60a59fa70,ground_floor,STUDY,segment,"8'10"" x 8'7""",2.7m x 2.6m,5.0,1.0,3.0,10.0,396.0,728.0,644.0,978.0,7.0200000000000005,75.81944444444446,62000.0,57172.0,0.9221290322580644,0.0001132258064516,0.0012228942652329,6.47,,69.92,,2025-04-12T12:35:31.905881+00:00
189,8,f87015323076e49a876ea572f48717e02a34f7cada4cfd338580aff60a59fa70,ground_floor,Hallway (AI),segment,,,6.0,1.0,0.0,5.0,308.0,561.0,382.0,631.0,,,5180.0,4951.0,0.9557915057915058,0.0,0.0,0.0,,0.0,,2025-04-12T12:35:31.905881+00:00
189,8,f87015323076e49a876ea572f48717e02a34f7cada4cfd338580aff60a59fa70,ground_floor,Hallway (AI),segment,,,7.0,4.0,0.0,13.0,394.0,561.0,944.0,738.0,,,97350.0,58565.0,0.6015921931176168,0.0,0.0,0.0,,0.0,,2025-04-12T12:35:31.905881+00:00
189,8,f87015323076e49a876ea572f48717e02a34f7cada4cfd338580aff60a59fa70,ground_floor,Utility,segment,,,8.0,1.0,1.0,4.0,660.0,750.0,742.0,914.0,,,13448.0,12164.0,0.9045211183819156,0.0,0.0,0.0,,0.0,,2025-04-12T12:35:31.905881+00:00
189,8,f87015323076e49a876ea572f48717e02a34f7cada4cfd338580aff60a59fa70,first_floor,BALCONY,segment,,,1.0,1.0,1.0,5.0,169.0,32.0,630.0,114.0,,,37802.0,37511.5,0.9923152214168562,0.0,0.0,0.0,,0.0,,2025-04-12T12:35:31.905881+00:00
189,8,f87015323076e49a876ea572f48717e02a34f7cada4cfd338580aff60a59fa70,first_floor,BEDROOM,segment,"12'0"" x 10'8""",3.6m x 3.2m,2.0,3.0,0.0,7.0,53.0,141.0,352.0,475.0,11.52,128.0,99866.0,83120.0,0.8323153025053571,0.0001153545751306,0.0012817175014519,9.59,,106.54,,2025-04-12T12:35:31.905881+00:00
189,8,f87015323076e49a876ea572f48717e02a34f7cada4cfd338580aff60a59fa70,first_floor,BEDROOM,segment,"13'7"" x 11'11""",4.1m x 3.6m,3.0,4.0,1.0,10.0,367.0,142.0,746.0,475.0,14.76,161.86805555555554,126207.0,113446.5,0.8988922959899214,0.0001169507238108,0.0012825600446532,13.27,,145.5,,2025-04-12T12:35:31.905881+00:00
189,8,f87015323076e49a876ea572f48717e02a34f7cada4cfd338580aff60a59fa70,first_floor,BEDROOM,segment,"12'0"" x 6'9""",3.6m x 2.0m,4.0,4.0,1.0,7.0,53.0,656.0,392.0,842.0,7.2,81.0,63054.0,56298.0,0.8928537444095537,0.0001141878389951,0.0012846131886954,6.43,,72.32,,2025-04-12T12:35:31.905881+00:00
189,8,f87015323076e49a876ea572f48717e02a34f7cada4cfd338580aff60a59fa70,first_floor,BEDROOM,segment,"10'8"" x 6'9""",3.2m x 2.0m,5.0,3.0,1.0,10.0,406.0,656.0,746.0,842.0,6.4,72.0,63240.0,62158.5,0.9828984819734344,0.0001012017710309,0.0011385199240986,6.29,,70.77,,2025-04-12T12:35:31.905881+00:00
189,8,f87015323076e49a876ea572f48717e02a34f7cada4cfd338580aff60a59fa70,first_floor,Storage (AI),segment,,,6.0,1.0,1.0,4.0,700.0,142.0,746.0,233.0,,,4186.0,4029.0,0.962494027711419,0.0,0.0,0.0,,0.0,,2025-04-12T12:35:31.905881+00:00
189,8,f87015323076e49a876ea572f48717e02a34f7cada4cfd338580aff60a59fa70,first_floor,Closet (AI),segment,,,7.0,1.0,0.0,6.0,302.0,243.0,352.0,378.0,,,6750.0,6108.5,0.904962962962963,0.0,0.0,0.0,,0.0,,2025-04-12T12:35:31.905881+00:00
189,8,f87015323076e49a876ea572f48717e02a34f7cada4cfd338580aff60a59fa70,first_floor,Closet (AI),segment,,,8.0,1.0,0.0,5.0,699.0,243.0,747.0,335.0,,,4416.0,3982.0,0.9017210144927535,0.0,0.0,0.0,,0.0,,2025-04-12T12:35:31.905881+00:00
189,8,f87015323076e49a876ea572f48717e02a34f7cada4cfd338580aff60a59fa70,first_floor,Hallway (AI),segment,,,9.0,6.0,0.0,9.0,307.0,392.0,483.0,646.0,,,44704.0,27786.0,0.6215551181102362,0.0,0.0,0.0,,0.0,,2025-04-12T12:35:31.905881+00:00
189,8,f87015323076e49a876ea572f48717e02a34f7cada4cfd338580aff60a59fa70,first_floor,Stairway (AI),not segment,,,10.0,,,0.0,,,,,,,,,,0.0,0.0,0.0,,0.0,,2025-04-12T12:35:31.905881+00:00
189,8,f87015323076e49a876ea572f48717e02a34f7cada4cfd338580aff60a59fa70,first_floor,Landing (AI),not segment,,,11.0,,,0.0,,,,,,,,,,0.0,0.0,0.0,,0.0,,2025-04-12T12:35:31.905881+00:00
189,8,f87015323076e49a876ea572f48717e02a34f7cada4cfd338580aff60a59fa70,first_floor,Bathroom (AI),segment,,,12.0,1.0,1.0,10.0,53.0,489.0,292.0,641.0,,,36328.0,35390.5,0.9741934595903986,0.0,0.0,0.0,,0.0,,2025-04-12T12:35:31.905881+00:00
189,8,f87015323076e49a876ea572f48717e02a34f7cada4cfd338580aff60a59fa70,first_floor,Bathroom (AI),segment,,,13.0,1.0,1.0,5.0,635.0,488.0,746.0,642.0,,,17094.0,15721.5,0.9197086697086696,0.0,0.0,0.0,,0.0,,2025-04-12T12:35:31.905881+00:00
189,8,f87015323076e49a876ea572f48717e02a34f7cada4cfd338580aff60a59fa70,first_floor,Closet (AI),segment,,,15.0,1.0,0.0,4.0,345.0,739.0,392.0,843.0,,,4888.0,4594.0,0.9398527004909984,0.0,0.0,0.0,,0.0,,2025-04-12T12:35:31.905881+00:00
191,8,bd434c666df3cf588289f5dc8ad3d5c242baccdfc8d8e9a291d905c8e6983b26,ground_floor,SITTING ROOM,segment,"13'1"" x 11'9""",3.98m x 3.57m,1.0,4.0,0.0,6.0,80.0,34.0,153.0,112.0,14.2086,153.72916666666669,5694.0,5513.0,0.96821215314366,0.002495363540569,0.0269984486594075,13.76,,148.84,,2025-04-12T12:35:31.905930+00:00
191,8,bd434c666df3cf588289f5dc8ad3d5c242baccdfc8d8e9a291d905c8e6983b26,ground_floor,HALLWAY,segment,,,2.0,3.0,0.0,4.0,80.0,116.0,118.0,149.0,,,1254.0,1237.5,0.986842105263158,0.0,0.0,0.0,,0.0,,2025-04-12T12:35:31.905930+00:00
191,8,bd434c666df3cf588289f5dc8ad3d5c242baccdfc8d8e9a291d905c8e6983b26,ground_floor,LOUNGE,segment,"19'9"" x 11'9""",6.01m x 3.57m,3.0,3.0,0.0,4.0,80.0,153.0,153.0,281.0,21.4557,232.0625,9344.0,9344.0,1.0,0.0022962007705479,0.0248354559075342,21.46,,232.06,,2025-04-12T12:35:31.905930+00:00
191,8,bd434c666df3cf588289f5dc8ad3d5c242baccdfc8d8e9a291d905c8e6983b26,ground_floor,KITCHEN,segment,"11'9"" x 7'3""",3.57m x 2.20m,4.0,4.0,1.0,8.0,80.0,283.0,153.0,387.0,7.854,85.1875,7592.0,5222.5,0.6878951527924131,0.0010345100105374,0.0112206928345626,5.4,,58.6,,2025-04-12T12:35:31.905930+00:00
191,8,bd434c666df3cf588289f5dc8ad3d5c242baccdfc8d8e9a291d905c8e6983b26,ground_floor,ANNEXE KITCHEN,segment,"13'1"" x 8'8""",4.00m x 2.65m,5.0,4.0,1.0,5.0,28.0,332.0,111.0,387.0,10.6,113.38888888888889,4565.0,4114.0,0.9012048192771084,0.0023220153340635,0.0248387489351344,9.55,,102.19,,2025-04-12T12:35:31.905930+00:00
191,8,bd434c666df3cf588289f5dc8ad3d5c242baccdfc8d8e9a291d905c8e6983b26,ground_floor,ANNEXE LOUNGE,segment,"13'0"" x 9'10""",3.96m x 2.99m,6.0,3.0,1.0,4.0,28.0,414.0,89.0,497.0,11.8404,127.83333333333334,5063.0,4991.5,0.985877937981434,0.0023386134702745,0.0252485351241029,11.67,,126.03,,2025-04-12T12:35:31.905930+00:00
191,8,bd434c666df3cf588289f5dc8ad3d5c242baccdfc8d8e9a291d905c8e6983b26,ground_floor,ANNEXE BEDROOM,segment,"11'1"" x 9'9""",3.38m x 2.97m,7.0,1.0,1.0,5.0,92.0,427.0,153.0,497.0,10.0386,108.0625,4270.0,3633.5,0.850936768149883,0.0023509601873536,0.0253073770491803,8.54,,91.95,,2025-04-12T12:35:31.905930+00:00
191,8,bd434c666df3cf588289f5dc8ad3d5c242baccdfc8d8e9a291d905c8e6983b26,ground_floor,Hall (AI),segment,,,8.0,4.0,0.0,7.0,37.0,389.0,111.0,424.0,,,2590.0,1503.5,0.5805019305019306,0.0,0.0,0.0,,0.0,,2025-04-12T12:35:31.905930+00:00
191,8,bd434c666df3cf588289f5dc8ad3d5c242baccdfc8d8e9a291d905c8e6983b26,ground_floor,Annexe Bedroom,segment,"11' x 9'9""",3.35m x 2.97m,9.0,2.0,0.0,4.0,114.0,390.0,153.0,434.0,9.9495,107.25,1716.0,1674.5,0.9758158508158508,0.0057980769230769,0.0625,9.71,,104.66,,2025-04-12T12:35:31.905930+00:00
191,8,bd434c666df3cf588289f5dc8ad3d5c242baccdfc8d8e9a291d905c8e6983b26,first_floor,BEDROOM 1,segment,"11'11"" x 11'9""",3.63m x 3.57m,1.0,1.0,1.0,6.0,28.0,28.0,101.0,103.0,12.9591,140.02083333333331,5475.0,5355.0,0.978082191780822,0.0023669589041095,0.0255745814307458,12.68,,136.95,,2025-04-12T12:35:31.905930+00:00
191,8,bd434c666df3cf588289f5dc8ad3d5c242baccdfc8d8e9a291d905c8e6983b26,first_floor,SHOWER ROOM,segment,"9'11"" x 7'3""",3.02m x 2.20m,2.0,1.0,2.0,4.0,28.0,275.0,90.0,319.0,6.644000000000001,71.89583333333333,2728.0,2728.0,1.0,0.0024354838709677,0.0263547776148582,6.64,,71.9,,2025-04-12T12:35:31.905930+00:00
191,8,bd434c666df3cf588289f5dc8ad3d5c242baccdfc8d8e9a291d905c8e6983b26,first_floor,Landing (AI),segment,,,3.0,3.0,4.0,4.0,29.0,107.0,50.0,271.0,,,3444.0,3081.0,0.8945993031358885,0.0,0.0,0.0,,0.0,,2025-04-12T12:35:31.905930+00:00
191,8,bd434c666df3cf588289f5dc8ad3d5c242baccdfc8d8e9a291d905c8e6983b26,first_floor,Bedroom 2,segment,,,4.0,2.0,1.0,6.0,50.0,144.0,101.0,212.0,,,3468.0,3269.0,0.9426182237600924,0.0,0.0,0.0,,0.0,,2025-04-12T12:35:31.905930+00:00
191,8,bd434c666df3cf588289f5dc8ad3d5c242baccdfc8d8e9a291d905c8e6983b26,first_floor,Bedroom 3 (AI),segment,,,5.0,2.0,1.0,6.0,51.0,216.0,102.0,272.0,,,2856.0,2621.5,0.9178921568627452,0.0,0.0,0.0,,0.0,,2025-04-12T12:35:31.905930+00:00
192,8,8542009c20c8e506e6d433e06a52534b6b28317999a90dc8be0151e6a707afb8,ground_floor,Kitchen / Sitting / Dining Area,segment,"25'1"" x 24'7""",7.66m x 7.31m,1.0,4.0,4.0,26.0,39.0,89.0,712.0,721.0,55.9946,616.6319444444443,425336.0,347210.5,0.8163205089623262,0.0001316479207026,0.0014497525355117,45.71,,503.37,,2025-04-12T12:35:31.905951+00:00
192,8,8542009c20c8e506e6d433e06a52534b6b28317999a90dc8be0151e6a707afb8,ground_floor,Office,not segment,"10'9"" x 7'1""",3.27m x 2.17m,2.0,,,0.0,,,,,,,,,,0.0,0.0,0.0,,0.0,,2025-04-12T12:35:31.905951+00:00
192,8,8542009c20c8e506e6d433e06a52534b6b28317999a90dc8be0151e6a707afb8,ground_floor,Utility,segment,"8'2"" x 6'5""",2.50m x 1.95m,3.0,2.0,0.0,5.0,557.0,679.0,716.0,881.0,4.875,52.40277777777778,32118.0,30568.0,0.9517404570645744,0.0001517840463291,0.0016315703897433,4.64,,49.87,,2025-04-12T12:35:31.905951+00:00
192,8,8542009c20c8e506e6d433e06a52534b6b28317999a90dc8be0151e6a707afb8,ground_floor,Sitting Room,segment,"16'1"" x 14'3""",4.89m x 4.35m,4.0,1.0,0.0,25.0,39.0,799.0,387.0,1189.0,21.2715,229.1875,135720.0,118032.5,0.8696765399351606,0.0001567307692307,0.0016886788977306,18.5,,199.32,,2025-04-12T12:35:31.905951+00:00
192,8,8542009c20c8e506e6d433e06a52534b6b28317999a90dc8be0151e6a707afb8,ground_floor,Gym,segment,"10'5"" x 6'7""",3.17m x 2.00m,5.0,2.0,0.0,5.0,557.0,889.0,716.0,1144.0,6.34,68.57638888888889,40545.0,39806.5,0.98178567024294,0.0001563694660254,0.0016913648757895,6.22,,67.33,,2025-04-12T12:35:31.905951+00:00
192,8,8542009c20c8e506e6d433e06a52534b6b28317999a90dc8be0151e6a707afb8,ground_floor,Office,segment,10'9 x 7'1,3.27 x 2.17,6.0,1.0,0.0,5.0,40.0,679.0,237.0,792.0,7.095899999999999,76.14583333333333,22261.0,21486.0,0.965185750864741,0.0003187592650824,0.0034205935642304,6.85,,73.49,,2025-04-12T12:35:31.905951+00:00
192,8,8542009c20c8e506e6d433e06a52534b6b28317999a90dc8be0151e6a707afb8,ground_floor,Hallway (AI),segment,,,7.0,6.0,2.0,14.0,247.0,678.0,539.0,1103.0,,,124100.0,51199.5,0.412566478646253,0.0,0.0,0.0,,0.0,,2025-04-12T12:35:31.905951+00:00
192,8,8542009c20c8e506e6d433e06a52534b6b28317999a90dc8be0151e6a707afb8,ground_floor,Utility,segment,,,8.0,1.0,0.0,5.0,467.0,681.0,522.0,794.0,,,6215.0,5965.5,0.9598551890587288,0.0,0.0,0.0,,0.0,,2025-04-12T12:35:31.905951+00:00
192,8,8542009c20c8e506e6d433e06a52534b6b28317999a90dc8be0151e6a707afb8,second_floor,Bedroom 1,segment,"17'5"" x 13'6""",5.30m x 4.11m,1.0,2.0,0.0,13.0,41.0,39.0,368.0,463.0,21.783,235.12500000000003,138648.0,111517.5,0.8043210143673187,0.0001571100917431,0.0016958412670936,17.52,,189.12,,2025-04-12T12:35:31.905951+00:00
192,8,8542009c20c8e506e6d433e06a52534b6b28317999a90dc8be0151e6a707afb8,second_floor,Down (AI),segment,,,2.0,1.0,0.0,4.0,380.0,165.0,471.0,228.0,,,5733.0,5535.0,0.9654631083202512,0.0,0.0,0.0,,0.0,,2025-04-12T12:35:31.905951+00:00
192,8,8542009c20c8e506e6d433e06a52534b6b28317999a90dc8be0151e6a707afb8,second_floor,Bathroom (AI),segment,,,3.0,0.0,0.0,4.0,447.0,234.0,471.0,326.0,,,2208.0,2208.0,1.0,0.0,0.0,0.0,,0.0,,2025-04-12T12:35:31.905951+00:00
192,8,8542009c20c8e506e6d433e06a52534b6b28317999a90dc8be0151e6a707afb8,second_floor,Bathroom (AI),segment,,,4.0,1.0,0.0,6.0,324.0,237.0,438.0,326.0,,,10146.0,9278.5,0.9144983244628424,0.0,0.0,0.0,,0.0,,2025-04-12T12:35:31.905951+00:00
192,8,8542009c20c8e506e6d433e06a52534b6b28317999a90dc8be0151e6a707afb8,first_floor,Bedroom 3,segment,"13'11"" x 13'1""",4.25m x 3.99m,1.0,1.0,1.0,7.0,300.0,40.0,618.0,384.0,16.9575,182.07638888888889,109392.0,102235.5,0.9345793111013604,0.0001550159060991,0.0016644397112118,15.85,,170.16,,2025-04-12T12:35:31.905951+00:00
192,8,8542009c20c8e506e6d433e06a52534b6b28317999a90dc8be0151e6a707afb8,first_floor,Bedroom 4,segment,"12'3.65"" x 9'5""",3.65m x 2.88m,2.0,2.0,1.0,11.0,40.0,236.0,357.0,523.0,10.512,,90979.0,77403.0,0.850778751140373,0.0001155431473197,,8.94,,,,2025-04-12T12:35:31.905951+00:00
192,8,8542009c20c8e506e6d433e06a52534b6b28317999a90dc8be0151e6a707afb8,first_floor,Bedroom 2,segment,"15'11"" x 11'1""",4.85m x 3.38m,3.0,3.0,0.0,17.0,61.0,532.0,357.0,929.0,16.392999999999997,176.40972222222223,117512.0,100722.0,0.8571209748791613,0.0001395006467424,0.0015012060234037,14.05,,151.2,,2025-04-12T12:35:31.905951+00:00
192,8,8542009c20c8e506e6d433e06a52534b6b28317999a90dc8be0151e6a707afb8,first_floor,Landing (AI),segment,,,4.0,1.0,0.0,4.0,340.0,393.0,382.0,443.0,,,2100.0,2034.0,0.9685714285714284,0.0,0.0,0.0,,0.0,,2025-04-12T12:35:31.905951+00:00
192,8,8542009c20c8e506e6d433e06a52534b6b28317999a90dc8be0151e6a707afb8,first_floor,Hallway (AI),segment,,,5.0,4.0,1.0,12.0,367.0,392.0,541.0,623.0,,,40194.0,22888.5,0.5694506642782505,0.0,0.0,0.0,,0.0,,2025-04-12T12:35:31.905951+00:00
192,8,8542009c20c8e506e6d433e06a52534b6b28317999a90dc8be0151e6a707afb8,first_floor,Bedroom 4,segment,,,6.0,1.0,0.0,5.0,40.0,424.0,87.0,524.0,,,4700.0,4495.0,0.9563829787234044,0.0,0.0,0.0,,0.0,,2025-04-12T12:35:31.905951+00:00
192,8,8542009c20c8e506e6d433e06a52534b6b28317999a90dc8be0151e6a707afb8,first_floor,Storage (AI),segment,,,7.0,1.0,0.0,4.0,40.0,533.0,84.0,645.0,,,4928.0,4795.0,0.9730113636363636,0.0,0.0,0.0,,0.0,,2025-04-12T12:35:31.905951+00:00
192,8,8542009c20c8e506e6d433e06a52534b6b28317999a90dc8be0151e6a707afb8,first_floor,Bathroom (AI),segment,,,8.0,1.0,1.0,7.0,367.0,633.0,540.0,844.0,,,36503.0,32537.5,0.8913650932800044,0.0,0.0,0.0,,0.0,,2025-04-12T12:35:31.905951+00:00
192,8,8542009c20c8e506e6d433e06a52534b6b28317999a90dc8be0151e6a707afb8,first_floor,Storage (AI),segment,,,9.0,0.0,0.0,5.0,459.0,634.0,540.0,668.0,,,2754.0,2631.0,0.9553376906318084,0.0,0.0,0.0,,0.0,,2025-04-12T12:35:31.905951+00:00
192,8,8542009c20c8e506e6d433e06a52534b6b28317999a90dc8be0151e6a707afb8,first_floor,Storage (AI),segment,,,10.0,1.0,0.0,4.0,40.0,741.0,84.0,844.0,,,4532.0,4177.0,0.9216681376875552,0.0,0.0,0.0,,0.0,,2025-04-12T12:35:31.905951+00:00
194,8,255532bcfaa8c37b0bf8e8f7a4e7331584e1af631f4f885449114de59804e3d9,ground_floor,Lounge,segment,"15'5"" x 11'8""",4.71m x 3.56m,1.0,2.0,3.0,20.0,248.0,47.0,509.0,607.0,16.7676,179.8611111111111,146160.0,141054.5,0.9650691023535852,0.0001147208538587,0.001230576841209,16.18,,173.58,,2025-04-12T12:35:31.905972+00:00
194,8,255532bcfaa8c37b0bf8e8f7a4e7331584e1af631f4f885449114de59804e3d9,ground_floor,Dining Room,not segment,"11'9"" x 8'11""",3.57m x 2.72m,2.0,,,0.0,,,,,,,,,,0.0,0.0,0.0,,0.0,,2025-04-12T12:35:31.905972+00:00
194,8,255532bcfaa8c37b0bf8e8f7a4e7331584e1af631f4f885449114de59804e3d9,ground_floor,Kitchen,segment,"15'3"" x 8'4""",4.65m x 2.55m,3.0,2.0,3.0,13.0,60.0,54.0,239.0,466.0,11.8575,127.08333333333334,73748.0,58236.5,0.7896688723762,0.0001607840212615,0.001723210572942,9.36,,100.35,,2025-04-12T12:35:31.905972+00:00
194,8,255532bcfaa8c37b0bf8e8f7a4e7331584e1af631f4f885449114de59804e3d9,ground_floor,Hall,segment,,,4.0,3.0,0.0,8.0,126.0,328.0,239.0,607.0,,,31527.0,25055.0,0.7947156405620579,0.0,0.0,0.0,,0.0,,2025-04-12T12:35:31.905972+00:00
194,8,255532bcfaa8c37b0bf8e8f7a4e7331584e1af631f4f885449114de59804e3d9,ground_floor,Hall (AI),segment,,,5.0,0.0,0.0,5.0,59.0,474.0,117.0,508.0,,,1972.0,1729.5,0.8770283975659229,0.0,0.0,0.0,,0.0,,2025-04-12T12:35:31.905972+00:00
194,8,255532bcfaa8c37b0bf8e8f7a4e7331584e1af631f4f885449114de59804e3d9,first_floor,Bedroom 4,segment,"7'9"" x 7'7""",2.37m x 2.31m,1.0,1.0,1.0,7.0,173.0,41.0,306.0,214.0,5.4747,58.77083333333333,23009.0,18980.0,0.8248946064583423,0.0002379373288713,0.0025542541324409,4.52,,48.48,,2025-04-12T12:35:31.905972+00:00
194,8,255532bcfaa8c37b0bf8e8f7a4e7331584e1af631f4f885449114de59804e3d9,first_floor,Bedroom 2,segment,"12'9"" x 11'4""",3.88m x 3.45m,2.0,1.0,1.0,7.0,249.0,41.0,490.0,291.0,13.386,144.5,60250.0,47634.0,0.7906058091286307,0.0002221742738589,0.0023983402489626,10.58,,114.24,,2025-04-12T12:35:31.905972+00:00
194,8,255532bcfaa8c37b0bf8e8f7a4e7331584e1af631f4f885449114de59804e3d9,first_floor,Bathroom,segment,"8'7"" x 5'6""",2.61m x 1.68m,3.0,1.0,1.0,5.0,41.0,43.0,163.0,237.0,4.384799999999999,47.208333333333336,23668.0,23393.5,0.98840206185567,0.0001852628020956,0.0019946059376936,4.33,,46.66,,2025-04-12T12:35:31.905972+00:00
194,8,255532bcfaa8c37b0bf8e8f7a4e7331584e1af631f4f885449114de59804e3d9,first_floor,Landing,segment,,,4.0,7.0,0.0,12.0,41.0,172.0,261.0,389.0,,,47740.0,22865.0,0.4789484708839547,0.0,0.0,0.0,,0.0,,2025-04-12T12:35:31.905972+00:00
194,8,255532bcfaa8c37b0bf8e8f7a4e7331584e1af631f4f885449114de59804e3d9,first_floor,Bedroom 1,segment,"13'3"" x 9'11""",4.05m x 3.01m,5.0,1.0,1.0,5.0,271.0,301.0,489.0,594.0,12.190499999999998,131.39583333333331,63874.0,63366.5,0.992054670131822,0.0001908523029714,0.0020571098308127,12.09,,130.35,,2025-04-12T12:35:31.905972+00:00
194,8,255532bcfaa8c37b0bf8e8f7a4e7331584e1af631f4f885449114de59804e3d9,first_floor,Bedroom 3,segment,"10'3"" x 7'0""",3.12m x 2.13m,6.0,1.0,1.0,5.0,107.0,367.0,261.0,592.0,6.6456,71.75,34650.0,33851.5,0.9769552669552668,0.0001917922077922,0.002070707070707,6.49,,70.1,,2025-04-12T12:35:31.905972+00:00
194,8,255532bcfaa8c37b0bf8e8f7a4e7331584e1af631f4f885449114de59804e3d9,first_floor,Storage Room (AI),segment,,,7.0,1.0,0.0,4.0,42.0,246.0,98.0,293.0,,,2632.0,2259.0,0.8582826747720365,0.0,0.0,0.0,,0.0,,2025-04-12T12:35:31.905972+00:00
194,8,255532bcfaa8c37b0bf8e8f7a4e7331584e1af631f4f885449114de59804e3d9,first_floor,Bedroom 4,segment,,,8.0,1.0,0.0,4.0,107.0,246.0,164.0,292.0,,,2622.0,2571.0,0.9805491990846682,0.0,0.0,0.0,,0.0,,2025-04-12T12:35:31.905972+00:00
196,8,24b96ba5d05b38e02dcdbb2344d4114452f580294794a2059ed4ddd08ec500cf,ground_floor,Family Room,segment,"13'0"" x 11'3""",3.96m x 3.43m,1.0,1.0,3.0,8.0,40.0,71.0,235.0,235.0,13.5828,146.25,31980.0,29781.5,0.9312539086929332,0.0004247279549718,0.0045731707317073,12.65,,136.2,,2025-04-12T12:35:31.906013+00:00
196,8,24b96ba5d05b38e02dcdbb2344d4114452f580294794a2059ed4ddd08ec500cf,ground_floor,Dining Room,segment,"14'4"" x 11'7""",4.37m x 3.53m,2.0,1.0,1.0,7.0,244.0,71.0,420.0,287.0,15.4261,166.0277777777778,38016.0,36824.0,0.9686447811447813,0.0004057791456228,0.004367313178077,14.94,,160.82,,2025-04-12T12:35:31.906013+00:00
196,8,24b96ba5d05b38e02dcdbb2344d4114452f580294794a2059ed4ddd08ec500cf,ground_floor,Living Room,segment,"23'6"" x 13'4""",7.16m x 4.06m,3.0,1.0,10.0,20.0,429.0,110.0,671.0,460.0,29.0696,313.33333333333337,84700.0,72054.0,0.8506965761511216,0.0003432066115702,0.0036993309720582,24.73,,266.55,,2025-04-12T12:35:31.906013+00:00
196,8,24b96ba5d05b38e02dcdbb2344d4114452f580294794a2059ed4ddd08ec500cf,ground_floor,Kitchen,segment,"13'0"" x 11'8""",3.96m x 3.56m,4.0,2.0,1.0,7.0,39.0,243.0,235.0,418.0,14.0976,151.66666666666666,34300.0,33959.0,0.9900583090379008,0.0004110087463556,0.0044217687074829,13.96,,150.16,,2025-04-12T12:35:31.906013+00:00
196,8,24b96ba5d05b38e02dcdbb2344d4114452f580294794a2059ed4ddd08ec500cf,ground_floor,Hall,segment,"17'8"" x 11'8""",5.38m x 3.56m,5.0,7.0,3.0,10.0,244.0,296.0,420.0,565.0,19.1528,206.11111111111111,47344.0,26261.0,0.5546848597499155,0.0004045454545454,0.0043534790282002,10.62,,114.33,,2025-04-12T12:35:31.906013+00:00
196,8,24b96ba5d05b38e02dcdbb2344d4114452f580294794a2059ed4ddd08ec500cf,ground_floor,Utility,segment,"4'7"" x 1'4""",1.40m x 0.40m,6.0,2.0,0.0,4.0,89.0,433.0,235.0,508.0,0.5599999999999999,6.111111111111111,10950.0,10837.5,0.9897260273972602,5.114155251141552e-05,0.0005580923389142,0.55,,6.05,,2025-04-12T12:35:31.906013+00:00
196,8,24b96ba5d05b38e02dcdbb2344d4114452f580294794a2059ed4ddd08ec500cf,ground_floor,Study,segment,"9'9"" x 7'2""",2.97m x 2.18m,7.0,1.0,1.0,4.0,89.0,515.0,235.0,622.0,6.474600000000001,69.875,15622.0,15423.5,0.9872935603635898,0.0004144539751632,0.0044728587888874,6.39,,68.99,,2025-04-12T12:35:31.906013+00:00
196,8,24b96ba5d05b38e02dcdbb2344d4114452f580294794a2059ed4ddd08ec500cf,ground_floor,Hall,segment,,,8.0,1.0,0.0,5.0,303.0,296.0,376.0,333.0,,,2701.0,2365.5,0.8757867456497593,0.0,0.0,0.0,,0.0,,2025-04-12T12:35:31.906013+00:00
196,8,24b96ba5d05b38e02dcdbb2344d4114452f580294794a2059ed4ddd08ec500cf,ground_floor,Study,segment,9'9 x 7'2,2.97 x 2.18,9.0,1.0,1.0,5.0,244.0,558.0,360.0,622.0,6.474600000000001,69.875,7424.0,6524.5,0.878838900862069,0.0008721174568965,0.009412042025862,5.69,,61.41,,2025-04-12T12:35:31.906013+00:00
196,8,24b96ba5d05b38e02dcdbb2344d4114452f580294794a2059ed4ddd08ec500cf,second_floor,Bedroom 3,segment,"13'7"" x 9'5""",4.14m x 2.87m,1.0,2.0,0.0,9.0,107.0,41.0,242.0,242.0,11.8818,127.9097222222222,27135.0,23608.0,0.8700202690252441,0.0004378772802653,0.0047138279794443,10.34,,111.28,,2025-04-12T12:35:31.906013+00:00
196,8,24b96ba5d05b38e02dcdbb2344d4114452f580294794a2059ed4ddd08ec500cf,second_floor,Landing,segment,"13'7"" x 11'5""",4.14m x 3.48m,2.0,2.0,0.0,11.0,251.0,40.0,422.0,242.0,14.4072,155.07638888888889,34542.0,21692.0,0.6279891147009438,0.0004170922355393,0.0044895023128043,9.05,,97.39,,2025-04-12T12:35:31.906013+00:00
196,8,24b96ba5d05b38e02dcdbb2344d4114452f580294794a2059ed4ddd08ec500cf,second_floor,Bedroom 4,segment,"13'7"" x 13'4""",4.14m x 4.06m,3.0,1.0,0.0,8.0,430.0,42.0,628.0,242.0,16.808399999999995,181.11111111111111,39600.0,33919.5,0.8565530303030303,0.0004244545454545,0.0045735129068462,14.4,,155.13,,2025-04-12T12:35:31.906013+00:00
196,8,24b96ba5d05b38e02dcdbb2344d4114452f580294794a2059ed4ddd08ec500cf,second_floor,Bathroom (AI),segment,,,4.0,1.0,0.0,6.0,38.0,116.0,97.0,242.0,,,7434.0,7342.0,0.9876244283023944,0.0,0.0,0.0,,0.0,,2025-04-12T12:35:31.906013+00:00
196,8,24b96ba5d05b38e02dcdbb2344d4114452f580294794a2059ed4ddd08ec500cf,first_floor,Bedroom 5,segment,"13'1"" x 7'4""",3.99m x 2.24m,1.0,1.0,1.0,5.0,42.0,39.0,239.0,147.0,8.937600000000002,95.94444444444444,21276.0,20820.5,0.9785909005452152,0.0004200789622109,0.0045095151553132,8.75,,93.89,,2025-04-12T12:35:31.906013+00:00
196,8,24b96ba5d05b38e02dcdbb2344d4114452f580294794a2059ed4ddd08ec500cf,first_floor,Bedroom 7,segment,"9'4"" x 9'2""",2.84m x 2.79m,2.0,3.0,1.0,7.0,247.0,39.0,385.0,185.0,7.923599999999999,85.55555555555556,20148.0,17927.5,0.8897905499305142,0.0003932698034544,0.0042463547526084,7.05,,76.13,,2025-04-12T12:35:31.906013+00:00
196,8,24b96ba5d05b38e02dcdbb2344d4114452f580294794a2059ed4ddd08ec500cf,first_floor,Bedroom 2,segment,"13'5"" x 11'7""",4.09m x 3.53m,3.0,5.0,1.0,11.0,425.0,39.0,632.0,218.0,14.4377,155.40972222222223,37053.0,28085.0,0.7579683156559522,0.0003896499608668,0.0041942547761914,10.94,,117.8,,2025-04-12T12:35:31.906013+00:00
196,8,24b96ba5d05b38e02dcdbb2344d4114452f580294794a2059ed4ddd08ec500cf,first_floor,Bedroom 6,segment,"10'2"" x 9'8""",3.10m x 2.95m,4.0,1.0,1.0,6.0,489.0,197.0,632.0,347.0,9.145,98.27777777777776,21450.0,18885.0,0.8804195804195805,0.0004263403263403,0.0045817145817145,8.05,,86.53,,2025-04-12T12:35:31.906013+00:00
196,8,24b96ba5d05b38e02dcdbb2344d4114452f580294794a2059ed4ddd08ec500cf,first_floor,Bedroom 1,segment,"12'8"" x 12'7""",3.86m x 3.84m,5.0,5.0,1.0,7.0,92.0,363.0,316.0,552.0,14.822399999999998,159.38888888888889,42336.0,41661.0,0.9840561224489796,0.0003501133786848,0.003764854707315,14.59,,156.85,,2025-04-12T12:35:31.906013+00:00
196,8,24b96ba5d05b38e02dcdbb2344d4114452f580294794a2059ed4ddd08ec500cf,first_floor,Bedroom 7,segment,,,6.0,1.0,0.0,7.0,394.0,39.0,465.0,108.0,,,4899.0,4394.0,0.8969177383139416,0.0,0.0,0.0,,0.0,,2025-04-12T12:35:31.906013+00:00
196,8,24b96ba5d05b38e02dcdbb2344d4114452f580294794a2059ed4ddd08ec500cf,first_floor,Bathroom (AI),segment,,,7.0,0.0,0.0,5.0,395.0,111.0,430.0,136.0,,,875.0,680.0,0.7771428571428571,0.0,0.0,0.0,,0.0,,2025-04-12T12:35:31.906013+00:00
196,8,24b96ba5d05b38e02dcdbb2344d4114452f580294794a2059ed4ddd08ec500cf,first_floor,Hallway (AI),segment,,,8.0,0.0,0.0,4.0,393.0,147.0,420.0,217.0,,,1890.0,1855.0,0.9814814814814816,0.0,0.0,0.0,,0.0,,2025-04-12T12:35:31.906013+00:00
196,8,24b96ba5d05b38e02dcdbb2344d4114452f580294794a2059ed4ddd08ec500cf,first_floor,Bathroom (AI),segment,,,9.0,1.0,2.0,6.0,43.0,156.0,172.0,253.0,,,12513.0,11374.0,0.9089746663469992,0.0,0.0,0.0,,0.0,,2025-04-12T12:35:31.906013+00:00
196,8,24b96ba5d05b38e02dcdbb2344d4114452f580294794a2059ed4ddd08ec500cf,first_floor,Hallway (AI),segment,,,10.0,7.0,1.0,14.0,179.0,156.0,480.0,347.0,,,57491.0,30149.0,0.5244125167417509,0.0,0.0,0.0,,0.0,,2025-04-12T12:35:31.906013+00:00
196,8,24b96ba5d05b38e02dcdbb2344d4114452f580294794a2059ed4ddd08ec500cf,first_floor,Landing (AI),segment,,,11.0,2.0,0.0,5.0,302.0,189.0,385.0,217.0,,,2324.0,2181.0,0.9384681583476764,0.0,0.0,0.0,,0.0,,2025-04-12T12:35:31.906013+00:00
196,8,24b96ba5d05b38e02dcdbb2344d4114452f580294794a2059ed4ddd08ec500cf,first_floor,Hallway (AI),segment,,,12.0,3.0,0.0,4.0,482.0,192.0,539.0,217.0,,,1425.0,1216.5,0.8536842105263158,0.0,0.0,0.0,,0.0,,2025-04-12T12:35:31.906013+00:00
196,8,24b96ba5d05b38e02dcdbb2344d4114452f580294794a2059ed4ddd08ec500cf,first_floor,Bedroom 2,segment,,,13.0,3.0,0.0,4.0,544.0,192.0,569.0,217.0,,,625.0,612.5,0.98,0.0,0.0,0.0,,0.0,,2025-04-12T12:35:31.906013+00:00
196,8,24b96ba5d05b38e02dcdbb2344d4114452f580294794a2059ed4ddd08ec500cf,first_floor,Down (AI),segment,,,14.0,1.0,0.0,5.0,179.0,206.0,213.0,267.0,,,2074.0,2011.5,0.9698649951783992,0.0,0.0,0.0,,0.0,,2025-04-12T12:35:31.906013+00:00
196,8,24b96ba5d05b38e02dcdbb2344d4114452f580294794a2059ed4ddd08ec500cf,first_floor,Bathroom (AI),segment,,,15.0,1.0,2.0,4.0,43.0,262.0,172.0,347.0,,,10965.0,10642.5,0.9705882352941176,0.0,0.0,0.0,,0.0,,2025-04-12T12:35:31.906013+00:00
196,8,24b96ba5d05b38e02dcdbb2344d4114452f580294794a2059ed4ddd08ec500cf,garage,Double Garage,segment,"18'8"" x 18'5""",5.69m x 5.49m,1.0,1.0,0.0,9.0,40.0,71.0,317.0,345.0,31.238100000000003,343.7777777777778,75898.0,73481.5,0.9681612163693378,0.0004115800152836,0.0045294708395185,30.24,,332.83,,2025-04-12T12:35:31.906013+00:00
201,8,08e56186675a4140e263f45241ebf5abec3e56c8be3e81942e2edcf82e39e582,ground_floor,Dining Room,segment,"21'9"" x 14'0""",6.64m x 4.26m,1.0,3.0,2.0,11.0,192.0,44.0,450.0,397.0,28.2864,304.5,91074.0,73998.0,0.8125041175307991,0.0003105869951907,0.0033434350088938,22.98,,247.41,,2025-04-12T12:35:31.906138+00:00
201,8,08e56186675a4140e263f45241ebf5abec3e56c8be3e81942e2edcf82e39e582,ground_floor,Reception Room,segment,"21'1"" x 13'5""",6.43m x 4.08m,2.0,4.0,1.0,8.0,459.0,108.0,832.0,326.0,26.2344,282.86805555555554,81314.0,74224.0,0.912807142681457,0.0003226307892859,0.0034787128361113,23.95,,258.2,,2025-04-12T12:35:31.906138+00:00
201,8,08e56186675a4140e263f45241ebf5abec3e56c8be3e81942e2edcf82e39e582,ground_floor,Bedroom 1,segment,"18'0"" x 13'5""",5.49m x 4.10m,3.0,3.0,1.0,7.0,1025.0,109.0,1345.0,326.0,22.509,241.5,69440.0,64253.5,0.9253096198156682,0.0003241503456221,0.0034778225806451,20.83,,223.46,,2025-04-12T12:35:31.906138+00:00
201,8,08e56186675a4140e263f45241ebf5abec3e56c8be3e81942e2edcf82e39e582,ground_floor,Study / Bedroom 3,segment,"12'0"" x 9'11""",3.65m x 3.01m,4.0,1.0,1.0,4.0,840.0,110.0,1015.0,303.0,10.9865,119.0,33775.0,32876.0,0.9733826794966692,0.0003252849740932,0.0035233160621761,10.69,,115.83,,2025-04-12T12:35:31.906138+00:00
201,8,08e56186675a4140e263f45241ebf5abec3e56c8be3e81942e2edcf82e39e582,ground_floor,Covered Area,segment,,,5.0,5.0,5.0,7.0,187.0,274.0,345.0,711.0,,,69046.0,50945.0,0.7378414390406396,0.0,0.0,0.0,,0.0,,2025-04-12T12:35:31.906138+00:00
201,8,08e56186675a4140e263f45241ebf5abec3e56c8be3e81942e2edcf82e39e582,ground_floor,Store,segment,"7'4"" x 6'4""",2.23m x 1.92m,6.0,1.0,1.0,4.0,42.0,327.0,173.0,428.0,4.2816,46.44444444444444,13231.0,12775.0,0.9655354848461946,0.0003236036580757,0.0035102746915912,4.13,,44.84,,2025-04-12T12:35:31.906138+00:00
201,8,08e56186675a4140e263f45241ebf5abec3e56c8be3e81942e2edcf82e39e582,ground_floor,Kitchen / Breakfast Room,segment,"17'9"" x 13'6""",5.40m x 4.11m,7.0,5.0,3.0,8.0,302.0,333.0,615.0,551.0,22.194000000000003,239.625,68234.0,54944.5,0.8052363924143389,0.0003252630653339,0.0035118122929917,17.87,,192.95,,2025-04-12T12:35:31.906138+00:00
201,8,08e56186675a4140e263f45241ebf5abec3e56c8be3e81942e2edcf82e39e582,ground_floor,Bedroom 2,segment,"13'7"" x 11'0""",4.14m x 3.36m,8.0,2.0,1.0,6.0,1150.0,333.0,1345.0,551.0,13.9104,149.41666666666669,42510.0,41633.0,0.9793695601035052,0.0003272265349329,0.0035148592488042,13.62,,146.33,,2025-04-12T12:35:31.906138+00:00
201,8,08e56186675a4140e263f45241ebf5abec3e56c8be3e81942e2edcf82e39e582,ground_floor,Reception,segment,,,9.0,1.0,1.0,7.0,842.0,373.0,1028.0,550.0,,,32922.0,31653.5,0.9614695340501792,0.0,0.0,0.0,,0.0,,2025-04-12T12:35:31.906138+00:00
201,8,08e56186675a4140e263f45241ebf5abec3e56c8be3e81942e2edcf82e39e582,ground_floor,Reception / Bedroom 4,not segment,"10'11"" x 10'6""",3.34m x 3.20m,10.0,,,0.0,,,,,,,,,,0.0,0.0,0.0,,0.0,,2025-04-12T12:35:31.906138+00:00
201,8,08e56186675a4140e263f45241ebf5abec3e56c8be3e81942e2edcf82e39e582,ground_floor,Utility,segment,"16'7"" x 7'4""",5.06m x 2.23m,11.0,1.0,2.0,5.0,42.0,441.0,172.0,712.0,11.2838,121.6111111111111,35230.0,34897.0,0.9905478285552086,0.0003202895259721,0.0034519191345759,11.18,,120.46,,2025-04-12T12:35:31.906138+00:00
201,8,08e56186675a4140e263f45241ebf5abec3e56c8be3e81942e2edcf82e39e582,ground_floor,Garage,segment,"17'2"" x 9'1""",5.23m x 2.77m,12.0,2.0,2.0,6.0,42.0,723.0,345.0,871.0,14.487100000000002,155.93055555555557,44844.0,43855.5,0.977956917313353,0.0003230554812237,0.0034771776727222,14.17,,152.49,,2025-04-12T12:35:31.906138+00:00
201,8,08e56186675a4140e263f45241ebf5abec3e56c8be3e81942e2edcf82e39e582,ground_floor,Garage,segment,"17'2"" x 10'4""",5.23m x 3.15m,13.0,1.0,2.0,4.0,42.0,880.0,345.0,1047.0,16.474500000000003,177.3888888888889,50601.0,49506.0,0.9783601114602478,0.000325576569633,0.0035056399851562,16.12,,173.55,,2025-04-12T12:35:31.906138+00:00
201,8,08e56186675a4140e263f45241ebf5abec3e56c8be3e81942e2edcf82e39e582,ground_floor,Reception Room,segment,,,14.0,2.0,0.0,5.0,672.0,53.0,792.0,101.0,,,5760.0,4949.0,0.8592013888888889,0.0,0.0,0.0,,0.0,,2025-04-12T12:35:31.906138+00:00
201,8,08e56186675a4140e263f45241ebf5abec3e56c8be3e81942e2edcf82e39e582,ground_floor,Reception Room,segment,,,15.0,0.0,1.0,6.0,449.0,60.0,478.0,90.0,,,870.0,632.5,0.7270114942528736,0.0,0.0,0.0,,0.0,,2025-04-12T12:35:31.906138+00:00
201,8,08e56186675a4140e263f45241ebf5abec3e56c8be3e81942e2edcf82e39e582,ground_floor,Bedroom 1,segment,,,16.0,1.0,1.0,6.0,1353.0,182.0,1512.0,326.0,,,22896.0,22354.0,0.9763277428371768,0.0,0.0,0.0,,0.0,,2025-04-12T12:35:31.906138+00:00
201,8,08e56186675a4140e263f45241ebf5abec3e56c8be3e81942e2edcf82e39e582,ground_floor,Kitchen / Breakfast Room,segment,17'9 x 14'0,,17.0,2.0,0.0,7.0,622.0,310.0,702.0,376.0,,,5280.0,4155.5,0.7870265151515151,0.0,0.0,0.0,,0.0,,2025-04-12T12:35:31.906138+00:00
201,8,08e56186675a4140e263f45241ebf5abec3e56c8be3e81942e2edcf82e39e582,ground_floor,Reception / Bedroom 4,segment,10'11 x 13'1,3.30 x 3.99,18.0,10.0,1.0,16.0,623.0,310.0,1141.0,552.0,13.167,142.82638888888889,125356.0,52067.5,0.4153570630843358,0.0001050368550368,0.0011393661961843,5.47,,59.32,,2025-04-12T12:35:31.906138+00:00
201,8,08e56186675a4140e263f45241ebf5abec3e56c8be3e81942e2edcf82e39e582,ground_floor,Bedroom 2,segment,13'7 x 11'4,4.14 x 3.46,19.0,1.0,1.0,8.0,1035.0,373.0,1142.0,551.0,14.3244,153.94444444444446,19046.0,15699.0,0.8242675627428332,0.0007520949280688,0.0080827703688146,11.81,,126.89,,2025-04-12T12:35:31.906138+00:00
201,8,08e56186675a4140e263f45241ebf5abec3e56c8be3e81942e2edcf82e39e582,ground_floor,Kitchen / Breakfast Room,segment,17'9 x 14'0,,20.0,2.0,2.0,6.0,624.0,439.0,702.0,551.0,,,8736.0,8162.5,0.9343521062271062,0.0,0.0,0.0,,0.0,,2025-04-12T12:35:31.906138+00:00
201,8,08e56186675a4140e263f45241ebf5abec3e56c8be3e81942e2edcf82e39e582,ground_floor,Kitchen / Breakfast Room,segment,,,21.0,2.0,2.0,5.0,666.0,559.0,772.0,638.0,,,8374.0,7893.5,0.9426200143300691,0.0,0.0,0.0,,0.0,,2025-04-12T12:35:31.906138+00:00
201,8,08e56186675a4140e263f45241ebf5abec3e56c8be3e81942e2edcf82e39e582,,,,,,,,,,,,,,,,,,,,,,,,,2025-04-12T12:35:31.906138+00:00
202,8,5c66392a4aefa3deeb31930ac9e104b52427d6de18a0e7c262be582b172e8328,ground_floor,Reception Room,segment,"14'3"" x 11'5""",4.34m x 3.48m,1.0,5.0,8.0,74.0,258.0,37.0,741.0,1059.0,15.1032,162.6875,493626.0,317734.0,0.6436735504207639,3.059644346124394e-05,0.000329576440463,9.72,,104.72,,2025-04-12T12:35:31.906161+00:00
202,8,5c66392a4aefa3deeb31930ac9e104b52427d6de18a0e7c262be582b172e8328,ground_floor,Kitchen,not segment,"12'6"" x 10'7""",3.82m x 3.23m,2.0,,,0.0,,,,,,,,,,0.0,0.0,0.0,,0.0,,2025-04-12T12:35:31.906161+00:00
202,8,5c66392a4aefa3deeb31930ac9e104b52427d6de18a0e7c262be582b172e8328,ground_floor,Dining Room,not segment,"12'5"" x 12'2""",3.78m x 3.71m,3.0,,,0.0,,,,,,,,,,0.0,0.0,0.0,,0.0,,2025-04-12T12:35:31.906161+00:00
202,8,5c66392a4aefa3deeb31930ac9e104b52427d6de18a0e7c262be582b172e8328,ground_floor,Reception Room,not segment,"16'3"" x 11'11""",4.95m x 3.63m,4.0,,,0.0,,,,,,,,,,0.0,0.0,0.0,,0.0,,2025-04-12T12:35:31.906161+00:00
202,8,5c66392a4aefa3deeb31930ac9e104b52427d6de18a0e7c262be582b172e8328,ground_floor,Cup,segment,,,5.0,1.0,0.0,5.0,325.0,635.0,379.0,762.0,,,6858.0,6722.0,0.9801691455234762,0.0,0.0,0.0,,0.0,,2025-04-12T12:35:31.906161+00:00
202,8,5c66392a4aefa3deeb31930ac9e104b52427d6de18a0e7c262be582b172e8328,ground_floor,Hall,segment,,,6.0,6.0,2.0,10.0,325.0,634.0,470.0,992.0,,,51910.0,33464.0,0.644654209208245,0.0,0.0,0.0,,0.0,,2025-04-12T12:35:31.906161+00:00
202,8,5c66392a4aefa3deeb31930ac9e104b52427d6de18a0e7c262be582b172e8328,ground_floor,W.C,segment,,,7.0,2.0,1.0,6.0,196.0,731.0,291.0,790.0,,,5605.0,5421.0,0.967172167707404,0.0,0.0,0.0,,0.0,,2025-04-12T12:35:31.906161+00:00
202,8,5c66392a4aefa3deeb31930ac9e104b52427d6de18a0e7c262be582b172e8328,ground_floor,Utility,segment,,,8.0,2.0,1.0,11.0,196.0,799.0,317.0,990.0,,,23111.0,22412.0,0.9697546622820302,0.0,0.0,0.0,,0.0,,2025-04-12T12:35:31.906161+00:00
202,8,5c66392a4aefa3deeb31930ac9e104b52427d6de18a0e7c262be582b172e8328,ground_floor,Kitchen,segment,,,9.0,1.0,0.0,5.0,414.0,459.0,449.0,495.0,,,1260.0,1175.5,0.932936507936508,0.0,0.0,0.0,,0.0,,2025-04-12T12:35:31.906161+00:00
202,8,5c66392a4aefa3deeb31930ac9e104b52427d6de18a0e7c262be582b172e8328,ground_floor,Cup (AI),segment,,,10.0,0.0,0.0,5.0,325.0,607.0,379.0,629.0,,,1188.0,1042.0,0.877104377104377,0.0,0.0,0.0,,0.0,,2025-04-12T12:35:31.906161+00:00
202,8,5c66392a4aefa3deeb31930ac9e104b52427d6de18a0e7c262be582b172e8328,ground_floor,Reception Room (AI),segment,,,11.0,0.0,2.0,10.0,656.0,1031.0,739.0,1153.0,,,10126.0,5646.5,0.5576239383764566,0.0,0.0,0.0,,0.0,,2025-04-12T12:35:31.906161+00:00
202,8,5c66392a4aefa3deeb31930ac9e104b52427d6de18a0e7c262be582b172e8328,ground_floor,stairs,object,,,,,,4.0,324.0,763.0,380.0,903.0,,,7840.0,7742.5,0.987563775510204,0.0,0.0,0.0,,0.0,,2025-04-12T12:35:31.906161+00:00
202,8,5c66392a4aefa3deeb31930ac9e104b52427d6de18a0e7c262be582b172e8328,,,,,,,,,,,,,,,,,,,,,,,,,2025-04-12T12:35:31.906161+00:00
202,8,5c66392a4aefa3deeb31930ac9e104b52427d6de18a0e7c262be582b172e8328,second_floor,Master Bedroom,segment,"21'2"" x 12'6""",6.46m x 3.81m,1.0,2.0,3.0,5.0,40.0,40.0,448.0,275.0,24.6126,264.58333333333337,95880.0,93844.0,0.9787651230705048,0.0002567021276595,0.002759525796134,24.09,,258.96,,2025-04-12T12:35:31.906161+00:00
202,8,5c66392a4aefa3deeb31930ac9e104b52427d6de18a0e7c262be582b172e8328,second_floor,Cup,segment,,,2.0,1.0,0.0,9.0,40.0,282.0,231.0,438.0,,,29796.0,28662.5,0.9619579809370384,0.0,0.0,0.0,,0.0,,2025-04-12T12:35:31.906161+00:00
202,8,5c66392a4aefa3deeb31930ac9e104b52427d6de18a0e7c262be582b172e8328,second_floor,En-suite,not segment,,,3.0,,,0.0,,,,,,,,,,0.0,0.0,0.0,,0.0,,2025-04-12T12:35:31.906161+00:00
202,8,5c66392a4aefa3deeb31930ac9e104b52427d6de18a0e7c262be582b172e8328,second_floor,Landing (AI),segment,,,4.0,1.0,1.0,6.0,240.0,282.0,448.0,337.0,,,11440.0,3422.5,0.2991695804195804,0.0,0.0,0.0,,0.0,,2025-04-12T12:35:31.906161+00:00
202,8,5c66392a4aefa3deeb31930ac9e104b52427d6de18a0e7c262be582b172e8328,second_floor,En-suite,segment,,,5.0,1.0,0.0,6.0,238.0,343.0,449.0,439.0,,,20256.0,19711.0,0.97309439178515,0.0,0.0,0.0,,0.0,,2025-04-12T12:35:31.906161+00:00
202,8,5c66392a4aefa3deeb31930ac9e104b52427d6de18a0e7c262be582b172e8328,second_floor,stairs,object,,,,,,4.0,240.0,282.0,384.0,334.0,,,7488.0,7488.0,1.0,0.0,0.0,0.0,,0.0,,2025-04-12T12:35:31.906161+00:00
202,8,5c66392a4aefa3deeb31930ac9e104b52427d6de18a0e7c262be582b172e8328,,,,,,,,,,,,,,,,,,,,,,,,,2025-04-12T12:35:31.906161+00:00
202,8,5c66392a4aefa3deeb31930ac9e104b52427d6de18a0e7c262be582b172e8328,first_floor,Bedroom 4,segment,"10'3"" x 8'2""",3.12m x 2.49m,1.0,1.0,1.0,5.0,38.0,39.0,249.0,209.0,7.768800000000001,83.70833333333333,35870.0,35499.0,0.9896570950655144,0.0002165821020351,0.0023336585819161,7.69,,82.84,,2025-04-12T12:35:31.906161+00:00
202,8,5c66392a4aefa3deeb31930ac9e104b52427d6de18a0e7c262be582b172e8328,first_floor,Bedroom 2,segment,"12'4"" x 11'4""",3.76m x 3.45m,2.0,2.0,1.0,15.0,256.0,39.0,513.0,336.0,12.972,139.7777777777778,76329.0,66496.0,0.8711760929659762,0.0001699485123609,0.0018312538848639,11.3,,121.77,,2025-04-12T12:35:31.906161+00:00
202,8,5c66392a4aefa3deeb31930ac9e104b52427d6de18a0e7c262be582b172e8328,first_floor,Bedroom 3,segment,"14'3"" x 11'4""",4.34m x 3.45m,3.0,1.0,3.0,8.0,257.0,343.0,513.0,637.0,14.973,161.5,75264.0,69390.5,0.921961362670068,0.0001989397321428,0.0021457801870748,13.8,,148.9,,2025-04-12T12:35:31.906161+00:00
202,8,5c66392a4aefa3deeb31930ac9e104b52427d6de18a0e7c262be582b172e8328,first_floor,Bathroom,segment,,,4.0,1.0,1.0,4.0,104.0,483.0,249.0,595.0,,,16240.0,15943.5,0.9817426108374384,0.0,0.0,0.0,,0.0,,2025-04-12T12:35:31.906161+00:00
202,8,5c66392a4aefa3deeb31930ac9e104b52427d6de18a0e7c262be582b172e8328,first_floor,Bedroom 4,segment,,,5.0,1.0,1.0,4.0,38.0,216.0,158.0,288.0,,,8640.0,8580.0,0.9930555555555556,0.0,0.0,0.0,,0.0,,2025-04-12T12:35:31.906161+00:00
202,8,5c66392a4aefa3deeb31930ac9e104b52427d6de18a0e7c262be582b172e8328,first_floor,Hallway (AI),segment,,,6.0,5.0,0.0,6.0,166.0,216.0,250.0,476.0,,,21840.0,21217.0,0.971474358974359,0.0,0.0,0.0,,0.0,,2025-04-12T12:35:31.906161+00:00
202,8,5c66392a4aefa3deeb31930ac9e104b52427d6de18a0e7c262be582b172e8328,first_floor,stairs,object,,,,1.0,,4.0,251.0,282.0,376.0,336.0,,,6750.0,6750.0,1.0,0.0,0.0,0.0,,0.0,,2025-04-12T12:35:31.906161+00:00
202,8,5c66392a4aefa3deeb31930ac9e104b52427d6de18a0e7c262be582b172e8328,first_floor,stairs,object,,,,,,4.0,104.0,295.0,159.0,476.0,,,9955.0,9955.0,1.0,0.0,0.0,0.0,,0.0,,2025-04-12T12:35:31.906161+00:00
202,8,5c66392a4aefa3deeb31930ac9e104b52427d6de18a0e7c262be582b172e8328,,,,,,,,,,,,,,,,,,,,,,,,,2025-04-12T12:35:31.906161+00:00
203,8,060230c55e42db2c863ef6470edb5a3df1f89241e07e5d5dba7eeb0ec63dccab,ground_floor,Conservatory / Dining Room,segment,"14'8"" x 8'5""",4.47m x 2.57m,1.0,1.0,5.0,11.0,38.0,89.0,414.0,323.0,11.487899999999998,123.44444444444444,87984.0,86042.5,0.9779334879068922,0.0001305680578286,0.001403032874664,11.23,,120.72,,2025-04-12T12:35:31.906183+00:00
203,8,060230c55e42db2c863ef6470edb5a3df1f89241e07e5d5dba7eeb0ec63dccab,ground_floor,Lounge,segment,"16'8"" x 14'4""",5.08m x 4.37m,2.0,2.0,2.0,11.0,39.0,337.0,413.0,784.0,22.1996,238.8888888888889,167178.0,133639.0,0.7993814975654692,0.0001327901996674,0.0014289493168293,17.75,,190.96,,2025-04-12T12:35:31.906183+00:00
203,8,060230c55e42db2c863ef6470edb5a3df1f89241e07e5d5dba7eeb0ec63dccab,ground_floor,Kitchen,segment,"7'10"" x 7'9""",2.39m x 2.36m,3.0,1.0,1.0,6.0,207.0,721.0,413.0,930.0,5.6404,60.70833333333333,43054.0,42706.0,0.9919171273284711,0.0001310075718864,0.001410050943776,5.59,,60.22,,2025-04-12T12:35:31.906183+00:00
203,8,060230c55e42db2c863ef6470edb5a3df1f89241e07e5d5dba7eeb0ec63dccab,ground_floor,Storage (AI),segment,,,4.0,1.0,0.0,5.0,39.0,589.0,112.0,713.0,,,9052.0,8856.5,0.9784025629695094,0.0,0.0,0.0,,0.0,,2025-04-12T12:35:31.906183+00:00
203,8,060230c55e42db2c863ef6470edb5a3df1f89241e07e5d5dba7eeb0ec63dccab,ground_floor,Storage (AI),segment,,,5.0,3.0,1.0,8.0,39.0,723.0,197.0,928.0,,,32390.0,22515.5,0.6951373880827416,0.0,0.0,0.0,,0.0,,2025-04-12T12:35:31.906183+00:00
203,8,060230c55e42db2c863ef6470edb5a3df1f89241e07e5d5dba7eeb0ec63dccab,ground_floor,Kitchen,segment,2'9 x 2'3,0.84 x 0.65,6.0,1.0,0.0,5.0,207.0,949.0,267.0,1022.0,0.546,6.1875,4380.0,4229.0,0.9655251141552512,0.0001246575342465,0.0014126712328767,0.53,,5.97,,2025-04-12T12:35:31.906183+00:00
203,8,060230c55e42db2c863ef6470edb5a3df1f89241e07e5d5dba7eeb0ec63dccab,ground_floor,stairs,object,,,,,,4.0,38.0,723.0,111.0,780.0,,,4161.0,4068.5,0.9777697668829608,0.0,0.0,0.0,,0.0,,2025-04-12T12:35:31.906183+00:00
203,8,060230c55e42db2c863ef6470edb5a3df1f89241e07e5d5dba7eeb0ec63dccab,,,,,,,,,,,,,,,,,,,,,,,,,2025-04-12T12:35:31.906183+00:00
203,8,060230c55e42db2c863ef6470edb5a3df1f89241e07e5d5dba7eeb0ec63dccab,second_floor,Bedroom 1,segment,"15'10"" x 13'9""",4.83m x 4.19m,1.0,3.0,2.0,8.0,42.0,42.0,416.0,475.0,20.237700000000004,217.70833333333331,161942.0,135709.0,0.838009904780724,0.0001249688159958,0.0013443599148666,16.96,,182.44,,2025-04-12T12:35:31.906183+00:00
203,8,060230c55e42db2c863ef6470edb5a3df1f89241e07e5d5dba7eeb0ec63dccab,second_floor,Down,segment,,,2.0,1.0,0.0,8.0,42.0,200.0,115.0,475.0,,,20075.0,7859.5,0.3915068493150685,0.0,0.0,0.0,,0.0,,2025-04-12T12:35:31.906183+00:00
203,8,060230c55e42db2c863ef6470edb5a3df1f89241e07e5d5dba7eeb0ec63dccab,second_floor,Eaves,segment,"14'5"" x 5'0""",4.39m x 1.52m,3.0,2.0,0.0,6.0,42.0,482.0,416.0,629.0,6.6728,72.08333333333333,54978.0,54231.0,0.9864127469169486,0.0001213721852377,0.0013111305128111,6.58,,71.1,,2025-04-12T12:35:31.906183+00:00
203,8,060230c55e42db2c863ef6470edb5a3df1f89241e07e5d5dba7eeb0ec63dccab,second_floor,stairs,object,,,,,,4.0,41.0,293.0,113.0,464.0,,,12312.0,11936.0,0.9694606887589344,0.0,0.0,0.0,,0.0,,2025-04-12T12:35:31.906183+00:00
203,8,060230c55e42db2c863ef6470edb5a3df1f89241e07e5d5dba7eeb0ec63dccab,,,,,,,,,,,,,,,,,,,,,,,,,2025-04-12T12:35:31.906183+00:00
203,8,060230c55e42db2c863ef6470edb5a3df1f89241e07e5d5dba7eeb0ec63dccab,first_floor,Bedroom 4,segment,"6'6"" x 6'6""",1.98m x 1.98m,1.0,1.0,1.0,6.0,43.0,42.0,213.0,213.0,3.9204,42.25,29070.0,28952.0,0.9959408324733402,0.0001348606811145,0.001453388372893,3.9,,42.08,,2025-04-12T12:35:31.906183+00:00
203,8,060230c55e42db2c863ef6470edb5a3df1f89241e07e5d5dba7eeb0ec63dccab,first_floor,Bedroom 3,segment,"9'5"" x 7'11""",2.87m x 2.41m,2.0,5.0,1.0,14.0,43.0,42.0,416.0,463.0,6.9167000000000005,74.54861111111111,157033.0,68842.0,0.438391930358587,4.40461559035362e-05,0.0004747321334439,3.03,,32.68,,2025-04-12T12:35:31.906183+00:00
203,8,060230c55e42db2c863ef6470edb5a3df1f89241e07e5d5dba7eeb0ec63dccab,first_floor,Bedroom 2,segment,"12'7"" x 7'9""",3.84m x 2.36m,3.0,1.0,1.0,5.0,215.0,360.0,416.0,629.0,9.062399999999998,97.52083333333334,54069.0,52884.5,0.9780928073387708,0.0001676080563724,0.001803636711116,8.86,,95.38,,2025-04-12T12:35:31.906183+00:00
203,8,060230c55e42db2c863ef6470edb5a3df1f89241e07e5d5dba7eeb0ec63dccab,first_floor,Storage Room (AI),segment,,,4.0,1.0,0.0,6.0,213.0,304.0,284.0,350.0,,,3266.0,3127.5,0.9575933864053888,0.0,0.0,0.0,,0.0,,2025-04-12T12:35:31.906183+00:00
203,8,060230c55e42db2c863ef6470edb5a3df1f89241e07e5d5dba7eeb0ec63dccab,first_floor,Bathroom (AI),segment,,,5.0,0.0,0.0,4.0,295.0,304.0,416.0,356.0,,,6292.0,6027.5,0.9579624920534012,0.0,0.0,0.0,,0.0,,2025-04-12T12:35:31.906183+00:00
203,8,060230c55e42db2c863ef6470edb5a3df1f89241e07e5d5dba7eeb0ec63dccab,first_floor,Bathroom (AI),segment,,,6.0,1.0,1.0,6.0,43.0,472.0,205.0,629.0,,,25434.0,20552.0,0.8080522135723834,0.0,0.0,0.0,,0.0,,2025-04-12T12:35:31.906183+00:00
203,8,060230c55e42db2c863ef6470edb5a3df1f89241e07e5d5dba7eeb0ec63dccab,first_floor,stairs,object,,,,,,4.0,43.0,387.0,119.0,461.0,,,5624.0,5476.0,0.9736842105263158,0.0,0.0,0.0,,0.0,,2025-04-12T12:35:31.906183+00:00
203,8,060230c55e42db2c863ef6470edb5a3df1f89241e07e5d5dba7eeb0ec63dccab,first_floor,stairs,object,,,,,,4.0,41.0,231.0,119.0,458.0,,,17706.0,17138.5,0.967948717948718,0.0,0.0,0.0,,0.0,,2025-04-12T12:35:31.906183+00:00
203,8,060230c55e42db2c863ef6470edb5a3df1f89241e07e5d5dba7eeb0ec63dccab,first_floor,stairs,object,,,,,,4.0,44.0,224.0,119.0,300.0,,,5700.0,5662.0,0.9933333333333332,0.0,0.0,0.0,,0.0,,2025-04-12T12:35:31.906183+00:00
203,8,060230c55e42db2c863ef6470edb5a3df1f89241e07e5d5dba7eeb0ec63dccab,,,,,,,,,,,,,,,,,,,,,,,,,2025-04-12T12:35:31.906183+00:00
203,8,060230c55e42db2c863ef6470edb5a3df1f89241e07e5d5dba7eeb0ec63dccab,garage,Garage,segment,"17'2"" x 8'9""",5.23m x 2.67m,1.0,1.0,0.0,7.0,42.0,41.0,498.0,274.0,13.9641,150.20833333333334,106248.0,104530.5,0.9838349898351028,0.0001314292974926,0.0014137521020003,13.74,,147.78,,2025-04-12T12:35:31.906183+00:00
203,8,060230c55e42db2c863ef6470edb5a3df1f89241e07e5d5dba7eeb0ec63dccab,,,,,,,,,,,,,,,,,,,,,,,,,2025-04-12T12:35:31.906183+00:00
140,8,a9f96b25f4bc01577bfec90d6c547035bb4db4fd37d6f17ab7004eb158097ec0,ground_floor,Shed,segment,,,3.0,1.0,1.0,20.0,55.0,74.0,257.0,250.0,,,35552.0,23046.5,0.6482476372637264,0.0,0.0,0.0,,0.0,,2025-04-12T12:35:31.906245+00:00
140,8,a9f96b25f4bc01577bfec90d6c547035bb4db4fd37d6f17ab7004eb158097ec0,ground_floor,Utility,segment,,,4.0,1.0,0.0,10.0,868.0,308.0,1022.0,454.0,,,22484.0,21106.5,0.938734210994485,0.0,0.0,0.0,,0.0,,2025-04-12T12:35:31.906245+00:00
140,8,a9f96b25f4bc01577bfec90d6c547035bb4db4fd37d6f17ab7004eb158097ec0,ground_floor,Utility (AI),segment,,,5.0,1.0,0.0,6.0,1035.0,309.0,1091.0,453.0,,,8064.0,6932.0,0.8596230158730159,0.0,0.0,0.0,,0.0,,2025-04-12T12:35:31.906245+00:00
140,8,a9f96b25f4bc01577bfec90d6c547035bb4db4fd37d6f17ab7004eb158097ec0,ground_floor,Utility (AI),segment,,,6.0,6.0,1.0,6.0,1101.0,309.0,1489.0,454.0,,,56260.0,50432.0,0.8964095271951653,0.0,0.0,0.0,,0.0,,2025-04-12T12:35:31.906245+00:00
140,8,a9f96b25f4bc01577bfec90d6c547035bb4db4fd37d6f17ab7004eb158097ec0,ground_floor,Bathroom (AI),not segment,,,7.0,,,0.0,,,,,,,,,,0.0,0.0,0.0,,0.0,,2025-04-12T12:35:31.906245+00:00
140,8,a9f96b25f4bc01577bfec90d6c547035bb4db4fd37d6f17ab7004eb158097ec0,ground_floor,stairs,object,,,,,,4.0,1241.0,387.0,1349.0,452.0,,,7020.0,6849.0,0.9756410256410256,0.0,0.0,0.0,,0.0,,2025-04-12T12:35:31.906245+00:00
140,8,a9f96b25f4bc01577bfec90d6c547035bb4db4fd37d6f17ab7004eb158097ec0,,,,,,,,,,,,,,,,,,,,,,,,,2025-04-12T12:35:31.906245+00:00
140,8,a9f96b25f4bc01577bfec90d6c547035bb4db4fd37d6f17ab7004eb158097ec0,second_floor,Bedroom,segment,"19'11"" x 10'2""",6.08m x 3.11m,1.0,3.0,1.0,22.0,47.0,73.0,576.0,452.0,18.9088,202.48611111111111,200491.0,115731.5,0.5772403748796704,9.431246290357172e-05,0.0010099511255423,10.91,,116.88,,2025-04-12T12:35:31.906245+00:00
140,8,a9f96b25f4bc01577bfec90d6c547035bb4db4fd37d6f17ab7004eb158097ec0,second_floor,Dn,not segment,,,2.0,,,0.0,,,,,,,,,,0.0,0.0,0.0,,0.0,,2025-04-12T12:35:31.906245+00:00
140,8,a9f96b25f4bc01577bfec90d6c547035bb4db4fd37d6f17ab7004eb158097ec0,second_floor,Dn (AI),segment,,,3.0,0.0,0.0,4.0,350.0,304.0,445.0,340.0,,,3420.0,3257.0,0.9523391812865496,0.0,0.0,0.0,,0.0,,2025-04-12T12:35:31.906245+00:00
140,8,a9f96b25f4bc01577bfec90d6c547035bb4db4fd37d6f17ab7004eb158097ec0,second_floor,Bathroom (AI),segment,,,4.0,1.0,1.0,6.0,47.0,322.0,254.0,452.0,,,26910.0,26608.5,0.9887959866220736,0.0,0.0,0.0,,0.0,,2025-04-12T12:35:31.906245+00:00
140,8,a9f96b25f4bc01577bfec90d6c547035bb4db4fd37d6f17ab7004eb158097ec0,second_floor,Dn (AI),segment,,,5.0,0.0,0.0,4.0,352.0,353.0,465.0,361.0,,,904.0,476.0,0.5265486725663717,0.0,0.0,0.0,,0.0,,2025-04-12T12:35:31.906245+00:00
140,8,a9f96b25f4bc01577bfec90d6c547035bb4db4fd37d6f17ab7004eb158097ec0,second_floor,stairs,object,,,,,,4.0,278.0,346.0,351.0,454.0,,,7884.0,7884.0,1.0,0.0,0.0,0.0,,0.0,,2025-04-12T12:35:31.906245+00:00
140,8,a9f96b25f4bc01577bfec90d6c547035bb4db4fd37d6f17ab7004eb158097ec0,second_floor,stairs,object,,,,,,4.0,279.0,361.0,466.0,454.0,,,17391.0,17158.5,0.9866310160427808,0.0,0.0,0.0,,0.0,,2025-04-12T12:35:31.906245+00:00
140,8,a9f96b25f4bc01577bfec90d6c547035bb4db4fd37d6f17ab7004eb158097ec0,,,,,,,,,,,,,,,,,,,,,,,,,2025-04-12T12:35:31.906245+00:00
140,8,a9f96b25f4bc01577bfec90d6c547035bb4db4fd37d6f17ab7004eb158097ec0,first_floor,Bedroom,segment,"14'8"" x 10'11""",4.47m x 3.32m,1.0,1.0,3.0,13.0,377.0,47.0,725.0,306.0,14.8404,160.1111111111111,90132.0,77347.5,0.8581580348821728,0.0001646518439621,0.0017764069488207,12.74,,137.4,,2025-04-12T12:35:31.906245+00:00
140,8,a9f96b25f4bc01577bfec90d6c547035bb4db4fd37d6f17ab7004eb158097ec0,first_floor,Bedroom,segment,"13'5"" x 10'8""",4.10m x 3.26m,2.0,1.0,1.0,7.0,51.0,69.0,365.0,299.0,13.365999999999998,143.1111111111111,72220.0,69052.5,0.9561409581833288,0.0001850733868734,0.0019815994338287,12.78,,136.83,,2025-04-12T12:35:31.906245+00:00
140,8,a9f96b25f4bc01577bfec90d6c547035bb4db4fd37d6f17ab7004eb158097ec0,first_floor,Bathroom,segment,"8'2"" x 6'0""",2.50m x 1.83m,3.0,1.0,1.0,4.0,481.0,319.0,669.0,452.0,4.575,49.0,25004.0,23756.5,0.9501079827227644,0.000182970724684,0.0019596864501679,4.35,,46.56,,2025-04-12T12:35:31.906245+00:00
140,8,a9f96b25f4bc01577bfec90d6c547035bb4db4fd37d6f17ab7004eb158097ec0,first_floor,Bedroom (AI),segment,,,4.0,0.0,0.0,4.0,51.0,47.0,142.0,76.0,,,2639.0,2624.5,0.9945054945054944,0.0,0.0,0.0,,0.0,,2025-04-12T12:35:31.906245+00:00
140,8,a9f96b25f4bc01577bfec90d6c547035bb4db4fd37d6f17ab7004eb158097ec0,first_floor,Bedroom (AI),segment,,,5.0,0.0,0.0,5.0,265.0,46.0,365.0,76.0,,,3000.0,2584.0,0.8613333333333333,0.0,0.0,0.0,,0.0,,2025-04-12T12:35:31.906245+00:00
140,8,a9f96b25f4bc01577bfec90d6c547035bb4db4fd37d6f17ab7004eb158097ec0,first_floor,Hallway (AI),segment,,,6.0,0.0,0.0,5.0,377.0,46.0,468.0,77.0,,,2821.0,2557.5,0.9065934065934066,0.0,0.0,0.0,,0.0,,2025-04-12T12:35:31.906245+00:00
140,8,a9f96b25f4bc01577bfec90d6c547035bb4db4fd37d6f17ab7004eb158097ec0,first_floor,Bathroom (AI),segment,,,7.0,1.0,1.0,6.0,51.0,312.0,268.0,452.0,,,30380.0,29938.0,0.9854509545753786,0.0,0.0,0.0,,0.0,,2025-04-12T12:35:31.906245+00:00
140,8,a9f96b25f4bc01577bfec90d6c547035bb4db4fd37d6f17ab7004eb158097ec0,first_floor,Dn Up (AI),segment,,,8.0,2.0,0.0,5.0,281.0,312.0,468.0,381.0,,,12903.0,11747.0,0.9104084321475626,0.0,0.0,0.0,,0.0,,2025-04-12T12:35:31.906245+00:00
140,8,a9f96b25f4bc01577bfec90d6c547035bb4db4fd37d6f17ab7004eb158097ec0,first_floor,stairs,object,,,,,,4.0,282.0,381.0,471.0,452.0,,,13419.0,13419.0,1.0,0.0,0.0,0.0,,0.0,,2025-04-12T12:35:31.906245+00:00
140,8,a9f96b25f4bc01577bfec90d6c547035bb4db4fd37d6f17ab7004eb158097ec0,,,,,,,,,,,,,,,,,,,,,,,,,2025-04-12T12:35:31.906245+00:00
207,8,7f2ad9dca2cd222b96ad99fc3481294a693e27c55d4421eb3f16016517c11d83,ground_floor,KITCHEN,segment,"14'9"" x 11'7""",4.49m x 3.54m,1.0,2.0,0.0,7.0,339.0,68.0,802.0,920.0,15.8946,170.85416666666669,394476.0,344616.0,0.873604477838956,4.029294557843824e-05,0.0004331167591099,13.89,,149.26,,2025-04-12T12:35:31.906309+00:00
207,8,7f2ad9dca2cd222b96ad99fc3481294a693e27c55d4421eb3f16016517c11d83,ground_floor,BEDROOM 2,segment,"11'4"" x 9'7""",3.45m x 2.92m,2.0,1.0,1.0,5.0,1237.0,68.0,1675.0,483.0,10.074,108.61111111111111,181770.0,177407.5,0.9759998899708424,5.542168674698795e-05,0.0005975194537663,9.83,,106.0,,2025-04-12T12:35:31.906309+00:00
207,8,7f2ad9dca2cd222b96ad99fc3481294a693e27c55d4421eb3f16016517c11d83,ground_floor,BEDROOM 3,segment,"9'7"" x 7'7""",2.92m x 2.30m,3.0,1.0,1.0,5.0,1693.0,68.0,1996.0,486.0,6.715999999999999,72.67361111111111,126654.0,125338.5,0.9896134350277132,5.302635526710565e-05,0.0005737964147291,6.65,,71.92,,2025-04-12T12:35:31.906309+00:00
207,8,7f2ad9dca2cd222b96ad99fc3481294a693e27c55d4421eb3f16016517c11d83,ground_floor,DINING ROOM,segment,"10'9"" x 9'0""",3.27m x 2.75m,4.0,1.0,1.0,9.0,45.0,379.0,403.0,1001.0,8.9925,96.75,222676.0,219514.5,0.9858022418221992,4.038378630835833e-05,0.0004344877759614,8.86,,95.38,,2025-04-12T12:35:31.906309+00:00
207,8,7f2ad9dca2cd222b96ad99fc3481294a693e27c55d4421eb3f16016517c11d83,ground_floor,BATHROOM,segment,,,5.0,1.0,0.0,10.0,1238.0,505.0,1568.0,862.0,,,117810.0,101878.5,0.8647695441813089,0.0,0.0,0.0,,0.0,,2025-04-12T12:35:31.906309+00:00
207,8,7f2ad9dca2cd222b96ad99fc3481294a693e27c55d4421eb3f16016517c11d83,ground_floor,MASTER BEDROOM,segment,"13'1"" x 10'1""",4.00m x 3.08m,6.0,0.0,1.0,6.0,1240.0,881.0,1747.0,1459.0,12.32,131.92361111111111,293046.0,289548.0,0.988063307467087,4.20411812479952e-05,0.0004501805556503,12.17,,130.35,,2025-04-12T12:35:31.906309+00:00
207,8,7f2ad9dca2cd222b96ad99fc3481294a693e27c55d4421eb3f16016517c11d83,ground_floor,BEDROOM 4,segment,"10'1"" x 6'6""",3.07m x 1.98m,7.0,1.0,1.0,11.0,1761.0,882.0,1997.0,1458.0,6.0786,65.54166666666667,135936.0,126887.0,0.93343190913371,4.47166313559322e-05,0.0004821509141556,5.67,,61.18,,2025-04-12T12:35:31.906309+00:00
207,8,7f2ad9dca2cd222b96ad99fc3481294a693e27c55d4421eb3f16016517c11d83,ground_floor,LOUNGE,segment,"14'6"" x 13'1""",4.42m x 4.00m,8.0,1.0,2.0,13.0,46.0,1009.0,555.0,1774.0,17.68,189.70833333333331,389385.0,362046.5,0.9297905671764448,4.5404933420650514e-05,0.0004871999006981,16.44,,176.39,,2025-04-12T12:35:31.906309+00:00
207,8,7f2ad9dca2cd222b96ad99fc3481294a693e27c55d4421eb3f16016517c11d83,ground_floor,WC,segment,,,9.0,1.0,0.0,6.0,692.0,1474.0,804.0,1779.0,,,34160.0,32274.5,0.9448038641686184,0.0,0.0,0.0,,0.0,,2025-04-12T12:35:31.906309+00:00
207,8,7f2ad9dca2cd222b96ad99fc3481294a693e27c55d4421eb3f16016517c11d83,ground_floor,STORM PORCH,segment,,,10.0,1.0,1.0,9.0,572.0,1800.0,803.0,2003.0,,,46893.0,42938.5,0.915669716162327,0.0,0.0,0.0,,0.0,,2025-04-12T12:35:31.906309+00:00
207,8,7f2ad9dca2cd222b96ad99fc3481294a693e27c55d4421eb3f16016517c11d83,ground_floor,Bathroom,segment,,,11.0,3.0,0.0,11.0,1579.0,506.0,1993.0,862.0,,,147384.0,106874.5,0.7251431634370081,0.0,0.0,0.0,,0.0,,2025-04-12T12:35:31.906309+00:00
207,8,7f2ad9dca2cd222b96ad99fc3481294a693e27c55d4421eb3f16016517c11d83,ground_floor,Bathroom,segment,,,12.0,1.0,0.0,7.0,1511.0,701.0,1567.0,860.0,,,8904.0,8303.0,0.9325022461814916,0.0,0.0,0.0,,0.0,,2025-04-12T12:35:31.906309+00:00
207,8,7f2ad9dca2cd222b96ad99fc3481294a693e27c55d4421eb3f16016517c11d83,ground_floor,Kitchen,segment,,,13.0,0.0,0.0,6.0,420.0,940.0,511.0,1143.0,,,18473.0,17821.0,0.9647052454934228,0.0,0.0,0.0,,0.0,,2025-04-12T12:35:31.906309+00:00
207,8,7f2ad9dca2cd222b96ad99fc3481294a693e27c55d4421eb3f16016517c11d83,ground_floor,Kitchen,segment,"4'9"" x 11'4""",1.49m x 3.45m,14.0,3.0,0.0,17.0,527.0,940.0,806.0,1781.0,5.1405,53.833333333333336,234639.0,141677.0,0.6038084035475774,2.1908122690601308e-05,0.0002294304584205,3.1,,32.51,,2025-04-12T12:35:31.906309+00:00
207,8,7f2ad9dca2cd222b96ad99fc3481294a693e27c55d4421eb3f16016517c11d83,ground_floor,Unknown (AI),not segment,,,15.0,,,0.0,,,,,,,,,,0.0,0.0,0.0,,0.0,,2025-04-12T12:35:31.906309+00:00
207,8,7f2ad9dca2cd222b96ad99fc3481294a693e27c55d4421eb3f16016517c11d83,ground_floor,Lounge,segment,"14'6"" x 13'1""",4.42m x 4.00m,16.0,0.0,0.0,19.0,1180.0,1088.0,1210.0,1293.0,17.68,189.70833333333331,6150.0,2633.0,0.428130081300813,0.0028747967479674,0.0308468834688346,7.57,,81.22,,2025-04-12T12:35:31.906309+00:00
207,8,7f2ad9dca2cd222b96ad99fc3481294a693e27c55d4421eb3f16016517c11d83,ground_floor,stairs,object,,,,,,4.0,679.0,1275.0,807.0,1456.0,,,23168.0,23168.0,1.0,0.0,0.0,0.0,,0.0,,2025-04-12T12:35:31.906309+00:00
207,8,7f2ad9dca2cd222b96ad99fc3481294a693e27c55d4421eb3f16016517c11d83,ground_floor,stairs,object,,,,,,4.0,1890.0,517.0,1992.0,857.0,,,34680.0,34120.5,0.9838667820069203,0.0,0.0,0.0,,0.0,,2025-04-12T12:35:31.906309+00:00
207,8,7f2ad9dca2cd222b96ad99fc3481294a693e27c55d4421eb3f16016517c11d83,,,,,,,,,,,,,,,,,,,,,,,,,2025-04-12T12:35:31.906309+00:00
208,8,3634c44090b569a30e4603ea051c39bfbd246b579fadf2be3be35dab7ea735e5,first_floor,stairs,object,,,,,,4.0,497.0,744.0,565.0,857.0,,,7684.0,7627.5,0.9926470588235294,0.0,0.0,0.0,,0.0,,2025-04-12T12:35:31.906331+00:00
208,8,3634c44090b569a30e4603ea051c39bfbd246b579fadf2be3be35dab7ea735e5,,,,,,,,,,,,,,,,,,,,,,,,,2025-04-12T12:35:31.906331+00:00
208,8,3634c44090b569a30e4603ea051c39bfbd246b579fadf2be3be35dab7ea735e5,garden_room,Garden Room,segment,"9'2"" x 15'9""",2.80m x 4.80m,1.0,0.0,2.0,5.0,39.0,38.0,384.0,243.0,13.44,144.375,70725.0,70552.5,0.997560975609756,0.0001900318133616,0.0020413573700954,13.41,,144.02,,2025-04-12T12:35:31.906331+00:00
208,8,3634c44090b569a30e4603ea051c39bfbd246b579fadf2be3be35dab7ea735e5,,,,,,,,,,,,,,,,,,,,,,,,,2025-04-12T12:35:31.906331+00:00
208,8,3634c44090b569a30e4603ea051c39bfbd246b579fadf2be3be35dab7ea735e5,ground_floor,Family Room,segment,"13'9"" x 17'7""",4.20m x 5.35m,1.0,2.0,3.0,15.0,43.0,41.0,436.0,498.0,22.47,241.7708333333333,179601.0,123649.5,0.6884677702239965,0.0001251106619673,0.0013461552738199,15.47,,166.45,,2025-04-12T12:35:31.906331+00:00
208,8,3634c44090b569a30e4603ea051c39bfbd246b579fadf2be3be35dab7ea735e5,ground_floor,Kitchen/Breakfast Room,segment,"12'7"" x 21'2""",3.85m x 6.45m,2.0,7.0,2.0,14.0,255.0,418.0,720.0,830.0,24.8325,266.34722222222223,191580.0,109402.0,0.5710512579601211,0.0001296194801127,0.001390266323323,14.18,,152.1,,2025-04-12T12:35:31.906331+00:00
208,8,3634c44090b569a30e4603ea051c39bfbd246b579fadf2be3be35dab7ea735e5,ground_floor,Dining Room,segment,"12'7"" x 10'8""",3.85m x 3.25m,3.0,2.0,2.0,6.0,727.0,553.0,961.0,830.0,12.5125,134.22222222222223,64818.0,60942.0,0.9402017957974635,0.0001930405134376,0.0020707553800213,11.76,,126.2,,2025-04-12T12:35:31.906331+00:00
208,8,3634c44090b569a30e4603ea051c39bfbd246b579fadf2be3be35dab7ea735e5,ground_floor,Garage,segment,"17'5"" x 11'10""",5.30m x 3.60m,4.0,2.0,0.0,7.0,255.0,685.0,514.0,1067.0,19.08,206.09722222222223,98938.0,91525.5,0.9250793426186096,0.0001928480462511,0.0020830946878067,17.65,,190.66,,2025-04-12T12:35:31.906331+00:00
208,8,3634c44090b569a30e4603ea051c39bfbd246b579fadf2be3be35dab7ea735e5,ground_floor,Living Room,segment,"12'2"" x 13'9""",3.70m x 4.20m,5.0,1.0,0.0,7.0,658.0,837.0,961.0,1104.0,15.54,167.29166666666666,80901.0,79295.0,0.9801485766554184,0.0001920866243927,0.0020678565983939,15.23,,163.97,,2025-04-12T12:35:31.906331+00:00
208,8,3634c44090b569a30e4603ea051c39bfbd246b579fadf2be3be35dab7ea735e5,ground_floor,Storage (AI),segment,,,6.0,1.0,1.0,5.0,254.0,443.0,345.0,546.0,,,9373.0,8127.0,0.8670649738610904,0.0,0.0,0.0,,0.0,,2025-04-12T12:35:31.906331+00:00
208,8,3634c44090b569a30e4603ea051c39bfbd246b579fadf2be3be35dab7ea735e5,ground_floor,Kitchen/Breakfast Room (AI),segment,,,7.0,1.0,0.0,5.0,523.0,768.0,585.0,830.0,,,3844.0,3717.5,0.9670915712799169,0.0,0.0,0.0,,0.0,,2025-04-12T12:35:31.906331+00:00
208,8,3634c44090b569a30e4603ea051c39bfbd246b579fadf2be3be35dab7ea735e5,ground_floor,Hallway (AI),segment,,,8.0,2.0,0.0,15.0,522.0,836.0,652.0,1104.0,,,34840.0,24697.0,0.7088691159586682,0.0,0.0,0.0,,0.0,,2025-04-12T12:35:31.906331+00:00
208,8,3634c44090b569a30e4603ea051c39bfbd246b579fadf2be3be35dab7ea735e5,ground_floor,stairs,object,,,,,,4.0,523.0,852.0,590.0,928.0,,,5092.0,4951.0,0.9723095051060489,0.0,0.0,0.0,,0.0,,2025-04-12T12:35:31.906331+00:00
208,8,3634c44090b569a30e4603ea051c39bfbd246b579fadf2be3be35dab7ea735e5,,,,,,,,,,,,,,,,,,,,,,,,,2025-04-12T12:35:31.906331+00:00
208,8,3634c44090b569a30e4603ea051c39bfbd246b579fadf2be3be35dab7ea735e5,first_floor,Play Room,segment,"8'10"" x 16'9""",2.70m x 5.10m,1.0,1.0,1.0,17.0,41.0,40.0,309.0,428.0,13.77,147.95833333333334,103984.0,74864.0,0.7199569164486844,0.0001324242191106,0.0014228951890034,9.91,,106.52,,2025-04-12T12:35:31.906331+00:00
208,8,3634c44090b569a30e4603ea051c39bfbd246b579fadf2be3be35dab7ea735e5,first_floor,Bedroom,segment,"9'4"" x 11'10""",2.85m x 3.60m,2.0,3.0,1.0,8.0,230.0,416.0,490.0,666.0,10.26,110.44444444444446,65000.0,62147.0,0.9561076923076924,0.0001578461538461,0.0016991452991452,9.81,,105.6,,2025-04-12T12:35:31.906331+00:00
208,8,3634c44090b569a30e4603ea051c39bfbd246b579fadf2be3be35dab7ea735e5,first_floor,Bedroom,segment,"11'4"" x 11'0""",3.45m x 3.35m,3.0,10.0,1.0,16.0,420.0,543.0,936.0,888.0,11.5575,124.66666666666669,178020.0,90268.0,0.5070666217278957,6.492248062015504e-05,0.0007002958469085,5.86,,63.21,,2025-04-12T12:35:31.906331+00:00
208,8,3634c44090b569a30e4603ea051c39bfbd246b579fadf2be3be35dab7ea735e5,first_floor,Bedroom,segment,"11'0"" x 11'10""",3.35m x 3.60m,4.0,5.0,1.0,8.0,230.0,745.0,490.0,1056.0,12.06,130.16666666666669,80860.0,58235.5,0.7202015829829335,0.0001491466732624,0.0016097782174952,8.69,,93.75,,2025-04-12T12:35:31.906331+00:00
208,8,3634c44090b569a30e4603ea051c39bfbd246b579fadf2be3be35dab7ea735e5,first_floor,Bedroom,segment,"12'2"" x 11'0""",3.70m x 3.35m,5.0,4.0,1.0,16.0,692.0,826.0,937.0,1094.0,12.395,133.83333333333331,65660.0,58854.0,0.8963448065793481,0.000188775510204,0.0020382779977662,11.11,,119.96,,2025-04-12T12:35:31.906331+00:00
208,8,3634c44090b569a30e4603ea051c39bfbd246b579fadf2be3be35dab7ea735e5,first_floor,Bedroom,segment,"9'0"" x 8'10""",2.75m x 2.70m,6.0,1.0,1.0,6.0,497.0,895.0,688.0,1094.0,7.425000000000001,79.5,38009.0,37385.0,0.9835828356441896,0.0001953484700991,0.00209160988187,7.3,,78.19,,2025-04-12T12:35:31.906331+00:00
208,8,3634c44090b569a30e4603ea051c39bfbd246b579fadf2be3be35dab7ea735e5,first_floor,Bathroom (AI),segment,,,7.0,2.0,1.0,4.0,498.0,543.0,688.0,666.0,,,23370.0,21968.0,0.9400085579803168,0.0,0.0,0.0,,0.0,,2025-04-12T12:35:31.906331+00:00
208,8,3634c44090b569a30e4603ea051c39bfbd246b579fadf2be3be35dab7ea735e5,first_floor,Bedroom (AI),segment,,,8.0,1.0,1.0,10.0,230.0,672.0,349.0,809.0,,,16303.0,14899.5,0.9139115500214684,0.0,0.0,0.0,,0.0,,2025-04-12T12:35:31.906331+00:00
208,8,3634c44090b569a30e4603ea051c39bfbd246b579fadf2be3be35dab7ea735e5,first_floor,Bathroom (AI),segment,,,9.0,2.0,0.0,5.0,356.0,672.0,412.0,738.0,,,3696.0,3298.0,0.8923160173160173,0.0,0.0,0.0,,0.0,,2025-04-12T12:35:31.906331+00:00
208,8,3634c44090b569a30e4603ea051c39bfbd246b579fadf2be3be35dab7ea735e5,first_floor,Hallway (AI),segment,,,10.0,2.0,0.0,4.0,637.0,673.0,687.0,722.0,,,2450.0,2329.5,0.9508163265306122,0.0,0.0,0.0,,0.0,,2025-04-12T12:35:31.906331+00:00
208,8,3634c44090b569a30e4603ea051c39bfbd246b579fadf2be3be35dab7ea735e5,first_floor,Landing (AI),segment,,,11.0,2.0,0.0,4.0,356.0,746.0,412.0,808.0,,,3472.0,3329.0,0.9588133640552996,0.0,0.0,0.0,,0.0,,2025-04-12T12:35:31.906331+00:00
208,8,3634c44090b569a30e4603ea051c39bfbd246b579fadf2be3be35dab7ea735e5,first_floor,Bedroom,segment,,,12.0,1.0,0.0,5.0,765.0,778.0,846.0,819.0,,,3321.0,3063.0,0.922312556458898,0.0,0.0,0.0,,0.0,,2025-04-12T12:35:31.906331+00:00
208,8,3634c44090b569a30e4603ea051c39bfbd246b579fadf2be3be35dab7ea735e5,first_floor,Bathroom (AI),segment,,,13.0,1.0,0.0,5.0,854.0,779.0,936.0,819.0,,,3280.0,3127.0,0.9533536585365854,0.0,0.0,0.0,,0.0,,2025-04-12T12:35:31.906331+00:00
208,8,3634c44090b569a30e4603ea051c39bfbd246b579fadf2be3be35dab7ea735e5,first_floor,Bedroom,segment,,,14.0,1.0,0.0,4.0,908.0,827.0,935.0,870.0,,,1161.0,1048.5,0.9031007751937984,0.0,0.0,0.0,,0.0,,2025-04-12T12:35:31.906331+00:00
208,8,3634c44090b569a30e4603ea051c39bfbd246b579fadf2be3be35dab7ea735e5,first_floor,Bathroom (AI),segment,,,15.0,1.0,0.0,4.0,460.0,851.0,489.0,951.0,,,2900.0,2646.0,0.9124137931034484,0.0,0.0,0.0,,0.0,,2025-04-12T12:35:31.906331+00:00
208,8,3634c44090b569a30e4603ea051c39bfbd246b579fadf2be3be35dab7ea735e5,first_floor,Bedroom (AI),segment,,,16.0,1.0,0.0,5.0,460.0,958.0,489.0,1057.0,,,2871.0,2626.5,0.9148380355276908,0.0,0.0,0.0,,0.0,,2025-04-12T12:35:31.906331+00:00
209,8,9be1f22d8e2acad2328cdc295a2423dc7ba9e8cb0ae14ac24c317b13914f2c6a,ground_floor,Garden,segment,"27'3"" x 15'11""",8.30m x 4.85m,1.0,3.0,2.0,12.0,39.0,25.0,420.0,332.0,40.255,433.7291666666666,116967.0,96521.5,0.8252028349876461,0.0003441568989544,0.0037081327781909,33.22,,357.91,,2025-04-12T12:35:31.906352+00:00
209,8,9be1f22d8e2acad2328cdc295a2423dc7ba9e8cb0ae14ac24c317b13914f2c6a,ground_floor,Reception Room,segment,"14'7"" x 12'1""",4.44m x 3.69m,2.0,2.0,1.0,7.0,49.0,345.0,258.0,523.0,16.3836,176.2152777777778,37202.0,35411.0,0.9518574270200528,0.0004403956776517,0.00473671517063,15.59,,167.73,,2025-04-12T12:35:31.906352+00:00
209,8,9be1f22d8e2acad2328cdc295a2423dc7ba9e8cb0ae14ac24c317b13914f2c6a,ground_floor,Kitchen/Breakfast Room,segment,"15'11"" x 14'7""",4.84m x 4.44m,3.0,1.0,2.0,14.0,48.0,577.0,260.0,816.0,21.489600000000003,232.11805555555557,50668.0,43748.0,0.8634246467198231,0.0004241256809031,0.0045811568555213,18.55,,200.42,,2025-04-12T12:35:31.906352+00:00
209,8,9be1f22d8e2acad2328cdc295a2423dc7ba9e8cb0ae14ac24c317b13914f2c6a,ground_floor,WC (AI),segment,,,4.0,1.0,1.0,4.0,321.0,269.0,381.0,432.0,,,9780.0,6996.0,0.7153374233128834,0.0,0.0,0.0,,0.0,,2025-04-12T12:35:31.906352+00:00
209,8,9be1f22d8e2acad2328cdc295a2423dc7ba9e8cb0ae14ac24c317b13914f2c6a,ground_floor,WC,segment,,,5.0,3.0,0.0,6.0,272.0,313.0,360.0,491.0,,,15664.0,9647.0,0.6158707865168539,0.0,0.0,0.0,,0.0,,2025-04-12T12:35:31.906352+00:00
209,8,9be1f22d8e2acad2328cdc295a2423dc7ba9e8cb0ae14ac24c317b13914f2c6a,ground_floor,Closet (AI),not segment,,,6.0,,,0.0,,,,,,,,,,0.0,0.0,0.0,,0.0,,2025-04-12T12:35:31.906352+00:00
209,8,9be1f22d8e2acad2328cdc295a2423dc7ba9e8cb0ae14ac24c317b13914f2c6a,ground_floor,Up,segment,,,7.0,5.0,0.0,9.0,221.0,498.0,324.0,569.0,,,7313.0,6982.5,0.9548065089566524,0.0,0.0,0.0,,0.0,,2025-04-12T12:35:31.906352+00:00
209,8,9be1f22d8e2acad2328cdc295a2423dc7ba9e8cb0ae14ac24c317b13914f2c6a,ground_floor,Cupboard (AI),segment,,,8.0,1.0,0.0,4.0,332.0,498.0,360.0,568.0,,,1960.0,1851.0,0.9443877551020408,0.0,0.0,0.0,,0.0,,2025-04-12T12:35:31.906352+00:00
209,8,9be1f22d8e2acad2328cdc295a2423dc7ba9e8cb0ae14ac24c317b13914f2c6a,ground_floor,Utility Room (AI),segment,,,9.0,1.0,0.0,8.0,48.0,530.0,140.0,616.0,,,7912.0,6246.0,0.7894337714863499,0.0,0.0,0.0,,0.0,,2025-04-12T12:35:31.906352+00:00
209,8,9be1f22d8e2acad2328cdc295a2423dc7ba9e8cb0ae14ac24c317b13914f2c6a,ground_floor,Bathroom (AI),segment,,,10.0,0.0,0.0,4.0,117.0,531.0,169.0,568.0,,,1924.0,1905.5,0.9903846153846154,0.0,0.0,0.0,,0.0,,2025-04-12T12:35:31.906352+00:00
209,8,9be1f22d8e2acad2328cdc295a2423dc7ba9e8cb0ae14ac24c317b13914f2c6a,ground_floor,stairs,object,,,,,,4.0,169.0,530.0,221.0,568.0,,,1976.0,1906.0,0.9645748987854252,0.0,0.0,0.0,,0.0,,2025-04-12T12:35:31.906352+00:00
209,8,9be1f22d8e2acad2328cdc295a2423dc7ba9e8cb0ae14ac24c317b13914f2c6a,,,,,,,,,,,,,,,,,,,,,,,,,2025-04-12T12:35:31.906352+00:00
209,8,9be1f22d8e2acad2328cdc295a2423dc7ba9e8cb0ae14ac24c317b13914f2c6a,second_floor,Bedroom3,segment,"14'7"" x 9'10""",4.44m x 2.99m,1.0,3.0,2.0,16.0,36.0,77.0,246.0,251.0,13.275600000000004,143.4027777777778,36540.0,34266.0,0.9377668308702792,0.000363316912972,0.0039245423584504,12.45,,134.48,,2025-04-12T12:35:31.906352+00:00
209,8,9be1f22d8e2acad2328cdc295a2423dc7ba9e8cb0ae14ac24c317b13914f2c6a,second_floor,Bedroom4,segment,"15'11"" x 8'2""",4.84m x 2.50m,2.0,2.0,2.0,8.0,36.0,259.0,150.0,496.0,12.1,129.9861111111111,27018.0,25629.5,0.9486083351839516,0.0004478495817603,0.0048110930161785,11.48,,123.31,,2025-04-12T12:35:31.906352+00:00
209,8,9be1f22d8e2acad2328cdc295a2423dc7ba9e8cb0ae14ac24c317b13914f2c6a,second_floor,Landing (AI),segment,,,3.0,1.0,0.0,5.0,212.0,226.0,246.0,258.0,,,1088.0,991.0,0.9108455882352942,0.0,0.0,0.0,,0.0,,2025-04-12T12:35:31.906352+00:00
209,8,9be1f22d8e2acad2328cdc295a2423dc7ba9e8cb0ae14ac24c317b13914f2c6a,second_floor,Bedroom 4,segment,,,4.0,2.0,0.0,7.0,159.0,299.0,246.0,395.0,,,8352.0,8187.5,0.9803041187739464,0.0,0.0,0.0,,0.0,,2025-04-12T12:35:31.906352+00:00
209,8,9be1f22d8e2acad2328cdc295a2423dc7ba9e8cb0ae14ac24c317b13914f2c6a,second_floor,Bathroom (AI),segment,,,5.0,1.0,1.0,6.0,159.0,403.0,246.0,496.0,,,8091.0,7314.5,0.9040291682115932,0.0,0.0,0.0,,0.0,,2025-04-12T12:35:31.906352+00:00
209,8,9be1f22d8e2acad2328cdc295a2423dc7ba9e8cb0ae14ac24c317b13914f2c6a,second_floor,stairs,object,,,,,,4.0,160.0,259.0,247.0,298.0,,,3393.0,3393.0,1.0,0.0,0.0,0.0,,0.0,,2025-04-12T12:35:31.906352+00:00
209,8,9be1f22d8e2acad2328cdc295a2423dc7ba9e8cb0ae14ac24c317b13914f2c6a,,,,,,,,,,,,,,,,,,,,,,,,,2025-04-12T12:35:31.906352+00:00
209,8,9be1f22d8e2acad2328cdc295a2423dc7ba9e8cb0ae14ac24c317b13914f2c6a,first_floor,Bedroom 2,segment,"14'7"" x 9'1""",4.44m x 2.76m,1.0,3.0,2.0,5.0,37.0,37.0,246.0,164.0,12.2544,132.4652777777778,26543.0,26271.0,0.9897524771126096,0.0004616810458501,0.0049905917860745,12.13,,131.11,,2025-04-12T12:35:31.906352+00:00
209,8,9be1f22d8e2acad2328cdc295a2423dc7ba9e8cb0ae14ac24c317b13914f2c6a,first_floor,Bedroom 1,segment,,,2.0,2.0,2.0,8.0,36.0,265.0,246.0,457.0,,,40320.0,30033.0,0.7448660714285714,0.0,0.0,0.0,,0.0,,2025-04-12T12:35:31.906352+00:00
209,8,9be1f22d8e2acad2328cdc295a2423dc7ba9e8cb0ae14ac24c317b13914f2c6a,first_floor,Bathroom (AI),segment,,,3.0,1.0,0.0,5.0,127.0,165.0,184.0,211.0,,,2622.0,2497.5,0.9525171624713958,0.0,0.0,0.0,,0.0,,2025-04-12T12:35:31.906352+00:00
209,8,9be1f22d8e2acad2328cdc295a2423dc7ba9e8cb0ae14ac24c317b13914f2c6a,first_floor,Down (AI),segment,,,4.0,2.0,0.0,4.0,36.0,170.0,76.0,259.0,,,3560.0,3182.5,0.8939606741573034,0.0,0.0,0.0,,0.0,,2025-04-12T12:35:31.906352+00:00
209,8,9be1f22d8e2acad2328cdc295a2423dc7ba9e8cb0ae14ac24c317b13914f2c6a,first_floor,Bathroom (AI),segment,,,5.0,1.0,0.0,10.0,159.0,171.0,246.0,293.0,,,10614.0,6946.0,0.6544186922931977,0.0,0.0,0.0,,0.0,,2025-04-12T12:35:31.906352+00:00
209,8,9be1f22d8e2acad2328cdc295a2423dc7ba9e8cb0ae14ac24c317b13914f2c6a,first_floor,Closet (AI),not segment,,,6.0,,,0.0,,,,,,,,,,0.0,0.0,0.0,,0.0,,2025-04-12T12:35:31.906352+00:00
209,8,9be1f22d8e2acad2328cdc295a2423dc7ba9e8cb0ae14ac24c317b13914f2c6a,first_floor,Bathroom (AI),segment,,,7.0,1.0,1.0,7.0,159.0,266.0,246.0,366.0,,,8700.0,6304.5,0.7246551724137931,0.0,0.0,0.0,,0.0,,2025-04-12T12:35:31.906352+00:00
209,8,9be1f22d8e2acad2328cdc295a2423dc7ba9e8cb0ae14ac24c317b13914f2c6a,first_floor,stairs,object,,,,,,4.0,76.0,220.0,152.0,259.0,,,2964.0,2907.0,0.9807692307692308,0.0,0.0,0.0,,0.0,,2025-04-12T12:35:31.906352+00:00
209,8,9be1f22d8e2acad2328cdc295a2423dc7ba9e8cb0ae14ac24c317b13914f2c6a,first_floor,stairs,object,,,,,,4.0,76.0,172.0,119.0,210.0,,,1634.0,1596.0,0.9767441860465116,0.0,0.0,0.0,,0.0,,2025-04-12T12:35:31.906352+00:00
209,8,9be1f22d8e2acad2328cdc295a2423dc7ba9e8cb0ae14ac24c317b13914f2c6a,,,,,,,,,,,,,,,,,,,,,,,,,2025-04-12T12:35:31.906352+00:00
50,8,7342d2d86922c4e404cb45bb5c95a658ab8ab613366f0ebe8db3de1874bd8551,first_floor,Bathroom (AI),segment,,,6.0,1.0,0.0,4.0,46.0,182.0,196.0,332.0,,,22500.0,22276.0,0.9900444444444444,0.0,0.0,0.0,,0.0,,2025-04-12T12:35:31.906373+00:00
50,8,7342d2d86922c4e404cb45bb5c95a658ab8ab613366f0ebe8db3de1874bd8551,ground_floor,Dining Room,segment,,,1.0,4.0,2.0,6.0,331.0,113.0,760.0,400.0,,,123123.0,121017.5,0.9828992146065316,0.0,0.0,0.0,,0.0,,2025-04-12T12:35:31.906373+00:00
50,8,7342d2d86922c4e404cb45bb5c95a658ab8ab613366f0ebe8db3de1874bd8551,ground_floor,Kitchen / Breakfast Room,segment,,,2.0,3.0,1.0,13.0,46.0,118.0,316.0,697.0,,,156330.0,137878.5,0.8819708309345615,0.0,0.0,0.0,,0.0,,2025-04-12T12:35:31.906373+00:00
50,8,7342d2d86922c4e404cb45bb5c95a658ab8ab613366f0ebe8db3de1874bd8551,ground_floor,Living Room,segment,"15'11"" x 14'11""",4.85m x 4.55m,3.0,2.0,2.0,11.0,331.0,414.0,764.0,818.0,22.0675,237.4236111111111,174932.0,165813.5,0.947874031052066,0.000126149017904,0.0013572337314562,20.92,,225.05,,2025-04-12T12:35:31.906373+00:00
50,8,7342d2d86922c4e404cb45bb5c95a658ab8ab613366f0ebe8db3de1874bd8551,ground_floor,Hall,segment,"9'11"" x 9'1""",3.02m x 2.77m,4.0,5.0,1.0,12.0,190.0,710.0,381.0,956.0,8.3654,90.07638888888889,46986.0,33954.0,0.7226407866172903,0.0001780402673136,0.0019170899606029,6.05,,65.09,,2025-04-12T12:35:31.906373+00:00
50,8,7342d2d86922c4e404cb45bb5c95a658ab8ab613366f0ebe8db3de1874bd8551,ground_floor,Utility Closet (AI),segment,,,5.0,1.0,1.0,6.0,105.0,709.0,201.0,790.0,,,7776.0,7505.0,0.9651491769547323,0.0,0.0,0.0,,0.0,,2025-04-12T12:35:31.906373+00:00
50,8,7342d2d86922c4e404cb45bb5c95a658ab8ab613366f0ebe8db3de1874bd8551,ground_floor,WC (AI),segment,,,6.0,1.0,0.0,7.0,105.0,803.0,185.0,870.0,,,5360.0,5008.0,0.9343283582089552,0.0,0.0,0.0,,0.0,,2025-04-12T12:35:31.906373+00:00
50,8,7342d2d86922c4e404cb45bb5c95a658ab8ab613366f0ebe8db3de1874bd8551,ground_floor,stairs,object,,,,,1.0,4.0,104.0,870.0,268.0,956.0,,,14104.0,13898.0,0.9853942144072604,0.0,0.0,0.0,,0.0,,2025-04-12T12:35:31.906373+00:00
50,8,7342d2d86922c4e404cb45bb5c95a658ab8ab613366f0ebe8db3de1874bd8551,,,,,,,,,,,,,,,,,,,,,,,,,2025-04-12T12:35:31.906373+00:00
50,8,7342d2d86922c4e404cb45bb5c95a658ab8ab613366f0ebe8db3de1874bd8551,first_floor,Bedroom 2,segment,"13'0"" x 10'5""",3.96m x 3.18m,1.0,2.0,1.0,10.0,105.0,46.0,453.0,332.0,12.5928,135.41666666666666,99528.0,70249.0,0.7058214773732016,0.0001265251989389,0.0013605886450714,8.89,,95.58,,2025-04-12T12:35:31.906373+00:00
50,8,7342d2d86922c4e404cb45bb5c95a658ab8ab613366f0ebe8db3de1874bd8551,first_floor,Bedroom 3,segment,"10'10"" x 10'5""",3.30m x 3.18m,2.0,1.0,1.0,5.0,467.0,47.0,759.0,328.0,10.494,112.84722222222224,82052.0,81212.0,0.9897625895773412,0.000127894505923,0.0013753134868403,10.39,,111.69,,2025-04-12T12:35:31.906373+00:00
50,8,7342d2d86922c4e404cb45bb5c95a658ab8ab613366f0ebe8db3de1874bd8551,first_floor,Landing,segment,"12'1"" x 3'4""",3.68m x 1.02m,3.0,4.0,0.0,13.0,104.0,341.0,423.0,683.0,3.7536,40.27777777777778,109098.0,50976.0,0.4672496287741297,3.440576362536435e-05,0.0003691889656801,1.75,,18.82,,2025-04-12T12:35:31.906373+00:00
50,8,7342d2d86922c4e404cb45bb5c95a658ab8ab613366f0ebe8db3de1874bd8551,first_floor,Bedroom 1,segment,"15'0"" x 11'11""",4.57m x 3.63m,4.0,2.0,1.0,7.0,439.0,343.0,759.0,745.0,16.589100000000002,178.75,128640.0,125081.5,0.9723375310945274,0.0001289575559701,0.0013895366915422,16.13,,173.81,,2025-04-12T12:35:31.906373+00:00
50,8,7342d2d86922c4e404cb45bb5c95a658ab8ab613366f0ebe8db3de1874bd8551,first_floor,Bedroom 4,segment,"7'10"" x 6'8""",2.39m x 2.03m,5.0,1.0,1.0,6.0,215.0,677.0,382.0,883.0,4.8517,52.22222222222222,34402.0,33592.0,0.9764548572757398,0.0001410295913028,0.0015179995995064,4.74,,50.99,,2025-04-12T12:35:31.906373+00:00
50,8,7342d2d86922c4e404cb45bb5c95a658ab8ab613366f0ebe8db3de1874bd8551,first_floor,Landing,segment,,,7.0,2.0,0.0,6.0,346.0,247.0,455.0,328.0,,,8829.0,8600.5,0.974119379318156,0.0,0.0,0.0,,0.0,,2025-04-12T12:35:31.906373+00:00
50,8,7342d2d86922c4e404cb45bb5c95a658ab8ab613366f0ebe8db3de1874bd8551,first_floor,Bathroom (AI),segment,,,8.0,1.0,1.0,5.0,105.0,347.0,332.0,546.0,,,45173.0,44633.5,0.9880570252141766,0.0,0.0,0.0,,0.0,,2025-04-12T12:35:31.906373+00:00
50,8,7342d2d86922c4e404cb45bb5c95a658ab8ab613366f0ebe8db3de1874bd8551,first_floor,Toilet (AI),segment,,,9.0,1.0,0.0,5.0,46.0,527.0,90.0,624.0,,,4268.0,4061.5,0.9516166822867854,0.0,0.0,0.0,,0.0,,2025-04-12T12:35:31.906373+00:00
50,8,7342d2d86922c4e404cb45bb5c95a658ab8ab613366f0ebe8db3de1874bd8551,first_floor,Landing (AI),segment,,,10.0,1.0,0.0,6.0,397.0,680.0,456.0,744.0,,,3776.0,3253.0,0.8614936440677966,0.0,0.0,0.0,,0.0,,2025-04-12T12:35:31.906373+00:00
50,8,7342d2d86922c4e404cb45bb5c95a658ab8ab613366f0ebe8db3de1874bd8551,first_floor,Bedroom 4,segment,7'10 x 6'8,2.39 x 2.03,11.0,0.0,0.0,5.0,105.0,830.0,201.0,883.0,4.8517,52.22222222222222,5088.0,4601.0,0.9042845911949684,0.0009535573899371,0.0102638015373864,4.39,,47.22,,2025-04-12T12:35:31.906373+00:00
50,8,7342d2d86922c4e404cb45bb5c95a658ab8ab613366f0ebe8db3de1874bd8551,first_floor,stairs,object,,,,,,4.0,97.0,676.0,220.0,836.0,,,19680.0,16990.0,0.8633130081300813,0.0,0.0,0.0,,0.0,,2025-04-12T12:35:31.906373+00:00
50,8,7342d2d86922c4e404cb45bb5c95a658ab8ab613366f0ebe8db3de1874bd8551,,,,,,,,,,,,,,,,,,,,,,,,,2025-04-12T12:35:31.906373+00:00
167,8,a61d034aaf144cf1e6c72e7628d9eea5fbe70cc3da3c83f77d9410710c6281d3,ground_floor,Kitchen / Dining Room,segment,"17'5.19"" x 16'7""",5.19m x 5.06m,1.0,1.0,2.0,17.0,44.0,66.0,442.0,472.0,26.2614,,161588.0,145447.0,0.9001101566948041,0.0001625207317375,,23.64,,,,2025-04-12T12:35:31.905483+00:00
167,8,a61d034aaf144cf1e6c72e7628d9eea5fbe70cc3da3c83f77d9410710c6281d3,ground_floor,Reception Room,segment,"16'10"" x 16'5""",5.12m x 5.00m,2.0,1.0,1.0,15.0,43.0,485.0,441.0,845.0,25.6,276.34722222222223,143280.0,127602.0,0.8905778894472361,0.000178671133445,0.0019287215397977,22.8,,246.11,,2025-04-12T12:35:31.905483+00:00
167,8,a61d034aaf144cf1e6c72e7628d9eea5fbe70cc3da3c83f77d9410710c6281d3,ground_floor,Hallway (AI),segment,,,3.0,1.0,0.0,5.0,44.0,405.0,138.0,474.0,,,6486.0,6069.0,0.9357076780758556,0.0,0.0,0.0,,0.0,,2025-04-12T12:35:31.905483+00:00
167,8,a61d034aaf144cf1e6c72e7628d9eea5fbe70cc3da3c83f77d9410710c6281d3,ground_floor,Entrance Hall (AI),segment,,,4.0,2.0,1.0,6.0,44.0,855.0,156.0,945.0,,,10080.0,9591.0,0.9514880952380952,0.0,0.0,0.0,,0.0,,2025-04-12T12:35:31.905483+00:00
167,8,a61d034aaf144cf1e6c72e7628d9eea5fbe70cc3da3c83f77d9410710c6281d3,ground_floor,stairs,object,,,,,,4.0,42.0,486.0,115.0,621.0,,,9855.0,9516.0,0.965601217656012,0.0,0.0,0.0,,0.0,,2025-04-12T12:35:31.905483+00:00
167,8,a61d034aaf144cf1e6c72e7628d9eea5fbe70cc3da3c83f77d9410710c6281d3,,,,,,,,,,,,,,,,,,,,,,,,,2025-04-12T12:35:31.905483+00:00
167,8,a61d034aaf144cf1e6c72e7628d9eea5fbe70cc3da3c83f77d9410710c6281d3,second_floor,Bedroom 1,segment,"19'11"" x 10'1""",6.08m x 3.07m,1.0,5.0,1.0,5.0,205.0,44.0,443.0,519.0,18.6656,200.8263888888889,113050.0,109792.5,0.971185316231756,0.0001651092436974,0.0017764386456336,18.13,,195.04,,2025-04-12T12:35:31.905483+00:00
167,8,a61d034aaf144cf1e6c72e7628d9eea5fbe70cc3da3c83f77d9410710c6281d3,second_floor,Down,segment,,,2.0,1.0,0.0,5.0,47.0,162.0,194.0,223.0,,,8967.0,4741.0,0.5287164045946248,0.0,0.0,0.0,,0.0,,2025-04-12T12:35:31.905483+00:00
167,8,a61d034aaf144cf1e6c72e7628d9eea5fbe70cc3da3c83f77d9410710c6281d3,second_floor,Bathroom (AI),segment,,,3.0,1.0,1.0,5.0,46.0,44.0,192.0,149.0,,,15330.0,14572.5,0.950587084148728,0.0,0.0,0.0,,0.0,,2025-04-12T12:35:31.905483+00:00
167,8,a61d034aaf144cf1e6c72e7628d9eea5fbe70cc3da3c83f77d9410710c6281d3,second_floor,Bedroom 1 (AI),segment,,,4.0,0.0,0.0,4.0,115.0,228.0,146.0,309.0,,,2511.0,2455.0,0.9776981282357626,0.0,0.0,0.0,,0.0,,2025-04-12T12:35:31.905483+00:00
167,8,a61d034aaf144cf1e6c72e7628d9eea5fbe70cc3da3c83f77d9410710c6281d3,second_floor,Closet (AI),segment,,,5.0,1.0,0.0,4.0,159.0,236.0,201.0,282.0,,,1932.0,1826.0,0.9451345755693582,0.0,0.0,0.0,,0.0,,2025-04-12T12:35:31.905483+00:00
167,8,a61d034aaf144cf1e6c72e7628d9eea5fbe70cc3da3c83f77d9410710c6281d3,second_floor,Closet (AI),segment,,,6.0,1.0,0.0,4.0,160.0,287.0,201.0,309.0,,,902.0,782.5,0.8675166297117517,0.0,0.0,0.0,,0.0,,2025-04-12T12:35:31.905483+00:00
167,8,a61d034aaf144cf1e6c72e7628d9eea5fbe70cc3da3c83f77d9410710c6281d3,second_floor,Eaves (AI),segment,,,7.0,2.0,0.0,6.0,46.0,322.0,191.0,518.0,,,28420.0,25007.5,0.8799261083743842,0.0,0.0,0.0,,0.0,,2025-04-12T12:35:31.905483+00:00
167,8,a61d034aaf144cf1e6c72e7628d9eea5fbe70cc3da3c83f77d9410710c6281d3,second_floor,stairs,object,,,,1.0,,4.0,56.0,526.0,445.0,612.0,,,33454.0,32676.0,0.9767441860465116,0.0,0.0,0.0,,0.0,,2025-04-12T12:35:31.905483+00:00
167,8,a61d034aaf144cf1e6c72e7628d9eea5fbe70cc3da3c83f77d9410710c6281d3,second_floor,stairs,object,,,,,,4.0,42.0,165.0,115.0,353.0,,,13724.0,13500.5,0.9837146604488488,0.0,0.0,0.0,,0.0,,2025-04-12T12:35:31.905483+00:00
167,8,a61d034aaf144cf1e6c72e7628d9eea5fbe70cc3da3c83f77d9410710c6281d3,,,,,,,,,,,,,,,,,,,,,,,,,2025-04-12T12:35:31.905483+00:00
167,8,a61d034aaf144cf1e6c72e7628d9eea5fbe70cc3da3c83f77d9410710c6281d3,first_floor,Bedroom 3,segment,"11'2"" x 7'4""",3.40m x 2.24m,1.0,1.0,1.0,8.0,264.0,44.0,442.0,316.0,7.616,81.88888888888889,48416.0,43317.0,0.894683575677462,0.0001573033707865,0.0016913600646251,6.81,,73.26,,2025-04-12T12:35:31.905483+00:00
167,8,a61d034aaf144cf1e6c72e7628d9eea5fbe70cc3da3c83f77d9410710c6281d3,first_floor,Bedroom 2,segment,"14'3"" x 7'10""",4.34m x 2.39m,2.0,1.0,1.0,11.0,260.0,270.0,442.0,609.0,10.3726,111.625,61698.0,53226.0,0.8626859865797919,0.0001681189017472,0.0018092158578884,8.95,,96.3,,2025-04-12T12:35:31.905483+00:00
167,8,a61d034aaf144cf1e6c72e7628d9eea5fbe70cc3da3c83f77d9410710c6281d3,first_floor,Bedroom 4,segment,"9'2"" x 8'7""",2.80m x 2.61m,3.0,1.0,1.0,5.0,45.0,391.0,247.0,609.0,7.307999999999999,78.68055555555556,44036.0,43741.5,0.9933122899445908,0.0001659551276228,0.0017867325723398,7.26,,78.15,,2025-04-12T12:35:31.905483+00:00
167,8,a61d034aaf144cf1e6c72e7628d9eea5fbe70cc3da3c83f77d9410710c6281d3,first_floor,Bathroom (AI),segment,,,4.0,1.0,1.0,7.0,44.0,44.0,254.0,187.0,,,30030.0,28798.0,0.958974358974359,0.0,0.0,0.0,,0.0,,2025-04-12T12:35:31.905483+00:00
167,8,a61d034aaf144cf1e6c72e7628d9eea5fbe70cc3da3c83f77d9410710c6281d3,first_floor,Landing (AI),segment,,,5.0,3.0,0.0,10.0,111.0,199.0,254.0,378.0,,,25597.0,17215.5,0.6725592842911279,0.0,0.0,0.0,,0.0,,2025-04-12T12:35:31.905483+00:00
167,8,a61d034aaf144cf1e6c72e7628d9eea5fbe70cc3da3c83f77d9410710c6281d3,first_floor,Staircase (AI),segment,,,6.0,0.0,0.0,5.0,45.0,200.0,107.0,316.0,,,7192.0,3199.5,0.444869299221357,0.0,0.0,0.0,,0.0,,2025-04-12T12:35:31.905483+00:00
167,8,a61d034aaf144cf1e6c72e7628d9eea5fbe70cc3da3c83f77d9410710c6281d3,first_floor,stairs,object,,,,,,4.0,46.0,200.0,178.0,263.0,,,8316.0,8284.5,0.9962121212121212,0.0,0.0,0.0,,0.0,,2025-04-12T12:35:31.905483+00:00
167,8,a61d034aaf144cf1e6c72e7628d9eea5fbe70cc3da3c83f77d9410710c6281d3,first_floor,stairs,object,,,,,,4.0,43.0,315.0,162.0,381.0,,,7854.0,7554.0,0.9618029029793737,0.0,0.0,0.0,,0.0,,2025-04-12T12:35:31.905483+00:00
167,8,a61d034aaf144cf1e6c72e7628d9eea5fbe70cc3da3c83f77d9410710c6281d3,,,,,,,,,,,,,,,,,,,,,,,,,2025-04-12T12:35:31.905483+00:00
210,2,72635fa71cf64a6cff69f8fbe5c78810d6af949a4457f58b46f6eb4b8f26ba11,ground_floor,KITCHEN / RECEPTION ROOM,segment,,,1.0,1.0,3.0,9.0,106.0,95.0,1267.0,955.0,,,998460.0,821556.0,0.822823147647377,0.0,0.0,0.0,,0.0,,2025-04-12T12:35:31.906429+00:00
210,2,72635fa71cf64a6cff69f8fbe5c78810d6af949a4457f58b46f6eb4b8f26ba11,ground_floor,BEDROOM,segment,,,2.0,1.0,1.0,5.0,107.0,795.0,684.0,1634.0,,,484103.0,480268.5,0.9920791649710908,0.0,0.0,0.0,,0.0,,2025-04-12T12:35:31.906429+00:00
210,2,72635fa71cf64a6cff69f8fbe5c78810d6af949a4457f58b46f6eb4b8f26ba11,ground_floor,Bathroom (AI),segment,,,3.0,1.0,0.0,10.0,1031.0,794.0,1374.0,1528.0,,,251762.0,236152.0,0.9379969971639882,0.0,0.0,0.0,,0.0,,2025-04-12T12:35:31.906429+00:00
210,2,72635fa71cf64a6cff69f8fbe5c78810d6af949a4457f58b46f6eb4b8f26ba11,ground_floor,Hallway (AI),segment,,,4.0,5.0,0.0,8.0,105.0,986.0,993.0,1955.0,,,860472.0,437498.0,0.5084395541051888,0.0,0.0,0.0,,0.0,,2025-04-12T12:35:31.906429+00:00
210,2,72635fa71cf64a6cff69f8fbe5c78810d6af949a4457f58b46f6eb4b8f26ba11,ground_floor,Bathroom (AI),segment,,,5.0,1.0,1.0,10.0,1029.0,1560.0,1379.0,1952.0,,,137200.0,121385.0,0.8847303206997085,0.0,0.0,0.0,,0.0,,2025-04-12T12:35:31.906429+00:00
210,2,72635fa71cf64a6cff69f8fbe5c78810d6af949a4457f58b46f6eb4b8f26ba11,,,,,,,,,,,,,,,,,,,,,,,,,2025-04-12T12:35:31.906429+00:00
6,2,1e2c042f8be20bfd9223c8a2b200e47992b2e1d81ff0b7a42167a64406075c5b,ground_floor,KITCHEN,segment,"11'6"" x 7'2""",3.51m x 2.19m,1.0,1.0,0.0,11.0,306.0,498.0,490.0,749.0,7.6869,82.41666666666667,46184.0,41715.5,0.90324571280097,0.0001664407587043,0.0017845285524568,6.94,,74.44,,2025-04-12T12:35:31.906473+00:00
6,2,1e2c042f8be20bfd9223c8a2b200e47992b2e1d81ff0b7a42167a64406075c5b,ground_floor,DINING ROOM,segment,"13'3"" x 11'0""",4.04m x 3.35m,2.0,2.0,3.0,22.0,47.0,506.0,298.0,1107.0,13.534,145.75,150851.0,141421.0,0.9374879848327156,8.971766842778637e-05,0.0009661851761009,12.69,,136.64,,2025-04-12T12:35:31.906473+00:00
6,2,1e2c042f8be20bfd9223c8a2b200e47992b2e1d81ff0b7a42167a64406075c5b,ground_floor,RECEPTION ROOM,not segment,"12'8"" x 11'0""",3.86m x 3.35m,3.0,,,0.0,,,,,,,,,,0.0,0.0,0.0,,0.0,,2025-04-12T12:35:31.906473+00:00
6,2,1e2c042f8be20bfd9223c8a2b200e47992b2e1d81ff0b7a42167a64406075c5b,ground_floor,UTILITY ROOM,segment,"12'10"" x 7'4""",3.90m x 2.23m,4.0,2.0,2.0,9.0,500.0,506.0,669.0,802.0,8.697,94.11111111111111,50024.0,46636.0,0.932272509195586,0.0001738565488565,0.0018813191890114,8.11,,87.74,,2025-04-12T12:35:31.906473+00:00
6,2,1e2c042f8be20bfd9223c8a2b200e47992b2e1d81ff0b7a42167a64406075c5b,ground_floor,STUDY/GYM,segment,"15'5"" x 7'3""",4.70m x 2.20m,5.0,1.0,0.0,6.0,501.0,815.0,669.0,1172.0,10.340000000000002,111.77083333333331,59976.0,59224.5,0.987469987995198,0.000172402294251,0.0018635926592859,10.21,,110.37,,2025-04-12T12:35:31.906473+00:00
6,2,1e2c042f8be20bfd9223c8a2b200e47992b2e1d81ff0b7a42167a64406075c5b,ground_floor,Kitchen,segment,,,6.0,5.0,0.0,10.0,306.0,756.0,471.0,1029.0,,,45045.0,30398.5,0.6748473748473749,0.0,0.0,0.0,,0.0,,2025-04-12T12:35:31.906473+00:00
6,2,1e2c042f8be20bfd9223c8a2b200e47992b2e1d81ff0b7a42167a64406075c5b,ground_floor,Utility Room,not segment,,,7.0,,,0.0,,,,,,,,,,0.0,0.0,0.0,,0.0,,2025-04-12T12:35:31.906473+00:00
6,2,1e2c042f8be20bfd9223c8a2b200e47992b2e1d81ff0b7a42167a64406075c5b,ground_floor,UP (AI),segment,,,8.0,1.0,0.0,4.0,411.0,756.0,471.0,854.0,,,5880.0,5753.0,0.9784013605442176,0.0,0.0,0.0,,0.0,,2025-04-12T12:35:31.906473+00:00
6,2,1e2c042f8be20bfd9223c8a2b200e47992b2e1d81ff0b7a42167a64406075c5b,ground_floor,Corridor (AI),segment,,,9.0,1.0,0.0,5.0,306.0,1032.0,471.0,1070.0,,,6270.0,5745.5,0.916347687400319,0.0,0.0,0.0,,0.0,,2025-04-12T12:35:31.906473+00:00
6,2,1e2c042f8be20bfd9223c8a2b200e47992b2e1d81ff0b7a42167a64406075c5b,ground_floor,Reception Room,segment,,,10.0,0.0,1.0,40.0,26.0,1094.0,689.0,1300.0,,,136578.0,80038.0,0.5860241034427214,0.0,0.0,0.0,,0.0,,2025-04-12T12:35:31.906473+00:00
6,2,1e2c042f8be20bfd9223c8a2b200e47992b2e1d81ff0b7a42167a64406075c5b,ground_floor,stairs,object,,,,,,4.0,403.0,861.0,471.0,963.0,,,6936.0,6768.0,0.9757785467128028,0.0,0.0,0.0,,0.0,,2025-04-12T12:35:31.906473+00:00
6,2,1e2c042f8be20bfd9223c8a2b200e47992b2e1d81ff0b7a42167a64406075c5b,,,,,,,,,,,,,,,,,,,,,,,,,2025-04-12T12:35:31.906473+00:00
6,2,1e2c042f8be20bfd9223c8a2b200e47992b2e1d81ff0b7a42167a64406075c5b,first_floor,BEDROOM,segment,"9'0"" x 7'6""",2.73m x 2.28m,1.0,2.0,1.0,6.0,303.0,47.0,474.0,251.0,6.224399999999999,67.5,34884.0,32580.0,0.9339525283797728,0.000178431372549,0.0019349845201238,5.81,,63.04,,2025-04-12T12:35:31.906473+00:00
6,2,1e2c042f8be20bfd9223c8a2b200e47992b2e1d81ff0b7a42167a64406075c5b,first_floor,BEDROOM,segment,"13'4"" x 10'10""",4.06m x 3.31m,2.0,1.0,1.0,5.0,46.0,73.0,293.0,377.0,13.4386,144.44444444444446,75088.0,72150.0,0.9608725761772852,0.000178971340294,0.0019236688211757,12.91,,138.79,,2025-04-12T12:35:31.906473+00:00
6,2,1e2c042f8be20bfd9223c8a2b200e47992b2e1d81ff0b7a42167a64406075c5b,first_floor,BEDROOM,segment,"12'9"" x 11'9""",3.88m x 3.57m,3.0,7.0,4.0,29.0,46.0,260.0,588.0,672.0,13.8516,149.8125,223304.0,103893.0,0.4652536452548991,6.203023680722243e-05,0.0006708903557482,6.44,,69.7,,2025-04-12T12:35:31.906473+00:00
6,2,1e2c042f8be20bfd9223c8a2b200e47992b2e1d81ff0b7a42167a64406075c5b,first_floor,BEDROOM,segment,"11'10"" x 7'2""",3.60m x 2.19m,4.0,1.0,1.0,5.0,489.0,456.0,669.0,734.0,7.884,84.80555555555556,50040.0,49549.0,0.9901878497202238,0.0001575539568345,0.0016947553068656,7.81,,83.97,,2025-04-12T12:35:31.906473+00:00
6,2,1e2c042f8be20bfd9223c8a2b200e47992b2e1d81ff0b7a42167a64406075c5b,first_floor,Storage Room (AI),segment,,,5.0,1.0,0.0,4.0,303.0,47.0,329.0,85.0,,,988.0,944.0,0.9554655870445344,0.0,0.0,0.0,,0.0,,2025-04-12T12:35:31.906473+00:00
6,2,1e2c042f8be20bfd9223c8a2b200e47992b2e1d81ff0b7a42167a64406075c5b,first_floor,DN (AI),segment,,,6.0,1.0,1.0,4.0,383.0,260.0,474.0,343.0,,,7553.0,7300.0,0.9665033761419304,0.0,0.0,0.0,,0.0,,2025-04-12T12:35:31.906473+00:00
6,2,1e2c042f8be20bfd9223c8a2b200e47992b2e1d81ff0b7a42167a64406075c5b,first_floor,Bedroom (AI),segment,,,7.0,1.0,0.0,4.0,593.0,377.0,668.0,449.0,,,5400.0,5149.5,0.9536111111111112,0.0,0.0,0.0,,0.0,,2025-04-12T12:35:31.906473+00:00
6,2,1e2c042f8be20bfd9223c8a2b200e47992b2e1d81ff0b7a42167a64406075c5b,first_floor,DN (AI),segment,,,8.0,1.0,1.0,5.0,322.0,490.0,474.0,615.0,,,19000.0,18064.0,0.9507368421052632,0.0,0.0,0.0,,0.0,,2025-04-12T12:35:31.906473+00:00
6,2,1e2c042f8be20bfd9223c8a2b200e47992b2e1d81ff0b7a42167a64406075c5b,,,,,,,,,,,,,,,,,,,,,,,,,2025-04-12T12:35:31.906473+00:00
11,8,0822f22b9621bb401e7a3f855c75b0bbbc8e791e93ed69d3b4443b95e60e5487,ground_floor,KITCHEN,segment,"11'6"" x 7'2""",3.51m x 2.19m,1.0,1.0,0.0,11.0,306.0,498.0,490.0,749.0,7.6869,82.41666666666667,46184.0,41715.5,0.90324571280097,0.0001664407587043,0.0017845285524568,6.94,,74.44,,2025-04-12T12:35:31.906640+00:00
11,8,0822f22b9621bb401e7a3f855c75b0bbbc8e791e93ed69d3b4443b95e60e5487,ground_floor,DINING ROOM,segment,"13'3"" x 11'0""",4.04m x 3.35m,2.0,2.0,3.0,22.0,47.0,506.0,298.0,1107.0,13.534,145.75,150851.0,141421.0,0.9374879848327156,8.971766842778637e-05,0.0009661851761009,12.69,,136.64,,2025-04-12T12:35:31.906640+00:00
11,8,0822f22b9621bb401e7a3f855c75b0bbbc8e791e93ed69d3b4443b95e60e5487,ground_floor,RECEPTION ROOM,not segment,"12'8"" x 11'0""",3.86m x 3.35m,3.0,,,0.0,,,,,,,,,,0.0,0.0,0.0,,0.0,,2025-04-12T12:35:31.906640+00:00
11,8,0822f22b9621bb401e7a3f855c75b0bbbc8e791e93ed69d3b4443b95e60e5487,ground_floor,UTILITY ROOM,segment,"12'10"" x 7'4""",3.90m x 2.23m,4.0,2.0,2.0,9.0,500.0,506.0,669.0,802.0,8.697,94.11111111111111,50024.0,46636.0,0.932272509195586,0.0001738565488565,0.0018813191890114,8.11,,87.74,,2025-04-12T12:35:31.906640+00:00
11,8,0822f22b9621bb401e7a3f855c75b0bbbc8e791e93ed69d3b4443b95e60e5487,ground_floor,STUDY/GYM,segment,"15'5"" x 7'3""",4.70m x 2.20m,5.0,1.0,0.0,6.0,501.0,815.0,669.0,1172.0,10.340000000000002,111.77083333333331,59976.0,59224.5,0.987469987995198,0.000172402294251,0.0018635926592859,10.21,,110.37,,2025-04-12T12:35:31.906640+00:00
11,8,0822f22b9621bb401e7a3f855c75b0bbbc8e791e93ed69d3b4443b95e60e5487,ground_floor,Kitchen,segment,,,6.0,5.0,0.0,10.0,306.0,756.0,471.0,1029.0,,,45045.0,30398.5,0.6748473748473749,0.0,0.0,0.0,,0.0,,2025-04-12T12:35:31.906640+00:00
11,8,0822f22b9621bb401e7a3f855c75b0bbbc8e791e93ed69d3b4443b95e60e5487,ground_floor,Unknown (AI),not segment,,,7.0,,,0.0,,,,,,,,,,0.0,0.0,0.0,,0.0,,2025-04-12T12:35:31.906640+00:00
11,8,0822f22b9621bb401e7a3f855c75b0bbbc8e791e93ed69d3b4443b95e60e5487,ground_floor,UP (AI),segment,,,8.0,1.0,0.0,4.0,411.0,756.0,471.0,854.0,,,5880.0,5753.0,0.9784013605442176,0.0,0.0,0.0,,0.0,,2025-04-12T12:35:31.906640+00:00
11,8,0822f22b9621bb401e7a3f855c75b0bbbc8e791e93ed69d3b4443b95e60e5487,ground_floor,UP (AI),segment,,,9.0,1.0,0.0,5.0,306.0,1032.0,471.0,1070.0,,,6270.0,5745.5,0.916347687400319,0.0,0.0,0.0,,0.0,,2025-04-12T12:35:31.906640+00:00
11,8,0822f22b9621bb401e7a3f855c75b0bbbc8e791e93ed69d3b4443b95e60e5487,ground_floor,Reception Room,segment,,,10.0,0.0,1.0,40.0,26.0,1094.0,689.0,1300.0,,,136578.0,80038.0,0.5860241034427214,0.0,0.0,0.0,,0.0,,2025-04-12T12:35:31.906640+00:00
11,8,0822f22b9621bb401e7a3f855c75b0bbbc8e791e93ed69d3b4443b95e60e5487,ground_floor,stairs,object,,,,,,4.0,403.0,861.0,471.0,963.0,,,6936.0,6768.0,0.9757785467128028,0.0,0.0,0.0,,0.0,,2025-04-12T12:35:31.906640+00:00
11,8,0822f22b9621bb401e7a3f855c75b0bbbc8e791e93ed69d3b4443b95e60e5487,,,,,,,,,,,,,,,,,,,,,,,,,2025-04-12T12:35:31.906640+00:00
11,8,0822f22b9621bb401e7a3f855c75b0bbbc8e791e93ed69d3b4443b95e60e5487,first_floor,BEDROOM,segment,"9'0"" x 7'6""",2.73m x 2.28m,1.0,2.0,1.0,6.0,303.0,47.0,474.0,251.0,6.224399999999999,67.5,34884.0,32580.0,0.9339525283797728,0.000178431372549,0.0019349845201238,5.81,,63.04,,2025-04-12T12:35:31.906640+00:00
11,8,0822f22b9621bb401e7a3f855c75b0bbbc8e791e93ed69d3b4443b95e60e5487,first_floor,BEDROOM,segment,"13'4"" x 10'10""",4.06m x 3.31m,2.0,1.0,1.0,5.0,46.0,73.0,293.0,377.0,13.4386,144.44444444444446,75088.0,72150.0,0.9608725761772852,0.000178971340294,0.0019236688211757,12.91,,138.79,,2025-04-12T12:35:31.906640+00:00
11,8,0822f22b9621bb401e7a3f855c75b0bbbc8e791e93ed69d3b4443b95e60e5487,first_floor,BEDROOM,segment,"12'9"" x 11'9""",3.88m x 3.57m,3.0,7.0,4.0,29.0,46.0,260.0,588.0,672.0,13.8516,149.8125,223304.0,103893.0,0.4652536452548991,6.203023680722243e-05,0.0006708903557482,6.44,,69.7,,2025-04-12T12:35:31.906640+00:00
11,8,0822f22b9621bb401e7a3f855c75b0bbbc8e791e93ed69d3b4443b95e60e5487,first_floor,BEDROOM,segment,"11'10"" x 7'2""",3.60m x 2.19m,4.0,1.0,1.0,5.0,489.0,456.0,669.0,734.0,7.884,84.80555555555556,50040.0,49549.0,0.9901878497202238,0.0001575539568345,0.0016947553068656,7.81,,83.97,,2025-04-12T12:35:31.906640+00:00
11,8,0822f22b9621bb401e7a3f855c75b0bbbc8e791e93ed69d3b4443b95e60e5487,first_floor,Closet (AI),segment,,,5.0,1.0,0.0,4.0,303.0,47.0,329.0,85.0,,,988.0,944.0,0.9554655870445344,0.0,0.0,0.0,,0.0,,2025-04-12T12:35:31.906640+00:00
11,8,0822f22b9621bb401e7a3f855c75b0bbbc8e791e93ed69d3b4443b95e60e5487,first_floor,Landing (AI),segment,,,6.0,1.0,1.0,4.0,383.0,260.0,474.0,343.0,,,7553.0,7300.0,0.9665033761419304,0.0,0.0,0.0,,0.0,,2025-04-12T12:35:31.906640+00:00
11,8,0822f22b9621bb401e7a3f855c75b0bbbc8e791e93ed69d3b4443b95e60e5487,first_floor,Bedroom (AI),segment,,,7.0,1.0,0.0,4.0,593.0,377.0,668.0,449.0,,,5400.0,5149.5,0.9536111111111112,0.0,0.0,0.0,,0.0,,2025-04-12T12:35:31.906640+00:00
11,8,0822f22b9621bb401e7a3f855c75b0bbbc8e791e93ed69d3b4443b95e60e5487,first_floor,Bathroom (AI),segment,,,8.0,1.0,1.0,5.0,322.0,490.0,474.0,615.0,,,19000.0,18064.0,0.9507368421052632,0.0,0.0,0.0,,0.0,,2025-04-12T12:35:31.906640+00:00
11,8,0822f22b9621bb401e7a3f855c75b0bbbc8e791e93ed69d3b4443b95e60e5487,,,,,,,,,,,,,,,,,,,,,,,,,2025-04-12T12:35:31.906640+00:00
12,8,955a626d1bd122a00b8014c331de8185c668705a7c6725a51bb40108ca994b69,ground_floor,Conservatory,segment,"9'7"" x 9'7""",2.92m x 2.91m,1.0,1.0,0.0,6.0,570.0,41.0,785.0,249.0,8.4972,91.8402777777778,44720.0,42759.0,0.956149373881932,0.0001900089445438,0.0020536734744583,8.12,,87.81,,2025-04-12T12:35:31.906661+00:00
12,8,955a626d1bd122a00b8014c331de8185c668705a7c6725a51bb40108ca994b69,ground_floor,Family Room,segment,"12'9"" x 8'8""",3.89m x 2.63m,2.0,5.0,0.0,16.0,580.0,267.0,778.0,544.0,10.2307,110.5,54846.0,46348.0,0.8450570688837837,0.0001865350253436,0.0020147321591364,8.65,,93.38,,2025-04-12T12:35:31.906661+00:00
12,8,955a626d1bd122a00b8014c331de8185c668705a7c6725a51bb40108ca994b69,ground_floor,Storage,segment,"17'9"" x 3'7""",5.42m x 1.10m,3.0,1.0,0.0,5.0,41.0,555.0,119.0,929.0,5.962000000000001,63.60416666666667,29172.0,26324.5,0.9023892773892774,0.0002043740573152,0.0021803155994332,5.38,,57.4,,2025-04-12T12:35:31.906661+00:00
12,8,955a626d1bd122a00b8014c331de8185c668705a7c6725a51bb40108ca994b69,ground_floor,Living Room,segment,"17'10"" x 11'11""",5.44m x 3.64m,4.0,1.0,1.0,5.0,137.0,555.0,394.0,939.0,19.8016,212.51388888888889,98688.0,98239.5,0.9954553745136188,0.0002006485084306,0.0021533913838449,19.71,,211.55,,2025-04-12T12:35:31.906661+00:00
12,8,955a626d1bd122a00b8014c331de8185c668705a7c6725a51bb40108ca994b69,ground_floor,Garage,segment,"9'2"" x 7'3""",2.79m x 2.20m,5.0,1.0,0.0,7.0,581.0,555.0,777.0,710.0,6.138000000000001,66.45833333333333,30380.0,30147.5,0.9923469387755102,0.0002020408163265,0.0021875685758174,6.09,,65.95,,2025-04-12T12:35:31.906661+00:00
12,8,955a626d1bd122a00b8014c331de8185c668705a7c6725a51bb40108ca994b69,ground_floor,Kitchen / Dining Room (AI),segment,,,6.0,3.0,1.0,13.0,138.0,317.0,561.0,597.0,,,118440.0,101676.5,0.8584642012833502,0.0,0.0,0.0,,0.0,,2025-04-12T12:35:31.906661+00:00
12,8,955a626d1bd122a00b8014c331de8185c668705a7c6725a51bb40108ca994b69,ground_floor,Garage,segment,"9'2"" x 7'3""",2.79 x 2.20,7.0,1.0,0.0,5.0,652.0,502.0,776.0,543.0,6.138000000000001,66.45833333333333,5084.0,4305.0,0.8467741935483871,0.0012073170731707,0.013072056123787,5.2,,56.28,,2025-04-12T12:35:31.906661+00:00
12,8,955a626d1bd122a00b8014c331de8185c668705a7c6725a51bb40108ca994b69,ground_floor,Up (AI),segment,,,8.0,4.0,0.0,8.0,406.0,610.0,500.0,939.0,,,30926.0,27259.0,0.8814266313134579,0.0,0.0,0.0,,0.0,,2025-04-12T12:35:31.906661+00:00
12,8,955a626d1bd122a00b8014c331de8185c668705a7c6725a51bb40108ca994b69,ground_floor,Unknown (AI),segment,,,9.0,1.0,0.0,5.0,476.0,610.0,561.0,679.0,,,5865.0,5444.0,0.9282182438192668,0.0,0.0,0.0,,0.0,,2025-04-12T12:35:31.906661+00:00
12,8,955a626d1bd122a00b8014c331de8185c668705a7c6725a51bb40108ca994b69,ground_floor,WC (AI),segment,,,10.0,1.0,1.0,5.0,496.0,835.0,561.0,940.0,,,6825.0,6560.5,0.9612454212454212,0.0,0.0,0.0,,0.0,,2025-04-12T12:35:31.906661+00:00
12,8,955a626d1bd122a00b8014c331de8185c668705a7c6725a51bb40108ca994b69,ground_floor,stairs,object,,,,,,4.0,502.0,679.0,563.0,825.0,,,8906.0,8773.0,0.9850662474736132,0.0,0.0,0.0,,0.0,,2025-04-12T12:35:31.906661+00:00
12,8,955a626d1bd122a00b8014c331de8185c668705a7c6725a51bb40108ca994b69,,,,,,,,,,,,,,,,,,,,,,,,,2025-04-12T12:35:31.906661+00:00
12,8,955a626d1bd122a00b8014c331de8185c668705a7c6725a51bb40108ca994b69,first_floor,Bedroom2,segment,"10'10"" x 8'4""",3.31m x 2.53m,1.0,4.0,2.0,10.0,43.0,43.0,264.0,285.0,8.3743,90.2777777777778,53482.0,44414.5,0.8304569761789014,0.0001565816536404,0.0016880030249014,6.95,,74.97,,2025-04-12T12:35:31.906661+00:00
12,8,955a626d1bd122a00b8014c331de8185c668705a7c6725a51bb40108ca994b69,first_floor,Bedroom4,segment,"8'10"" x 7'9""",2.70m x 2.35m,2.0,1.0,1.0,8.0,276.0,42.0,466.0,209.0,6.345000000000001,68.45833333333334,31730.0,28722.5,0.9052158840214308,0.0001999684840844,0.0021575270511608,5.74,,61.97,,2025-04-12T12:35:31.906661+00:00
12,8,955a626d1bd122a00b8014c331de8185c668705a7c6725a51bb40108ca994b69,first_floor,Bedroom1,segment,"11'7"" x 10'2""",3.54m x 3.11m,3.0,4.0,1.0,12.0,43.0,414.0,263.0,707.0,11.0094,117.76388888888889,64460.0,55181.5,0.8560580204778157,0.0001707942910331,0.0018269297066225,9.42,,100.81,,2025-04-12T12:35:31.906661+00:00
12,8,955a626d1bd122a00b8014c331de8185c668705a7c6725a51bb40108ca994b69,first_floor,Bedroom3,segment,"8'11"" x 7'5""",2.72m x 2.27m,4.0,2.0,1.0,9.0,276.0,503.0,466.0,707.0,6.1744,66.13194444444444,38760.0,32586.0,0.8407120743034056,0.000159298245614,0.0017061905171425,5.19,,55.6,,2025-04-12T12:35:31.906661+00:00
12,8,955a626d1bd122a00b8014c331de8185c668705a7c6725a51bb40108ca994b69,first_floor,Closet (AI),segment,,,5.0,2.0,0.0,4.0,221.0,44.0,263.0,212.0,,,7056.0,6687.0,0.9477040816326532,0.0,0.0,0.0,,0.0,,2025-04-12T12:35:31.906661+00:00
12,8,955a626d1bd122a00b8014c331de8185c668705a7c6725a51bb40108ca994b69,first_floor,Bathroom (AI),segment,,,6.0,1.0,1.0,4.0,347.0,200.0,466.0,335.0,,,16065.0,15108.5,0.9404606286959228,0.0,0.0,0.0,,0.0,,2025-04-12T12:35:31.906661+00:00
12,8,955a626d1bd122a00b8014c331de8185c668705a7c6725a51bb40108ca994b69,first_floor,Down (AI),segment,,,7.0,7.0,0.0,12.0,270.0,220.0,392.0,494.0,,,33428.0,23053.0,0.6896314466913964,0.0,0.0,0.0,,0.0,,2025-04-12T12:35:31.906661+00:00
12,8,955a626d1bd122a00b8014c331de8185c668705a7c6725a51bb40108ca994b69,first_floor,Bathroom (AI),segment,,,8.0,1.0,0.0,6.0,202.0,290.0,264.0,361.0,,,4402.0,4208.5,0.9560427078600636,0.0,0.0,0.0,,0.0,,2025-04-12T12:35:31.906661+00:00
12,8,955a626d1bd122a00b8014c331de8185c668705a7c6725a51bb40108ca994b69,first_floor,Bathroom (AI),segment,,,9.0,1.0,1.0,6.0,43.0,298.0,139.0,404.0,,,10176.0,9005.0,0.8849253144654088,0.0,0.0,0.0,,0.0,,2025-04-12T12:35:31.906661+00:00
12,8,955a626d1bd122a00b8014c331de8185c668705a7c6725a51bb40108ca994b69,first_floor,Bathroom (AI),segment,,,10.0,0.0,0.0,5.0,143.0,299.0,189.0,360.0,,,2806.0,2604.0,0.9280114041339986,0.0,0.0,0.0,,0.0,,2025-04-12T12:35:31.906661+00:00
12,8,955a626d1bd122a00b8014c331de8185c668705a7c6725a51bb40108ca994b69,first_floor,Closet (AI),segment,,,11.0,1.0,0.0,5.0,140.0,373.0,263.0,409.0,,,4428.0,4335.0,0.9789972899728996,0.0,0.0,0.0,,0.0,,2025-04-12T12:35:31.906661+00:00
12,8,955a626d1bd122a00b8014c331de8185c668705a7c6725a51bb40108ca994b69,first_floor,Down,segment,,,12.0,0.0,1.0,4.0,410.0,409.0,466.0,445.0,,,2016.0,1998.0,0.9910714285714286,0.0,0.0,0.0,,0.0,,2025-04-12T12:35:31.906661+00:00
12,8,955a626d1bd122a00b8014c331de8185c668705a7c6725a51bb40108ca994b69,first_floor,Bathroom (AI),segment,,,13.0,1.0,0.0,4.0,43.0,414.0,67.0,490.0,,,1824.0,1267.0,0.6946271929824561,0.0,0.0,0.0,,0.0,,2025-04-12T12:35:31.906661+00:00
12,8,955a626d1bd122a00b8014c331de8185c668705a7c6725a51bb40108ca994b69,first_floor,Storage (AI),segment,,,14.0,1.0,0.0,4.0,362.0,456.0,381.0,494.0,,,722.0,694.0,0.961218836565097,0.0,0.0,0.0,,0.0,,2025-04-12T12:35:31.906661+00:00
12,8,955a626d1bd122a00b8014c331de8185c668705a7c6725a51bb40108ca994b69,first_floor,Down,segment,,,15.0,1.0,0.0,5.0,394.0,457.0,465.0,498.0,,,2911.0,2676.5,0.91944349020955,0.0,0.0,0.0,,0.0,,2025-04-12T12:35:31.906661+00:00
12,8,955a626d1bd122a00b8014c331de8185c668705a7c6725a51bb40108ca994b69,first_floor,stairs,object,,,,,1.0,4.0,393.0,346.0,468.0,408.0,,,4650.0,4582.0,0.9853763440860216,0.0,0.0,0.0,,0.0,,2025-04-12T12:35:31.906661+00:00
12,8,955a626d1bd122a00b8014c331de8185c668705a7c6725a51bb40108ca994b69,,,,,,,,,,,,,,,,,,,,,,,,,2025-04-12T12:35:31.906661+00:00
13,8,496f06e6fbbf913053eea16b7a3151579e07ff6ee9e0499aa4b6351184e402d1,garden_room,Garden Room,segment,"19'2"" x 10'7""",5.85m x 3.23m,1.0,1.0,1.0,17.0,26.0,41.0,373.0,520.0,18.8955,202.84722222222223,166213.0,137177.5,0.8253114978972764,0.0001136824436115,0.0012204052764959,15.59,,167.41,,2025-04-12T12:35:31.906682+00:00
13,8,496f06e6fbbf913053eea16b7a3151579e07ff6ee9e0499aa4b6351184e402d1,,,,,,,,,,,,,,,,,,,,,,,,,2025-04-12T12:35:31.906682+00:00
13,8,496f06e6fbbf913053eea16b7a3151579e07ff6ee9e0499aa4b6351184e402d1,ground_floor,Kitchen/Dining,segment,"19'6"" x 15'7""",5.95m x 4.75m,1.0,5.0,3.0,15.0,195.0,73.0,830.0,785.0,28.2625,303.875,452120.0,295508.0,0.6536052375475537,6.251105901088206e-05,0.0006721113863576,18.47,,198.61,,2025-04-12T12:35:31.906682+00:00
13,8,496f06e6fbbf913053eea16b7a3151579e07ff6ee9e0499aa4b6351184e402d1,ground_floor,Living,not segment,"16'3"" x 15'7""",4.95m x 4.75m,2.0,,,0.0,,,,,,,,,,0.0,0.0,0.0,,0.0,,2025-04-12T12:35:31.906682+00:00
13,8,496f06e6fbbf913053eea16b7a3151579e07ff6ee9e0499aa4b6351184e402d1,ground_floor,Utility,segment,"14'9"" x 5'9""",4.50m x 1.75m,3.0,4.0,1.0,8.0,46.0,193.0,186.0,557.0,7.875,84.8125,50960.0,45281.5,0.8885694662480377,0.0001545329670329,0.0016642955259026,7.0,,75.36,,2025-04-12T12:35:31.906682+00:00
13,8,496f06e6fbbf913053eea16b7a3151579e07ff6ee9e0499aa4b6351184e402d1,ground_floor,Study,segment,"8'10"" x 9'10""",2.70m x 3.00m,4.0,1.0,1.0,5.0,195.0,565.0,437.0,784.0,8.100000000000001,86.86111111111113,52998.0,52647.0,0.9933771085701348,0.0001528359560738,0.0016389507360864,8.05,,86.29,,2025-04-12T12:35:31.906682+00:00
13,8,496f06e6fbbf913053eea16b7a3151579e07ff6ee9e0499aa4b6351184e402d1,ground_floor,Bathroom (AI),segment,,,5.0,1.0,1.0,5.0,45.0,76.0,186.0,185.0,,,15369.0,15078.0,0.981065781768495,0.0,0.0,0.0,,0.0,,2025-04-12T12:35:31.906682+00:00
13,8,496f06e6fbbf913053eea16b7a3151579e07ff6ee9e0499aa4b6351184e402d1,ground_floor,Bathroom (AI),segment,,,6.0,1.0,0.0,5.0,45.0,193.0,88.0,292.0,,,4257.0,3888.5,0.91343669250646,0.0,0.0,0.0,,0.0,,2025-04-12T12:35:31.906682+00:00
13,8,496f06e6fbbf913053eea16b7a3151579e07ff6ee9e0499aa4b6351184e402d1,ground_floor,Hallway (AI),segment,,,7.0,1.0,0.0,5.0,447.0,497.0,526.0,600.0,,,8137.0,7994.0,0.9824259555118594,0.0,0.0,0.0,,0.0,,2025-04-12T12:35:31.906682+00:00
13,8,496f06e6fbbf913053eea16b7a3151579e07ff6ee9e0499aa4b6351184e402d1,ground_floor,stairs,object,,,,,,4.0,446.0,600.0,534.0,707.0,,,9416.0,9223.0,0.979502973661852,0.0,0.0,0.0,,0.0,,2025-04-12T12:35:31.906682+00:00
13,8,496f06e6fbbf913053eea16b7a3151579e07ff6ee9e0499aa4b6351184e402d1,,,,,,,,,,,,,,,,,,,,,,,,,2025-04-12T12:35:31.906682+00:00
13,8,496f06e6fbbf913053eea16b7a3151579e07ff6ee9e0499aa4b6351184e402d1,first_floor,Bedroom,segment,"11'8"" x 10'4""",3.55m x 3.15m,1.0,2.0,1.0,5.0,172.0,45.0,427.0,342.0,11.1825,120.55555555555556,75735.0,72709.0,0.9600448933782268,0.0001476530005941,0.0015918076920255,10.74,,115.74,,2025-04-12T12:35:31.906682+00:00
13,8,496f06e6fbbf913053eea16b7a3151579e07ff6ee9e0499aa4b6351184e402d1,first_floor,Bedroom,segment,"7'7"" x 8'8""",2.30m x 2.65m,2.0,1.0,1.0,5.0,464.0,350.0,677.0,526.0,6.095,65.72222222222221,37488.0,37016.5,0.9874226419120784,0.0001625853606487,0.0017531536017451,6.02,,64.9,,2025-04-12T12:35:31.906682+00:00
13,8,496f06e6fbbf913053eea16b7a3151579e07ff6ee9e0499aa4b6351184e402d1,first_floor,Bedroom,segment,"10'6"" x 11'8""",3.20m x 3.55m,3.0,1.0,1.0,7.0,42.0,494.0,328.0,752.0,11.36,122.5,73788.0,65454.5,0.8870615818290237,0.0001539545725592,0.0016601615438824,10.08,,108.67,,2025-04-12T12:35:31.906682+00:00
13,8,496f06e6fbbf913053eea16b7a3151579e07ff6ee9e0499aa4b6351184e402d1,first_floor,Bedroom,segment,"8'10"" x 13'9""",2.70m x 4.20m,4.0,1.0,1.0,12.0,289.0,534.0,676.0,753.0,11.340000000000002,121.45833333333334,84753.0,75028.5,0.885260698736328,0.000133800573431,0.0014330859477933,10.04,,107.52,,2025-04-12T12:35:31.906682+00:00
13,8,496f06e6fbbf913053eea16b7a3151579e07ff6ee9e0499aa4b6351184e402d1,first_floor,Bathroom (AI),segment,,,5.0,1.0,1.0,4.0,42.0,45.0,163.0,243.0,,,23958.0,23641.0,0.9867685115619,0.0,0.0,0.0,,0.0,,2025-04-12T12:35:31.906682+00:00
13,8,496f06e6fbbf913053eea16b7a3151579e07ff6ee9e0499aa4b6351184e402d1,first_floor,Bedroom (AI),not segment,,,6.0,,,0.0,,,,,,,,,,0.0,0.0,0.0,,0.0,,2025-04-12T12:35:31.906682+00:00
13,8,496f06e6fbbf913053eea16b7a3151579e07ff6ee9e0499aa4b6351184e402d1,first_floor,Bedroom (AI),segment,,,7.0,1.0,1.0,6.0,42.0,252.0,199.0,486.0,,,36738.0,32014.5,0.8714274048668953,0.0,0.0,0.0,,0.0,,2025-04-12T12:35:31.906682+00:00
13,8,496f06e6fbbf913053eea16b7a3151579e07ff6ee9e0499aa4b6351184e402d1,first_floor,Landing (AI),segment,,,8.0,5.0,0.0,6.0,209.0,350.0,453.0,526.0,,,42944.0,35514.0,0.8269839791356185,0.0,0.0,0.0,,0.0,,2025-04-12T12:35:31.906682+00:00
13,8,496f06e6fbbf913053eea16b7a3151579e07ff6ee9e0499aa4b6351184e402d1,first_floor,stairs,object,,,,,,4.0,289.0,483.0,377.0,568.0,,,7480.0,7309.0,0.9771390374331552,0.0,0.0,0.0,,0.0,,2025-04-12T12:35:31.906682+00:00
13,8,496f06e6fbbf913053eea16b7a3151579e07ff6ee9e0499aa4b6351184e402d1,,,,,,,,,,,,,,,,,,,,,,,,,2025-04-12T12:35:31.906682+00:00
14,8,ddcfe306bd73dda74fab95f99486ba1039c1c91b389a0f5ab65c940ac4ef533e,ground_floor,Utility,segment,,,1.0,3.0,0.0,5.0,130.0,101.0,271.0,335.0,,,32994.0,30994.5,0.9393980723767956,0.0,0.0,0.0,,0.0,,2025-04-12T12:35:31.906703+00:00
14,8,ddcfe306bd73dda74fab95f99486ba1039c1c91b389a0f5ab65c940ac4ef533e,ground_floor,Kitchen,segment,"10'7"" x 9'5""",3.23m x 2.87m,2.0,1.0,1.0,7.0,293.0,100.0,552.0,383.0,9.2701,99.65972222222224,73297.0,72696.0,0.9918004829665608,0.0001264731162257,0.001359669866737,9.19,,98.84,,2025-04-12T12:35:31.906703+00:00
14,8,ddcfe306bd73dda74fab95f99486ba1039c1c91b389a0f5ab65c940ac4ef533e,ground_floor,Sitting Room,segment,"15'5"" x 14'5""",4.70m x 4.39m,3.0,1.0,1.0,13.0,567.0,100.0,949.0,510.0,20.633,222.25694444444443,156620.0,147693.0,0.943002170859405,0.0001317392414761,0.0014190840534059,19.46,,209.59,,2025-04-12T12:35:31.906703+00:00
14,8,ddcfe306bd73dda74fab95f99486ba1039c1c91b389a0f5ab65c940ac4ef533e,ground_floor,Garage,segment,"16'9"" x 8'6""",5.11m x 2.59m,4.0,1.0,1.0,4.0,45.0,349.0,270.0,796.0,13.2349,142.375,100575.0,99905.0,0.9933383047477008,0.0001315923440218,0.0014156102411135,13.15,,141.43,,2025-04-12T12:35:31.906703+00:00
14,8,ddcfe306bd73dda74fab95f99486ba1039c1c91b389a0f5ab65c940ac4ef533e,ground_floor,Dining Room,segment,"10'11"" x 9'2""",3.33m x 2.79m,5.0,1.0,1.0,7.0,293.0,507.0,534.0,797.0,9.2907,100.06944444444444,69890.0,68821.0,0.9847045356989556,0.0001329331807125,0.0014318134846822,9.15,,98.54,,2025-04-12T12:35:31.906703+00:00
14,8,ddcfe306bd73dda74fab95f99486ba1039c1c91b389a0f5ab65c940ac4ef533e,ground_floor,Study,segment,"10'3"" x 8'8""",3.12m x 2.64m,6.0,1.0,1.0,11.0,721.0,524.0,948.0,796.0,8.2368,88.83333333333333,61744.0,59636.0,0.9658590308370044,0.0001334024358642,0.0014387362874665,7.96,,85.8,,2025-04-12T12:35:31.906703+00:00
14,8,ddcfe306bd73dda74fab95f99486ba1039c1c91b389a0f5ab65c940ac4ef533e,ground_floor,Unknown (AI),segment,,,7.0,1.0,0.0,6.0,293.0,396.0,425.0,493.0,,,12804.0,12279.0,0.9589971883786316,0.0,0.0,0.0,,0.0,,2025-04-12T12:35:31.906703+00:00
14,8,ddcfe306bd73dda74fab95f99486ba1039c1c91b389a0f5ab65c940ac4ef533e,ground_floor,Hallway (AI),segment,,,8.0,7.0,1.0,15.0,438.0,396.0,706.0,784.0,,,103984.0,48462.0,0.4660524696107093,0.0,0.0,0.0,,0.0,,2025-04-12T12:35:31.906703+00:00
14,8,ddcfe306bd73dda74fab95f99486ba1039c1c91b389a0f5ab65c940ac4ef533e,ground_floor,stairs,object,,,,1.0,,4.0,640.0,524.0,707.0,701.0,,,11859.0,11859.0,1.0,0.0,0.0,0.0,,0.0,,2025-04-12T12:35:31.906703+00:00
14,8,ddcfe306bd73dda74fab95f99486ba1039c1c91b389a0f5ab65c940ac4ef533e,,,,,,,,,,,,,,,,,,,,,,,,,2025-04-12T12:35:31.906703+00:00
14,8,ddcfe306bd73dda74fab95f99486ba1039c1c91b389a0f5ab65c940ac4ef533e,first_floor,Bedroom 2,segment,"11'9"" x 10'7""",3.58m x 3.23m,1.0,1.0,1.0,8.0,47.0,47.0,327.0,353.0,11.5634,124.35416666666669,85680.0,82774.0,0.9660830999066292,0.0001349603174603,0.0014513791627762,11.17,,120.14,,2025-04-12T12:35:31.906703+00:00
14,8,ddcfe306bd73dda74fab95f99486ba1039c1c91b389a0f5ab65c940ac4ef533e,first_floor,Bedroom 1,segment,"13'8"" x 10'7""",4.17m x 3.23m,2.0,2.0,1.0,7.0,341.0,46.0,702.0,327.0,13.4691,144.63888888888889,101441.0,94160.0,0.9282242880097792,0.0001327776737216,0.0014258424984857,12.5,,134.26,,2025-04-12T12:35:31.906703+00:00
14,8,ddcfe306bd73dda74fab95f99486ba1039c1c91b389a0f5ab65c940ac4ef533e,first_floor,Bedroom 4,segment,"10'4"" x 6'11""",3.15m x 2.11m,3.0,1.0,1.0,5.0,47.0,369.0,231.0,636.0,6.6465,71.47222222222223,49128.0,48248.0,0.9820876078814526,0.0001352894479726,0.001454816443214,6.53,,70.19,,2025-04-12T12:35:31.906703+00:00
14,8,ddcfe306bd73dda74fab95f99486ba1039c1c91b389a0f5ab65c940ac4ef533e,first_floor,Bedroom 3,segment,"9'10"" x 8'7""",3.00m x 2.62m,4.0,2.0,1.0,9.0,474.0,482.0,702.0,742.0,7.86,84.40277777777779,59280.0,55482.5,0.935939608636977,0.0001325910931174,0.001423798545509,7.36,,79.0,,2025-04-12T12:35:31.906703+00:00
14,8,ddcfe306bd73dda74fab95f99486ba1039c1c91b389a0f5ab65c940ac4ef533e,first_floor,Closet (AI),segment,,,5.0,1.0,1.0,15.0,570.0,297.0,703.0,468.0,,,22743.0,20279.0,0.891658971991382,0.0,0.0,0.0,,0.0,,2025-04-12T12:35:31.906703+00:00
14,8,ddcfe306bd73dda74fab95f99486ba1039c1c91b389a0f5ab65c940ac4ef533e,first_floor,Down,segment,,,6.0,5.0,0.0,9.0,243.0,340.0,556.0,470.0,,,40690.0,29785.0,0.7319980339149669,0.0,0.0,0.0,,0.0,,2025-04-12T12:35:31.906703+00:00
14,8,ddcfe306bd73dda74fab95f99486ba1039c1c91b389a0f5ab65c940ac4ef533e,first_floor,Bathroom (AI),segment,,,7.0,1.0,1.0,7.0,244.0,447.0,402.0,635.0,,,29704.0,27190.5,0.9153817667654188,0.0,0.0,0.0,,0.0,,2025-04-12T12:35:31.906703+00:00
14,8,ddcfe306bd73dda74fab95f99486ba1039c1c91b389a0f5ab65c940ac4ef533e,first_floor,Hallway (AI),segment,,,8.0,1.0,0.0,6.0,417.0,557.0,469.0,635.0,,,4056.0,3951.5,0.9742357001972388,0.0,0.0,0.0,,0.0,,2025-04-12T12:35:31.906703+00:00
14,8,ddcfe306bd73dda74fab95f99486ba1039c1c91b389a0f5ab65c940ac4ef533e,first_floor,stairs,object,,,,,,4.0,393.0,412.0,462.0,542.0,,,8970.0,8806.5,0.9817725752508362,0.0,0.0,0.0,,0.0,,2025-04-12T12:35:31.906703+00:00
14,8,ddcfe306bd73dda74fab95f99486ba1039c1c91b389a0f5ab65c940ac4ef533e,,,,,,,,,,,,,,,,,,,,,,,,,2025-04-12T12:35:31.906703+00:00
10,2,2fc3ca6ccf4ff56a619f5c7e606ddcb9c051c3dfa75d87f81e1ea958f0baa0d5,ground_floor,KITCHEN / BREAKFAST ROOM,segment,"19'3"" x 18'3""",5.87m x 5.56m,1.0,3.0,1.0,9.0,511.0,41.0,813.0,358.0,32.6372,351.3125,95734.0,69779.5,0.7288894227756074,0.000340915453235,0.0036696732613282,23.79,,256.07,,2025-04-12T12:35:31.906619+00:00
10,2,2fc3ca6ccf4ff56a619f5c7e606ddcb9c051c3dfa75d87f81e1ea958f0baa0d5,ground_floor,UTILITY,segment,"8'9"" x 6'0""",2.67m x 1.83m,2.0,2.0,1.0,4.0,712.0,41.0,813.0,184.0,4.8861,52.5,14443.0,14201.0,0.9832444782939832,0.0003383022917676,0.0036349788825036,4.8,,51.62,,2025-04-12T12:35:31.906619+00:00
10,2,2fc3ca6ccf4ff56a619f5c7e606ddcb9c051c3dfa75d87f81e1ea958f0baa0d5,ground_floor,RECEPTION ROOM,segment,"23'1"" x 14'6""",7.04m x 4.42m,3.0,1.0,4.0,10.0,92.0,115.0,332.0,497.0,31.1168,334.7083333333333,91680.0,83937.5,0.915548647469459,0.0003394066317626,0.0036508326061663,28.49,,306.44,,2025-04-12T12:35:31.906619+00:00
10,2,2fc3ca6ccf4ff56a619f5c7e606ddcb9c051c3dfa75d87f81e1ea958f0baa0d5,ground_floor,STUDY,segment,"9'6"" x 8'6""",2.90m x 2.59m,4.0,1.0,1.0,5.0,339.0,114.0,502.0,255.0,7.510999999999999,80.75,22983.0,22599.5,0.9833137536439978,0.0003268067702214,0.0035134664752208,7.39,,79.4,,2025-04-12T12:35:31.906619+00:00
10,2,2fc3ca6ccf4ff56a619f5c7e606ddcb9c051c3dfa75d87f81e1ea958f0baa0d5,ground_floor,DINING ROOM,segment,"17'9"" x 12'5""",5.41m x 3.78m,5.0,3.0,1.0,9.0,596.0,367.0,890.0,574.0,20.4498,220.3958333333333,60858.0,58450.0,0.9604324821716126,0.0003360248447204,0.0036214767710626,19.64,,211.68,,2025-04-12T12:35:31.906619+00:00
10,2,2fc3ca6ccf4ff56a619f5c7e606ddcb9c051c3dfa75d87f81e1ea958f0baa0d5,ground_floor,Reception Room,segment,,,6.0,0.0,3.0,6.0,40.0,256.0,102.0,356.0,,,6200.0,5724.5,0.9233064516129031,0.0,0.0,0.0,,0.0,,2025-04-12T12:35:31.906619+00:00
10,2,2fc3ca6ccf4ff56a619f5c7e606ddcb9c051c3dfa75d87f81e1ea958f0baa0d5,ground_floor,Hallway (AI),segment,,,7.0,7.0,1.0,9.0,340.0,264.0,587.0,421.0,,,38779.0,28698.5,0.7400526057917945,0.0,0.0,0.0,,0.0,,2025-04-12T12:35:31.906619+00:00
10,2,2fc3ca6ccf4ff56a619f5c7e606ddcb9c051c3dfa75d87f81e1ea958f0baa0d5,ground_floor,Bathroom (AI),segment,,,8.0,1.0,0.0,6.0,506.0,430.0,587.0,494.0,,,5184.0,4732.5,0.9129050925925926,0.0,0.0,0.0,,0.0,,2025-04-12T12:35:31.906619+00:00
10,2,2fc3ca6ccf4ff56a619f5c7e606ddcb9c051c3dfa75d87f81e1ea958f0baa0d5,ground_floor,IN (AI),segment,,,9.0,1.0,1.0,7.0,341.0,440.0,486.0,495.0,,,7975.0,7326.5,0.9186833855799372,0.0,0.0,0.0,,0.0,,2025-04-12T12:35:31.906619+00:00
10,2,2fc3ca6ccf4ff56a619f5c7e606ddcb9c051c3dfa75d87f81e1ea958f0baa0d5,ground_floor,Reception Room (AI),segment,,,10.0,0.0,1.0,4.0,506.0,504.0,587.0,574.0,,,5670.0,5555.0,0.9797178130511464,0.0,0.0,0.0,,0.0,,2025-04-12T12:35:31.906619+00:00
10,2,2fc3ca6ccf4ff56a619f5c7e606ddcb9c051c3dfa75d87f81e1ea958f0baa0d5,ground_floor,stairs,object,,,,1.0,,4.0,396.0,265.0,560.0,313.0,,,7872.0,7872.0,1.0,0.0,0.0,0.0,,0.0,,2025-04-12T12:35:31.906619+00:00
10,2,2fc3ca6ccf4ff56a619f5c7e606ddcb9c051c3dfa75d87f81e1ea958f0baa0d5,,,,,,,,,,,,,,,,,,,,,,,,,2025-04-12T12:35:31.906619+00:00
10,2,2fc3ca6ccf4ff56a619f5c7e606ddcb9c051c3dfa75d87f81e1ea958f0baa0d5,first_floor,PRINCIPAL BEDROOM,segment,"13'2"" x 12'3""",4.01m x 3.73m,1.0,3.0,1.0,10.0,461.0,41.0,662.0,255.0,14.957299999999998,161.29166666666666,43014.0,38958.5,0.9057167433858744,0.0003477309713116,0.0037497481440151,13.55,,146.08,,2025-04-12T12:35:31.906619+00:00
10,2,2fc3ca6ccf4ff56a619f5c7e606ddcb9c051c3dfa75d87f81e1ea958f0baa0d5,first_floor,BEDROOM 3,segment,"14'7"" x 10'3""",4.45m x 3.12m,2.0,1.0,1.0,5.0,41.0,114.0,280.0,282.0,13.884,149.47916666666669,40152.0,39752.0,0.9900378561466427,0.00034578601315,0.0037228324035332,13.75,,147.99,,2025-04-12T12:35:31.906619+00:00
10,2,2fc3ca6ccf4ff56a619f5c7e606ddcb9c051c3dfa75d87f81e1ea958f0baa0d5,first_floor,BEDROOM 5,segment,"9'3"" x 9'1""",2.82m x 2.77m,3.0,1.0,1.0,6.0,289.0,114.0,450.0,255.0,7.8114,84.02083333333334,22701.0,20416.5,0.8993656667107176,0.0003440993788819,0.0037011952483737,7.03,,75.57,,2025-04-12T12:35:31.906619+00:00
10,2,2fc3ca6ccf4ff56a619f5c7e606ddcb9c051c3dfa75d87f81e1ea958f0baa0d5,first_floor,BEDROOM 4,segment,"14'7"" x 10'6""",4.45m x 3.20m,4.0,1.0,1.0,11.0,40.0,291.0,279.0,464.0,14.240000000000002,153.125,41347.0,37263.5,0.901238300239437,0.0003444022540934,0.0037034125813239,12.83,,138.0,,2025-04-12T12:35:31.906619+00:00
10,2,2fc3ca6ccf4ff56a619f5c7e606ddcb9c051c3dfa75d87f81e1ea958f0baa0d5,first_floor,BEDROOM 2,segment,"13'1"" x 12'1""",3.99m x 3.68m,5.0,4.0,1.0,8.0,560.0,357.0,761.0,574.0,14.6832,158.0902777777778,43617.0,36626.5,0.839729921819474,0.0003366393837265,0.003624510575642,12.33,,132.75,,2025-04-12T12:35:31.906619+00:00
10,2,2fc3ca6ccf4ff56a619f5c7e606ddcb9c051c3dfa75d87f81e1ea958f0baa0d5,first_floor,Storage (AI),segment,,,6.0,1.0,0.0,5.0,459.0,41.0,491.0,89.0,,,1536.0,1265.0,0.8235677083333334,0.0,0.0,0.0,,0.0,,2025-04-12T12:35:31.906619+00:00
10,2,2fc3ca6ccf4ff56a619f5c7e606ddcb9c051c3dfa75d87f81e1ea958f0baa0d5,first_floor,Bathroom (AI),segment,,,7.0,1.0,1.0,4.0,672.0,42.0,760.0,185.0,,,12584.0,10982.0,0.87269548633185,0.0,0.0,0.0,,0.0,,2025-04-12T12:35:31.906619+00:00
10,2,2fc3ca6ccf4ff56a619f5c7e606ddcb9c051c3dfa75d87f81e1ea958f0baa0d5,first_floor,Bathroom (AI),segment,,,8.0,2.0,2.0,7.0,669.0,194.0,761.0,293.0,,,9108.0,7539.5,0.8277887571365832,0.0,0.0,0.0,,0.0,,2025-04-12T12:35:31.906619+00:00
10,2,2fc3ca6ccf4ff56a619f5c7e606ddcb9c051c3dfa75d87f81e1ea958f0baa0d5,first_floor,DN (AI),segment,,,9.0,1.0,0.0,5.0,460.0,207.0,491.0,255.0,,,1488.0,1408.5,0.9465725806451613,0.0,0.0,0.0,,0.0,,2025-04-12T12:35:31.906619+00:00
10,2,2fc3ca6ccf4ff56a619f5c7e606ddcb9c051c3dfa75d87f81e1ea958f0baa0d5,first_floor,Landing (AI),segment,,,10.0,7.0,1.0,8.0,288.0,225.0,588.0,421.0,,,58800.0,35869.0,0.6100170068027211,0.0,0.0,0.0,,0.0,,2025-04-12T12:35:31.906619+00:00
10,2,2fc3ca6ccf4ff56a619f5c7e606ddcb9c051c3dfa75d87f81e1ea958f0baa0d5,first_floor,Landing (AI),segment,,,11.0,3.0,0.0,6.0,544.0,263.0,644.0,301.0,,,3800.0,3691.5,0.9714473684210526,0.0,0.0,0.0,,0.0,,2025-04-12T12:35:31.906619+00:00
10,2,2fc3ca6ccf4ff56a619f5c7e606ddcb9c051c3dfa75d87f81e1ea958f0baa0d5,first_floor,Storage (AI),segment,,,12.0,1.0,2.0,6.0,653.0,265.0,761.0,347.0,,,8856.0,6370.0,0.719286359530262,0.0,0.0,0.0,,0.0,,2025-04-12T12:35:31.906619+00:00
10,2,2fc3ca6ccf4ff56a619f5c7e606ddcb9c051c3dfa75d87f81e1ea958f0baa0d5,first_floor,Closet (AI),segment,,,13.0,2.0,0.0,4.0,596.0,310.0,643.0,347.0,,,1739.0,1421.5,0.817423806785509,0.0,0.0,0.0,,0.0,,2025-04-12T12:35:31.906619+00:00
10,2,2fc3ca6ccf4ff56a619f5c7e606ddcb9c051c3dfa75d87f81e1ea958f0baa0d5,first_floor,Eaves (AI),segment,,,14.0,1.0,0.0,5.0,770.0,356.0,837.0,573.0,,,14539.0,14340.0,0.986312676250086,0.0,0.0,0.0,,0.0,,2025-04-12T12:35:31.906619+00:00
10,2,2fc3ca6ccf4ff56a619f5c7e606ddcb9c051c3dfa75d87f81e1ea958f0baa0d5,first_floor,Bedroom 2,segment,,,15.0,1.0,1.0,6.0,455.0,430.0,551.0,573.0,,,13728.0,12816.5,0.9336028554778556,0.0,0.0,0.0,,0.0,,2025-04-12T12:35:31.906619+00:00
10,2,2fc3ca6ccf4ff56a619f5c7e606ddcb9c051c3dfa75d87f81e1ea958f0baa0d5,first_floor,Bathroom (AI),segment,,,16.0,0.0,0.0,4.0,560.0,504.0,595.0,574.0,,,2450.0,2329.0,0.9506122448979591,0.0,0.0,0.0,,0.0,,2025-04-12T12:35:31.906619+00:00
10,2,2fc3ca6ccf4ff56a619f5c7e606ddcb9c051c3dfa75d87f81e1ea958f0baa0d5,first_floor,stairs,object,,,,,,4.0,347.0,262.0,537.0,318.0,,,10640.0,10612.0,0.9973684210526316,0.0,0.0,0.0,,0.0,,2025-04-12T12:35:31.906619+00:00
10,2,2fc3ca6ccf4ff56a619f5c7e606ddcb9c051c3dfa75d87f81e1ea958f0baa0d5,,,,,,,,,,,,,,,,,,,,,,,,,2025-04-12T12:35:31.906619+00:00
10,2,2fc3ca6ccf4ff56a619f5c7e606ddcb9c051c3dfa75d87f81e1ea958f0baa0d5,garage,GARAGE,segment,"17'10"" x 17'10""",5.44m x 5.44m,1.0,1.0,3.0,10.0,38.0,78.0,345.0,374.0,29.59360000000001,318.0277777777777,90872.0,88979.5,0.9791740029932212,0.0003256624702878,0.0034997334468018,28.98,,311.4,,2025-04-12T12:35:31.906619+00:00
10,2,2fc3ca6ccf4ff56a619f5c7e606ddcb9c051c3dfa75d87f81e1ea958f0baa0d5,,,,,,,,,,,,,,,,,,,,,,,,,2025-04-12T12:35:31.906619+00:00
17,8,bfa3f5ae89de0afc9ac25a19d48fa7cdac2dbb64463ab4a5a7a3f8e7351a88fd,ground_floor,Dining / Living Room,segment,"25'5"" x 8'9""",7.74m x 2.66m,1.0,7.0,0.0,17.0,64.0,73.0,744.0,576.0,20.5884,222.39583333333331,342040.0,264083.0,0.7720822126067126,6.019295988773243e-05,0.0006502041671539,15.9,,171.71,,2025-04-12T12:35:31.906745+00:00
17,8,bfa3f5ae89de0afc9ac25a19d48fa7cdac2dbb64463ab4a5a7a3f8e7351a88fd,ground_floor,Living Room,not segment,"25'5"" x 8'9""",7.74m x 2.66m,2.0,,,0.0,,,,,,,,,,0.0,0.0,0.0,,0.0,,2025-04-12T12:35:31.906745+00:00
17,8,bfa3f5ae89de0afc9ac25a19d48fa7cdac2dbb64463ab4a5a7a3f8e7351a88fd,ground_floor,Kitchen,not segment,"16'6"" x 8'8""",5.03m x 2.65m,3.0,,,0.0,,,,,,,,,,0.0,0.0,0.0,,0.0,,2025-04-12T12:35:31.906745+00:00
17,8,bfa3f5ae89de0afc9ac25a19d48fa7cdac2dbb64463ab4a5a7a3f8e7351a88fd,ground_floor,Utility Room,segment,"16'2"" x 8'6""",4.92m x 2.58m,4.0,4.0,1.0,8.0,38.0,423.0,283.0,577.0,12.6936,137.41666666666669,37730.0,35381.0,0.937741849986748,0.0003364325470447,0.0036421061931266,11.9,,128.86,,2025-04-12T12:35:31.906745+00:00
17,8,bfa3f5ae89de0afc9ac25a19d48fa7cdac2dbb64463ab4a5a7a3f8e7351a88fd,ground_floor,Garage,segment,"16'0"" x 10'1""",4.87m x 3.07m,5.0,1.0,1.0,7.0,50.0,603.0,282.0,1040.0,14.9509,161.33333333333334,101384.0,99991.0,0.9862601593939871,0.0001474680422946,0.0015913096083537,14.75,,159.12,,2025-04-12T12:35:31.906745+00:00
17,8,bfa3f5ae89de0afc9ac25a19d48fa7cdac2dbb64463ab4a5a7a3f8e7351a88fd,ground_floor,Living Room,segment,"16'0"" x 10'1""",4.87m x 3.07m,6.0,1.0,0.0,16.0,481.0,604.0,744.0,1031.0,14.9509,161.33333333333334,112301.0,105212.0,0.9368750055654002,0.0001331323852859,0.0014366152868926,14.01,,151.15,,2025-04-12T12:35:31.906745+00:00
17,8,bfa3f5ae89de0afc9ac25a19d48fa7cdac2dbb64463ab4a5a7a3f8e7351a88fd,ground_floor,Utility Room,segment,,,7.0,1.0,1.0,7.0,63.0,330.0,283.0,409.0,,,17380.0,16593.5,0.954746835443038,0.0,0.0,0.0,,0.0,,2025-04-12T12:35:31.906745+00:00
17,8,bfa3f5ae89de0afc9ac25a19d48fa7cdac2dbb64463ab4a5a7a3f8e7351a88fd,ground_floor,Utility Room (AI),segment,,,8.0,1.0,0.0,4.0,296.0,343.0,374.0,405.0,,,4836.0,4571.5,0.9453060380479736,0.0,0.0,0.0,,0.0,,2025-04-12T12:35:31.906745+00:00
17,8,bfa3f5ae89de0afc9ac25a19d48fa7cdac2dbb64463ab4a5a7a3f8e7351a88fd,ground_floor,Dn / Up (AI),segment,,,9.0,4.0,0.0,13.0,296.0,602.0,454.0,998.0,,,62568.0,49326.0,0.7883582662063675,0.0,0.0,0.0,,0.0,,2025-04-12T12:35:31.906745+00:00
17,8,bfa3f5ae89de0afc9ac25a19d48fa7cdac2dbb64463ab4a5a7a3f8e7351a88fd,ground_floor,Unknown (AI),segment,,,10.0,0.0,0.0,8.0,298.0,996.0,353.0,1054.0,,,3190.0,2506.0,0.7855799373040753,0.0,0.0,0.0,,0.0,,2025-04-12T12:35:31.906745+00:00
17,8,bfa3f5ae89de0afc9ac25a19d48fa7cdac2dbb64463ab4a5a7a3f8e7351a88fd,ground_floor,Entryway (AI),segment,,,11.0,0.0,0.0,9.0,418.0,1007.0,501.0,1056.0,,,4067.0,2969.5,0.7301450700762233,0.0,0.0,0.0,,0.0,,2025-04-12T12:35:31.906745+00:00
17,8,bfa3f5ae89de0afc9ac25a19d48fa7cdac2dbb64463ab4a5a7a3f8e7351a88fd,ground_floor,stairs,object,,,,,,4.0,296.0,661.0,374.0,797.0,,,10608.0,10472.0,0.9871794871794872,0.0,0.0,0.0,,0.0,,2025-04-12T12:35:31.906745+00:00
17,8,bfa3f5ae89de0afc9ac25a19d48fa7cdac2dbb64463ab4a5a7a3f8e7351a88fd,,,,,,,,,,,,,,,,,,,,,,,,,2025-04-12T12:35:31.906745+00:00
17,8,bfa3f5ae89de0afc9ac25a19d48fa7cdac2dbb64463ab4a5a7a3f8e7351a88fd,first_floor,Bedroom 3,segment,"10'5"" x 8'8""",3.18m x 2.63m,1.0,1.0,1.0,5.0,512.0,50.0,745.0,336.0,8.3634,90.27777777777776,66638.0,64181.5,0.9631366487589664,0.0001255049671358,0.0013547492088264,8.06,,86.95,,2025-04-12T12:35:31.906745+00:00
17,8,bfa3f5ae89de0afc9ac25a19d48fa7cdac2dbb64463ab4a5a7a3f8e7351a88fd,first_floor,Bedroom 1,segment,"17'8"" x 8'9""",5.39m x 2.66m,2.0,3.0,2.0,7.0,51.0,212.0,283.0,686.0,14.3374,154.58333333333334,109968.0,109261.0,0.993570856976575,0.0001303779281245,0.0014057119646927,14.25,,153.59,,2025-04-12T12:35:31.906745+00:00
17,8,bfa3f5ae89de0afc9ac25a19d48fa7cdac2dbb64463ab4a5a7a3f8e7351a88fd,first_floor,Bedroom 2,segment,"12'8"" x 10'6""",3.86m x 3.20m,3.0,2.0,1.0,5.0,481.0,407.0,745.0,687.0,12.352,133.0,73920.0,73070.5,0.9885078463203464,0.0001670995670995,0.0017992424242424,12.21,,131.47,,2025-04-12T12:35:31.906745+00:00
17,8,bfa3f5ae89de0afc9ac25a19d48fa7cdac2dbb64463ab4a5a7a3f8e7351a88fd,first_floor,Bedroom 4,segment,"7'0"" x 6'6""",2.13m x 1.97m,4.0,1.0,1.0,5.0,297.0,499.0,467.0,687.0,4.1961,45.5,31960.0,31412.0,0.9828535669586984,0.0001312922403003,0.0014236545682102,4.12,,44.72,,2025-04-12T12:35:31.906745+00:00
17,8,bfa3f5ae89de0afc9ac25a19d48fa7cdac2dbb64463ab4a5a7a3f8e7351a88fd,first_floor,Bathroom (AI),segment,,,5.0,2.0,1.0,7.0,51.0,50.0,282.0,186.0,,,31416.0,29880.0,0.9511077158135982,0.0,0.0,0.0,,0.0,,2025-04-12T12:35:31.906745+00:00
17,8,bfa3f5ae89de0afc9ac25a19d48fa7cdac2dbb64463ab4a5a7a3f8e7351a88fd,first_floor,Bathroom (AI),segment,,,6.0,1.0,2.0,6.0,296.0,50.0,497.0,186.0,,,27336.0,26967.5,0.9865196078431372,0.0,0.0,0.0,,0.0,,2025-04-12T12:35:31.906745+00:00
17,8,bfa3f5ae89de0afc9ac25a19d48fa7cdac2dbb64463ab4a5a7a3f8e7351a88fd,first_floor,Stairs (AI),segment,,,7.0,5.0,0.0,9.0,296.0,200.0,497.0,485.0,,,57285.0,36952.5,0.6450641529196125,0.0,0.0,0.0,,0.0,,2025-04-12T12:35:31.906745+00:00
17,8,bfa3f5ae89de0afc9ac25a19d48fa7cdac2dbb64463ab4a5a7a3f8e7351a88fd,first_floor,Storage Room (AI),segment,,,8.0,0.0,0.0,4.0,653.0,340.0,744.0,392.0,,,4732.0,4202.0,0.8879966187658496,0.0,0.0,0.0,,0.0,,2025-04-12T12:35:31.906745+00:00
17,8,bfa3f5ae89de0afc9ac25a19d48fa7cdac2dbb64463ab4a5a7a3f8e7351a88fd,first_floor,Closet (AI),segment,,,9.0,0.0,0.0,5.0,472.0,349.0,524.0,393.0,,,2288.0,2139.5,0.935096153846154,0.0,0.0,0.0,,0.0,,2025-04-12T12:35:31.906745+00:00
17,8,bfa3f5ae89de0afc9ac25a19d48fa7cdac2dbb64463ab4a5a7a3f8e7351a88fd,first_floor,Master Bathroom (AI),segment,,,10.0,1.0,0.0,5.0,539.0,350.0,638.0,399.0,,,4851.0,4705.0,0.9699031127602556,0.0,0.0,0.0,,0.0,,2025-04-12T12:35:31.906745+00:00
17,8,bfa3f5ae89de0afc9ac25a19d48fa7cdac2dbb64463ab4a5a7a3f8e7351a88fd,first_floor,stairs,object,,,,,,4.0,297.0,282.0,373.0,484.0,,,15352.0,15251.0,0.993421052631579,0.0,0.0,0.0,,0.0,,2025-04-12T12:35:31.906745+00:00
17,8,bfa3f5ae89de0afc9ac25a19d48fa7cdac2dbb64463ab4a5a7a3f8e7351a88fd,,,,,,,,,,,,,,,,,,,,,,,,,2025-04-12T12:35:31.906745+00:00
18,8,bfbf05d0787e2b76598d5374dea945c36301bb00c4c44f151241b711404873d0,ground_floor,Dining Room,segment,"12'11"" x 10'2""",3.91m x 3.09m,1.0,4.0,2.0,43.0,46.0,48.0,798.0,356.0,12.0819,131.31944444444443,231616.0,193679.0,0.8362073431887261,5.216349474993092e-05,0.0005669705220902,10.1,,109.81,,2025-04-12T12:35:31.906765+00:00
18,8,bfbf05d0787e2b76598d5374dea945c36301bb00c4c44f151241b711404873d0,ground_floor,Sitting Room,not segment,"16'7"" x 12'4""",5.02m x 3.73m,2.0,,,0.0,,,,,,,,,,0.0,0.0,0.0,,0.0,,2025-04-12T12:35:31.906765+00:00
18,8,bfbf05d0787e2b76598d5374dea945c36301bb00c4c44f151241b711404873d0,ground_floor,Kitchen/Dining Room,segment,"18'4"" x 11'0""",5.55m x 3.35m,3.0,2.0,2.0,25.0,1240.0,177.0,1822.0,471.0,18.5925,201.66666666666663,171108.0,151312.0,0.8843069873997709,0.0001086594431587,0.0011785928575324,16.44,,178.34,,2025-04-12T12:35:31.906765+00:00
18,8,bfbf05d0787e2b76598d5374dea945c36301bb00c4c44f151241b711404873d0,ground_floor,Family Room,segment,"13'1"" x 12'11""",3.98m x 3.91m,4.0,3.0,0.0,11.0,907.0,192.0,1226.0,471.0,15.5618,168.99305555555554,89001.0,83232.0,0.9351805035898472,0.0001748497207896,0.0018987770424552,14.55,,158.04,,2025-04-12T12:35:31.906765+00:00
18,8,bfbf05d0787e2b76598d5374dea945c36301bb00c4c44f151241b711404873d0,ground_floor,Family Room,segment,,,5.0,0.0,0.0,8.0,969.0,125.0,1163.0,185.0,,,11640.0,10406.5,0.8940292096219932,0.0,0.0,0.0,,0.0,,2025-04-12T12:35:31.906765+00:00
18,8,bfbf05d0787e2b76598d5374dea945c36301bb00c4c44f151241b711404873d0,ground_floor,Hallway (AI),segment,,,6.0,1.0,1.0,5.0,812.0,192.0,893.0,303.0,,,8991.0,8528.5,0.948559670781893,0.0,0.0,0.0,,0.0,,2025-04-12T12:35:31.906765+00:00
18,8,bfbf05d0787e2b76598d5374dea945c36301bb00c4c44f151241b711404873d0,ground_floor,Corridor (AI),segment,,,7.0,6.0,0.0,14.0,191.0,315.0,894.0,471.0,,,109668.0,67444.0,0.6149834044570887,0.0,0.0,0.0,,0.0,,2025-04-12T12:35:31.906765+00:00
18,8,bfbf05d0787e2b76598d5374dea945c36301bb00c4c44f151241b711404873d0,ground_floor,Entrance Hall (AI),segment,,,8.0,1.0,0.0,4.0,670.0,395.0,798.0,471.0,,,9728.0,9274.0,0.9533305921052632,0.0,0.0,0.0,,0.0,,2025-04-12T12:35:31.906765+00:00
18,8,bfbf05d0787e2b76598d5374dea945c36301bb00c4c44f151241b711404873d0,ground_floor,stairs,object,,,,,,4.0,488.0,389.0,669.0,470.0,,,14661.0,14350.5,0.9788213627992634,0.0,0.0,0.0,,0.0,,2025-04-12T12:35:31.906765+00:00
18,8,bfbf05d0787e2b76598d5374dea945c36301bb00c4c44f151241b711404873d0,,,,,,,,,,,,,,,,,,,,,,,,,2025-04-12T12:35:31.906765+00:00
18,8,bfbf05d0787e2b76598d5374dea945c36301bb00c4c44f151241b711404873d0,second_floor,Bedroom 1,segment,,,1.0,3.0,0.0,17.0,34.0,35.0,560.0,419.0,,,201984.0,131793.5,0.6524947520595691,0.0,0.0,0.0,,0.0,,2025-04-12T12:35:31.906765+00:00
18,8,bfbf05d0787e2b76598d5374dea945c36301bb00c4c44f151241b711404873d0,second_floor,Bathroom,not segment,,,2.0,,,0.0,,,,,,,,,,0.0,0.0,0.0,,0.0,,2025-04-12T12:35:31.906765+00:00
18,8,bfbf05d0787e2b76598d5374dea945c36301bb00c4c44f151241b711404873d0,second_floor,Stairs,segment,,,3.0,1.0,1.0,8.0,384.0,276.0,561.0,420.0,,,25488.0,17183.5,0.6741800062774639,0.0,0.0,0.0,,0.0,,2025-04-12T12:35:31.906765+00:00
18,8,bfbf05d0787e2b76598d5374dea945c36301bb00c4c44f151241b711404873d0,second_floor,Bathroom (AI),segment,,,4.0,1.0,0.0,4.0,34.0,276.0,262.0,419.0,,,32604.0,31511.0,0.9664765059501902,0.0,0.0,0.0,,0.0,,2025-04-12T12:35:31.906765+00:00
18,8,bfbf05d0787e2b76598d5374dea945c36301bb00c4c44f151241b711404873d0,second_floor,stairs,object,,,,,,4.0,385.0,345.0,491.0,419.0,,,7844.0,7702.0,0.9818969913309537,0.0,0.0,0.0,,0.0,,2025-04-12T12:35:31.906765+00:00
18,8,bfbf05d0787e2b76598d5374dea945c36301bb00c4c44f151241b711404873d0,,,,,,,,,,,,,,,,,,,,,,,,,2025-04-12T12:35:31.906765+00:00
18,8,bfbf05d0787e2b76598d5374dea945c36301bb00c4c44f151241b711404873d0,first_floor,Bathroom (AI),segment,,,5.0,1.0,3.0,11.0,810.0,193.0,1028.0,378.0,,,40330.0,32056.5,0.794854946689809,0.0,0.0,0.0,,0.0,,2025-04-12T12:35:31.906765+00:00
18,8,bfbf05d0787e2b76598d5374dea945c36301bb00c4c44f151241b711404873d0,first_floor,Hallway (AI),segment,,,6.0,4.0,0.0,9.0,476.0,318.0,1231.0,471.0,,,115515.0,62044.0,0.5371077349262,0.0,0.0,0.0,,0.0,,2025-04-12T12:35:31.906765+00:00
18,8,bfbf05d0787e2b76598d5374dea945c36301bb00c4c44f151241b711404873d0,first_floor,Staircase (AI),not segment,,,7.0,,,0.0,,,,,,,,,,0.0,0.0,0.0,,0.0,,2025-04-12T12:35:31.906765+00:00
18,8,bfbf05d0787e2b76598d5374dea945c36301bb00c4c44f151241b711404873d0,first_floor,stairs,object,,,,,1.0,4.0,1394.0,,1572.0,59.0,,,10502.0,10502.0,1.0,0.0,0.0,0.0,,0.0,,2025-04-12T12:35:31.906765+00:00
18,8,bfbf05d0787e2b76598d5374dea945c36301bb00c4c44f151241b711404873d0,first_floor,stairs,object,,,,,,4.0,1282.0,2.0,1380.0,60.0,,,5684.0,5606.5,0.9863652357494722,0.0,0.0,0.0,,0.0,,2025-04-12T12:35:31.906765+00:00
18,8,bfbf05d0787e2b76598d5374dea945c36301bb00c4c44f151241b711404873d0,first_floor,stairs,object,,,,,,4.0,479.0,386.0,820.0,471.0,,,28985.0,27713.5,0.9561324823184406,0.0,0.0,0.0,,0.0,,2025-04-12T12:35:31.906765+00:00
18,8,bfbf05d0787e2b76598d5374dea945c36301bb00c4c44f151241b711404873d0,,,,,,,,,,,,,,,,,,,,,,,,,2025-04-12T12:35:31.906765+00:00
19,8,a3909c00dccf3f502c8d02ce5278a1efedc18c3376d7fde3446963b39a7fea64,ground_floor,Reception/Dining Room,segment,"24'9"" x 13'10""",7.54m x 4.22m,1.0,3.0,1.0,10.0,42.0,78.0,479.0,323.0,31.8188,342.375,107065.0,92496.0,0.8639237846168215,0.0002971914257693,0.0031978237519264,27.49,,295.79,,2025-04-12T12:35:31.906786+00:00
19,8,a3909c00dccf3f502c8d02ce5278a1efedc18c3376d7fde3446963b39a7fea64,ground_floor,Utility,segment,"10'4"" x 5'11""",3.15m x 1.80m,2.0,1.0,1.0,4.0,498.0,80.0,679.0,186.0,5.67,61.13888888888889,19186.0,18863.0,0.983164807672261,0.0002955279891587,0.0031866407218226,5.57,,60.11,,2025-04-12T12:35:31.906786+00:00
19,8,a3909c00dccf3f502c8d02ce5278a1efedc18c3376d7fde3446963b39a7fea64,ground_floor,Kitchen/Dining Room,segment,"22'3"" x 11'8""",6.79m x 3.55m,3.0,4.0,1.0,8.0,285.0,309.0,679.0,514.0,24.1045,259.5833333333333,80770.0,71743.0,0.888238207255169,0.0002984338244397,0.0032138582807147,21.41,,230.57,,2025-04-12T12:35:31.906786+00:00
19,8,a3909c00dccf3f502c8d02ce5278a1efedc18c3376d7fde3446963b39a7fea64,ground_floor,Utility,segment,,,4.0,4.0,0.0,5.0,497.0,204.0,679.0,299.0,,,17290.0,16943.5,0.9799595141700403,0.0,0.0,0.0,,0.0,,2025-04-12T12:35:31.906786+00:00
19,8,a3909c00dccf3f502c8d02ce5278a1efedc18c3376d7fde3446963b39a7fea64,ground_floor,Unknown (AI),segment,,,5.0,1.0,0.0,4.0,607.0,309.0,679.0,344.0,,,2520.0,2431.5,0.9648809523809524,0.0,0.0,0.0,,0.0,,2025-04-12T12:35:31.906786+00:00
19,8,a3909c00dccf3f502c8d02ce5278a1efedc18c3376d7fde3446963b39a7fea64,ground_floor,Staircase (AI),segment,,,6.0,3.0,0.0,4.0,42.0,331.0,95.0,451.0,,,6360.0,6189.0,0.9731132075471698,0.0,0.0,0.0,,0.0,,2025-04-12T12:35:31.906786+00:00
19,8,a3909c00dccf3f502c8d02ce5278a1efedc18c3376d7fde3446963b39a7fea64,ground_floor,Hallway (AI),segment,,,7.0,6.0,0.0,7.0,103.0,332.0,277.0,452.0,,,20880.0,14619.0,0.7001436781609195,0.0,0.0,0.0,,0.0,,2025-04-12T12:35:31.906786+00:00
19,8,a3909c00dccf3f502c8d02ce5278a1efedc18c3376d7fde3446963b39a7fea64,ground_floor,Storage (AI),segment,,,8.0,1.0,1.0,5.0,59.0,469.0,226.0,513.0,,,7348.0,7059.5,0.9607376156777354,0.0,0.0,0.0,,0.0,,2025-04-12T12:35:31.906786+00:00
19,8,a3909c00dccf3f502c8d02ce5278a1efedc18c3376d7fde3446963b39a7fea64,ground_floor,WC (AI),segment,,,9.0,1.0,0.0,4.0,236.0,470.0,276.0,513.0,,,1720.0,1700.0,0.9883720930232558,0.0,0.0,0.0,,0.0,,2025-04-12T12:35:31.906786+00:00
19,8,a3909c00dccf3f502c8d02ce5278a1efedc18c3376d7fde3446963b39a7fea64,ground_floor,stairs,object,,,,1.0,,4.0,162.0,400.0,277.0,452.0,,,5980.0,5783.0,0.967056856187291,0.0,0.0,0.0,,0.0,,2025-04-12T12:35:31.906786+00:00
19,8,a3909c00dccf3f502c8d02ce5278a1efedc18c3376d7fde3446963b39a7fea64,,,,,,,,,,,,,,,,,,,,,,,,,2025-04-12T12:35:31.906786+00:00
19,8,a3909c00dccf3f502c8d02ce5278a1efedc18c3376d7fde3446963b39a7fea64,second_floor,Bonus Room,segment,"12'10"" x 10'2""",3.92m x 3.09m,1.0,3.0,0.0,9.0,51.0,60.0,275.0,240.0,12.1128,130.47222222222223,40320.0,33351.5,0.8271701388888889,0.0003004166666666,0.0032359182098765,10.02,,107.92,,2025-04-12T12:35:31.906786+00:00
19,8,a3909c00dccf3f502c8d02ce5278a1efedc18c3376d7fde3446963b39a7fea64,second_floor,Bonus Room,segment,"11'6"" x 10'2""",3.51m x 3.10m,2.0,4.0,0.0,15.0,248.0,61.0,479.0,241.0,10.881,116.91666666666666,41580.0,34645.5,0.8332251082251082,0.0002616883116883,0.0028118486451819,9.07,,97.42,,2025-04-12T12:35:31.906786+00:00
19,8,a3909c00dccf3f502c8d02ce5278a1efedc18c3376d7fde3446963b39a7fea64,second_floor,stairs,object,,,,1.0,,4.0,286.0,136.0,331.0,205.0,,,3105.0,3014.5,0.97085346215781,0.0,0.0,0.0,,0.0,,2025-04-12T12:35:31.906786+00:00
19,8,a3909c00dccf3f502c8d02ce5278a1efedc18c3376d7fde3446963b39a7fea64,,,,,,,,,,,,,,,,,,,,,,,,,2025-04-12T12:35:31.906786+00:00
19,8,a3909c00dccf3f502c8d02ce5278a1efedc18c3376d7fde3446963b39a7fea64,outbuilding,Store,segment,"13'6"" x 19'1""",4.12m x 5.80m,1.0,1.0,2.0,5.0,42.0,42.0,376.0,279.0,23.896,257.625,79158.0,78726.0,0.9945425604487228,0.0003018772581419,0.0032545668157356,23.77,,256.22,,2025-04-12T12:35:31.906786+00:00
19,8,a3909c00dccf3f502c8d02ce5278a1efedc18c3376d7fde3446963b39a7fea64,outbuilding,Studio,segment,"18'2"" x 9'4""",5.55m x 2.86m,2.0,1.0,1.0,6.0,395.0,43.0,713.0,205.0,15.873,169.55555555555557,51516.0,44787.5,0.8693900923984782,0.0003081178662939,0.0032913183390704,13.8,,147.41,,2025-04-12T12:35:31.906786+00:00
19,8,a3909c00dccf3f502c8d02ce5278a1efedc18c3376d7fde3446963b39a7fea64,,,,,,,,,,,,,,,,,,,,,,,,,2025-04-12T12:35:31.906786+00:00
19,8,a3909c00dccf3f502c8d02ce5278a1efedc18c3376d7fde3446963b39a7fea64,first_floor,Bedroom 2,segment,"13'4"" x 11'3""",4.05m x 3.35m,1.0,3.0,1.0,8.0,42.0,42.0,276.0,236.0,13.5675,150.0,45396.0,40477.0,0.8916424354568685,0.0002988699444885,0.0033042558815754,12.1,,133.75,,2025-04-12T12:35:31.906786+00:00
19,8,a3909c00dccf3f502c8d02ce5278a1efedc18c3376d7fde3446963b39a7fea64,first_floor,Bedroom 3,segment,"11'1"" x 7'8""",3.38m x 2.33m,2.0,1.0,1.0,5.0,285.0,42.0,478.0,177.0,7.8754,84.97222222222223,26055.0,25819.5,0.9909614277489924,0.0003022606025714,0.0032612635663873,7.8,,84.2,,2025-04-12T12:35:31.906786+00:00
19,8,a3909c00dccf3f502c8d02ce5278a1efedc18c3376d7fde3446963b39a7fea64,first_floor,Bedroom 1,segment,"14'10"" x 10'10""",4.52m x 3.31m,3.0,1.0,0.0,4.0,487.0,75.0,678.0,335.0,14.961199999999998,160.69444444444446,49660.0,49530.0,0.9973821989528796,0.0003012726540475,0.0032358929610238,14.92,,160.27,,2025-04-12T12:35:31.906786+00:00
19,8,a3909c00dccf3f502c8d02ce5278a1efedc18c3376d7fde3446963b39a7fea64,first_floor,Bedroom 4,segment,"10'4"" x 6'11""",3.16m x 2.11m,4.0,1.0,1.0,4.0,41.0,245.0,223.0,364.0,6.6676,71.47222222222223,21658.0,21359.0,0.9861944777911164,0.0003078585280265,0.0033000379639035,6.58,,70.49,,2025-04-12T12:35:31.906786+00:00
19,8,a3909c00dccf3f502c8d02ce5278a1efedc18c3376d7fde3446963b39a7fea64,first_floor,Storage (AI),segment,,,5.0,1.0,0.0,4.0,42.0,42.0,76.0,103.0,,,2074.0,1981.0,0.955159112825458,0.0,0.0,0.0,,0.0,,2025-04-12T12:35:31.906786+00:00
19,8,a3909c00dccf3f502c8d02ce5278a1efedc18c3376d7fde3446963b39a7fea64,first_floor,Hallway (AI),segment,,,6.0,5.0,1.0,10.0,232.0,187.0,478.0,365.0,,,43788.0,22554.0,0.5150726226363387,0.0,0.0,0.0,,0.0,,2025-04-12T12:35:31.906786+00:00
19,8,a3909c00dccf3f502c8d02ce5278a1efedc18c3376d7fde3446963b39a7fea64,first_floor,Bathroom (AI),not segment,,,7.0,,,0.0,,,,,,,,,,0.0,0.0,0.0,,0.0,,2025-04-12T12:35:31.906786+00:00
19,8,a3909c00dccf3f502c8d02ce5278a1efedc18c3376d7fde3446963b39a7fea64,first_floor,Bathroom (AI),segment,,,8.0,1.0,1.0,5.0,384.0,245.0,478.0,365.0,,,11280.0,11119.5,0.9857712765957448,0.0,0.0,0.0,,0.0,,2025-04-12T12:35:31.906786+00:00
19,8,a3909c00dccf3f502c8d02ce5278a1efedc18c3376d7fde3446963b39a7fea64,first_floor,stairs,object,,,,,1.0,4.0,232.0,314.0,329.0,366.0,,,5044.0,4947.0,0.9807692307692308,0.0,0.0,0.0,,0.0,,2025-04-12T12:35:31.906786+00:00
19,8,a3909c00dccf3f502c8d02ce5278a1efedc18c3376d7fde3446963b39a7fea64,,,,,,,,,,,,,,,,,,,,,,,,,2025-04-12T12:35:31.906786+00:00
22,8,16c56c25a2896907c314bbd5724ea8010497a78113113be74e736df7bb84e6be,first_floor,stairs,object,,,,,,4.0,285.0,291.0,506.0,358.0,,,14807.0,14807.0,1.0,0.0,0.0,0.0,,0.0,,2025-04-12T12:35:31.906848+00:00
22,8,16c56c25a2896907c314bbd5724ea8010497a78113113be74e736df7bb84e6be,,,,,,,,,,,,,,,,,,,,,,,,,2025-04-12T12:35:31.906848+00:00
22,8,16c56c25a2896907c314bbd5724ea8010497a78113113be74e736df7bb84e6be,ground_floor,Reception Room,segment,,,1.0,2.0,3.0,10.0,788.0,43.0,1065.0,535.0,,,136284.0,130944.0,0.9608171171964428,0.0,0.0,0.0,,0.0,,2025-04-12T12:35:31.906848+00:00
22,8,16c56c25a2896907c314bbd5724ea8010497a78113113be74e736df7bb84e6be,ground_floor,Workshop,segment,,,2.0,1.0,1.0,6.0,44.0,311.0,236.0,454.0,,,27456.0,26151.0,0.9524694055944056,0.0,0.0,0.0,,0.0,,2025-04-12T12:35:31.906848+00:00
22,8,16c56c25a2896907c314bbd5724ea8010497a78113113be74e736df7bb84e6be,ground_floor,Bedroom 1,segment,,,3.0,8.0,1.0,26.0,258.0,312.0,863.0,846.0,,,323070.0,136005.0,0.4209768780759588,0.0,0.0,0.0,,0.0,,2025-04-12T12:35:31.906848+00:00
22,8,16c56c25a2896907c314bbd5724ea8010497a78113113be74e736df7bb84e6be,ground_floor,Dining Room,segment,,,4.0,1.0,1.0,5.0,544.0,312.0,775.0,591.0,,,64449.0,63040.5,0.9781455104035748,0.0,0.0,0.0,,0.0,,2025-04-12T12:35:31.906848+00:00
22,8,16c56c25a2896907c314bbd5724ea8010497a78113113be74e736df7bb84e6be,ground_floor,Garage,segment,"23'2"" x 8'3""",7.05m x 2.51m,5.0,0.0,2.0,5.0,44.0,465.0,235.0,844.0,17.6955,191.125,72389.0,71519.5,0.9879885065410492,0.0002444501236375,0.0026402492091339,17.48,,188.83,,2025-04-12T12:35:31.906848+00:00
22,8,16c56c25a2896907c314bbd5724ea8010497a78113113be74e736df7bb84e6be,ground_floor,Kitchen,segment,"12'4"" x 8'4""",3.75m x 2.55m,6.0,2.0,2.0,5.0,874.0,547.0,1066.0,835.0,9.5625,102.7777777777778,55296.0,54595.5,0.9873318142361112,0.0001729329427083,0.0018586837705761,9.44,,101.48,,2025-04-12T12:35:31.906848+00:00
22,8,16c56c25a2896907c314bbd5724ea8010497a78113113be74e736df7bb84e6be,ground_floor,Bedroom 3,segment,,,7.0,1.0,1.0,7.0,256.0,603.0,462.0,844.0,,,49646.0,46163.0,0.9298432904967168,0.0,0.0,0.0,,0.0,,2025-04-12T12:35:31.906848+00:00
22,8,16c56c25a2896907c314bbd5724ea8010497a78113113be74e736df7bb84e6be,ground_floor,Bathroom (AI),segment,,,8.0,1.0,0.0,4.0,459.0,746.0,508.0,798.0,,,2548.0,2424.0,0.9513343799058084,0.0,0.0,0.0,,0.0,,2025-04-12T12:35:31.906848+00:00
22,8,16c56c25a2896907c314bbd5724ea8010497a78113113be74e736df7bb84e6be,ground_floor,Kitchen (AI),segment,,,9.0,1.0,2.0,8.0,737.0,758.0,863.0,881.0,,,15498.0,12645.0,0.8159117305458768,0.0,0.0,0.0,,0.0,,2025-04-12T12:35:31.906848+00:00
22,8,16c56c25a2896907c314bbd5724ea8010497a78113113be74e736df7bb84e6be,ground_floor,Bathroom (AI),segment,,,10.0,1.0,1.0,6.0,459.0,809.0,575.0,881.0,,,8352.0,7769.5,0.93025622605364,0.0,0.0,0.0,,0.0,,2025-04-12T12:35:31.906848+00:00
22,8,16c56c25a2896907c314bbd5724ea8010497a78113113be74e736df7bb84e6be,ground_floor,stairs,object,,,,,,4.0,545.0,602.0,708.0,666.0,,,10432.0,10350.5,0.9921875,0.0,0.0,0.0,,0.0,,2025-04-12T12:35:31.906848+00:00
22,8,16c56c25a2896907c314bbd5724ea8010497a78113113be74e736df7bb84e6be,,,,,,,,,,,,,,,,,,,,,,,,,2025-04-12T12:35:31.906848+00:00
22,8,16c56c25a2896907c314bbd5724ea8010497a78113113be74e736df7bb84e6be,first_floor,Bedroom 4,segment,"9'11"" x 7'8""",3.03m x 2.33m,1.0,3.0,1.0,9.0,44.0,43.0,282.0,221.0,7.0599,76.02777777777777,42364.0,37503.0,0.8852563497309036,0.0001666485695401,0.001794631710362,6.25,,67.3,,2025-04-12T12:35:31.906848+00:00
22,8,16c56c25a2896907c314bbd5724ea8010497a78113113be74e736df7bb84e6be,first_floor,Bedroom 2,segment,"13'6"" x 9'2""",4.11m x 2.75m,2.0,2.0,1.0,11.0,295.0,43.0,562.0,357.0,11.3025,123.75,83838.0,57455.5,0.6853157279515255,0.0001348135690259,0.0014760609747369,7.75,,84.81,,2025-04-12T12:35:31.906848+00:00
22,8,16c56c25a2896907c314bbd5724ea8010497a78113113be74e736df7bb84e6be,first_floor,Storage (AI),segment,,,3.0,1.0,0.0,5.0,286.0,142.0,340.0,195.0,,,2862.0,2711.5,0.9474143955276032,0.0,0.0,0.0,,0.0,,2025-04-12T12:35:31.906848+00:00
22,8,16c56c25a2896907c314bbd5724ea8010497a78113113be74e736df7bb84e6be,first_floor,Bathroom (AI),segment,,,4.0,1.0,0.0,5.0,116.0,208.0,206.0,357.0,,,13410.0,12982.5,0.9681208053691276,0.0,0.0,0.0,,0.0,,2025-04-12T12:35:31.906848+00:00
22,8,16c56c25a2896907c314bbd5724ea8010497a78113113be74e736df7bb84e6be,first_floor,Landing (AI),segment,,,5.0,3.0,0.0,8.0,215.0,208.0,341.0,357.0,,,18774.0,14235.5,0.7582560988601257,0.0,0.0,0.0,,0.0,,2025-04-12T12:35:31.906848+00:00
22,8,16c56c25a2896907c314bbd5724ea8010497a78113113be74e736df7bb84e6be,first_floor,Closet (AI),segment,,,6.0,1.0,0.0,4.0,44.0,226.0,103.0,276.0,,,2950.0,2749.0,0.931864406779661,0.0,0.0,0.0,,0.0,,2025-04-12T12:35:31.906848+00:00
24,8,a01f4f6fe1b8c76545afc309ef7f742cc6fa0eeb4593ce69131f9c3efcf25323,ground_floor,Kitchen/Dining Room,segment,"8'10"" x 20'7""",2.70m x 6.27m,1.0,3.0,5.0,20.0,344.0,87.0,885.0,734.0,16.929,181.81944444444449,350027.0,279689.5,0.7990512160490476,4.836484042659566e-05,0.0005194440555855,13.53,,145.28,,2025-04-12T12:35:31.906889+00:00
24,8,a01f4f6fe1b8c76545afc309ef7f742cc6fa0eeb4593ce69131f9c3efcf25323,ground_floor,Living Room,not segment,"12'4"" x 17'5""",3.75m x 5.30m,2.0,,,0.0,,,,,,,,,,0.0,0.0,0.0,,0.0,,2025-04-12T12:35:31.906889+00:00
24,8,a01f4f6fe1b8c76545afc309ef7f742cc6fa0eeb4593ce69131f9c3efcf25323,ground_floor,Utility,segment,"8'1"" x 11'2""",2.45m x 3.40m,3.0,4.0,1.0,7.0,42.0,110.0,334.0,320.0,8.33,90.26388888888889,61320.0,52131.5,0.8501549249836922,0.0001358447488584,0.0014720138435891,7.08,,76.74,,2025-04-12T12:35:31.906889+00:00
24,8,a01f4f6fe1b8c76545afc309ef7f742cc6fa0eeb4593ce69131f9c3efcf25323,ground_floor,Garage,segment,"15'7"" x 11'2""",4.75m x 3.40m,4.0,1.0,0.0,9.0,41.0,330.0,334.0,757.0,16.15,174.01388888888889,125111.0,122471.5,0.9789027343718778,0.0001290853721894,0.0013908760132113,15.81,,170.34,,2025-04-12T12:35:31.906889+00:00
24,8,a01f4f6fe1b8c76545afc309ef7f742cc6fa0eeb4593ce69131f9c3efcf25323,ground_floor,Utility,segment,"8'1"" x 11'2""",2.45m x 3.40m,5.0,1.0,0.0,4.0,42.0,112.0,144.0,180.0,8.33,90.26388888888889,6936.0,6413.0,0.92459630911188,0.0012009803921568,0.0130138248109701,7.7,,83.46,,2025-04-12T12:35:31.906889+00:00
24,8,a01f4f6fe1b8c76545afc309ef7f742cc6fa0eeb4593ce69131f9c3efcf25323,ground_floor,Hallway (AI),segment,,,6.0,1.0,0.0,5.0,344.0,329.0,419.0,403.0,,,5550.0,5512.5,0.9932432432432432,0.0,0.0,0.0,,0.0,,2025-04-12T12:35:31.906889+00:00
24,8,a01f4f6fe1b8c76545afc309ef7f742cc6fa0eeb4593ce69131f9c3efcf25323,ground_floor,Hallway (AI),segment,,,7.0,2.0,1.0,7.0,344.0,508.0,526.0,653.0,,,26390.0,21101.0,0.7995831754452444,0.0,0.0,0.0,,0.0,,2025-04-12T12:35:31.906889+00:00
24,8,a01f4f6fe1b8c76545afc309ef7f742cc6fa0eeb4593ce69131f9c3efcf25323,ground_floor,stairs,object,,,,,,4.0,344.0,404.0,421.0,508.0,,,8008.0,7969.5,0.9951923076923076,0.0,0.0,0.0,,0.0,,2025-04-12T12:35:31.906889+00:00
24,8,a01f4f6fe1b8c76545afc309ef7f742cc6fa0eeb4593ce69131f9c3efcf25323,,,,,,,,,,,,,,,,,,,,,,,,,2025-04-12T12:35:31.906889+00:00
24,8,a01f4f6fe1b8c76545afc309ef7f742cc6fa0eeb4593ce69131f9c3efcf25323,first_floor,Bathroom (AI),segment,,,4.0,1.0,1.0,5.0,45.0,44.0,254.0,190.0,,,30514.0,29334.0,0.9613292259290818,0.0,0.0,0.0,,0.0,,2025-04-12T12:35:31.906889+00:00
24,8,a01f4f6fe1b8c76545afc309ef7f742cc6fa0eeb4593ce69131f9c3efcf25323,first_floor,Closet (AI),segment,,,5.0,2.0,0.0,4.0,262.0,138.0,320.0,189.0,,,2958.0,2823.0,0.9543610547667344,0.0,0.0,0.0,,0.0,,2025-04-12T12:35:31.906889+00:00
24,8,a01f4f6fe1b8c76545afc309ef7f742cc6fa0eeb4593ce69131f9c3efcf25323,first_floor,Hallway (AI),segment,,,6.0,4.0,1.0,12.0,45.0,199.0,272.0,443.0,,,55388.0,39663.5,0.7161027659420813,0.0,0.0,0.0,,0.0,,2025-04-12T12:35:31.906889+00:00
24,8,a01f4f6fe1b8c76545afc309ef7f742cc6fa0eeb4593ce69131f9c3efcf25323,first_floor,Staircase (AI),not segment,,,7.0,,,0.0,,,,,,,,,,0.0,0.0,0.0,,0.0,,2025-04-12T12:35:31.906889+00:00
24,8,a01f4f6fe1b8c76545afc309ef7f742cc6fa0eeb4593ce69131f9c3efcf25323,first_floor,stairs,object,,,,,1.0,4.0,42.0,244.0,124.0,339.0,,,7790.0,7702.0,0.9887034659820284,0.0,0.0,0.0,,0.0,,2025-04-12T12:35:31.906889+00:00
24,8,a01f4f6fe1b8c76545afc309ef7f742cc6fa0eeb4593ce69131f9c3efcf25323,,,,,,,,,,,,,,,,,,,,,,,,,2025-04-12T12:35:31.906889+00:00
20,8,5ae2e2623b626a39fd2cef2f22366414a172f61d8f8dfaeb04ddac250d88499c,ground_floor,DINING ROOM/KITCHEN,segment,,,1.0,1.0,1.0,11.0,52.0,52.0,571.0,427.0,,,194625.0,168244.0,0.8644521515735388,0.0,0.0,0.0,,0.0,,2025-04-12T12:35:31.906287+00:00
20,8,5ae2e2623b626a39fd2cef2f22366414a172f61d8f8dfaeb04ddac250d88499c,ground_floor,DINING ROOM/KITCHEN,not segment,,,2.0,,,0.0,,,,,,,,,,0.0,0.0,0.0,,0.0,,2025-04-12T12:35:31.906287+00:00
20,8,5ae2e2623b626a39fd2cef2f22366414a172f61d8f8dfaeb04ddac250d88499c,ground_floor,LOUNGE,segment,,,3.0,1.0,2.0,8.0,52.0,438.0,409.0,832.0,,,140658.0,132534.5,0.9422464417238976,0.0,0.0,0.0,,0.0,,2025-04-12T12:35:31.906287+00:00
20,8,5ae2e2623b626a39fd2cef2f22366414a172f61d8f8dfaeb04ddac250d88499c,ground_floor,Dining Room/Kitchen,segment,,,4.0,3.0,1.0,6.0,358.0,331.0,572.0,752.0,,,90094.0,73180.5,0.812268297555886,0.0,0.0,0.0,,0.0,,2025-04-12T12:35:31.906287+00:00
20,8,5ae2e2623b626a39fd2cef2f22366414a172f61d8f8dfaeb04ddac250d88499c,,,,,,,,,,,,,,,,,,,,,,,,,2025-04-12T12:35:31.906287+00:00
20,8,5ae2e2623b626a39fd2cef2f22366414a172f61d8f8dfaeb04ddac250d88499c,second_floor,BEDROOM,segment,"17'9"" x 16'9""",5.42m x 5.14m,1.0,4.0,0.0,16.0,51.0,126.0,536.0,664.0,27.8588,297.3125,260930.0,163885.0,0.6280803280573334,0.0001067673322346,0.001139433947802,17.5,,186.74,,2025-04-12T12:35:31.906287+00:00
20,8,5ae2e2623b626a39fd2cef2f22366414a172f61d8f8dfaeb04ddac250d88499c,second_floor,EAVES STORAGE,segment,,,2.0,1.0,0.0,6.0,376.0,600.0,535.0,665.0,,,10335.0,9967.5,0.9644412191582002,0.0,0.0,0.0,,0.0,,2025-04-12T12:35:31.906287+00:00
20,8,5ae2e2623b626a39fd2cef2f22366414a172f61d8f8dfaeb04ddac250d88499c,second_floor,STORAGE,not segment,,,3.0,,,0.0,,,,,,,,,,0.0,0.0,0.0,,0.0,,2025-04-12T12:35:31.906287+00:00
20,8,5ae2e2623b626a39fd2cef2f22366414a172f61d8f8dfaeb04ddac250d88499c,second_floor,EAVES STORAGE,segment,,,4.0,1.0,0.0,5.0,52.0,603.0,292.0,665.0,,,14880.0,14424.0,0.9693548387096774,0.0,0.0,0.0,,0.0,,2025-04-12T12:35:31.906287+00:00
20,8,5ae2e2623b626a39fd2cef2f22366414a172f61d8f8dfaeb04ddac250d88499c,second_floor,Bedroom,segment,,,5.0,1.0,0.0,4.0,79.0,38.0,283.0,107.0,,,14076.0,13838.0,0.9830917874396136,0.0,0.0,0.0,,0.0,,2025-04-12T12:35:31.906287+00:00
20,8,5ae2e2623b626a39fd2cef2f22366414a172f61d8f8dfaeb04ddac250d88499c,second_floor,Bathroom (AI),segment,,,6.0,1.0,1.0,4.0,330.0,136.0,491.0,269.0,,,21413.0,21280.0,0.9937888198757764,0.0,0.0,0.0,,0.0,,2025-04-12T12:35:31.906287+00:00
20,8,5ae2e2623b626a39fd2cef2f22366414a172f61d8f8dfaeb04ddac250d88499c,second_floor,Bathroom (AI),segment,,,7.0,1.0,0.0,11.0,330.0,279.0,532.0,350.0,,,14342.0,10517.0,0.7333007948682192,0.0,0.0,0.0,,0.0,,2025-04-12T12:35:31.906287+00:00
20,8,5ae2e2623b626a39fd2cef2f22366414a172f61d8f8dfaeb04ddac250d88499c,second_floor,Bathroom (AI),segment,,,8.0,0.0,0.0,7.0,411.0,352.0,535.0,448.0,,,11904.0,9261.5,0.7780157930107527,0.0,0.0,0.0,,0.0,,2025-04-12T12:35:31.906287+00:00
20,8,5ae2e2623b626a39fd2cef2f22366414a172f61d8f8dfaeb04ddac250d88499c,,,,,,,,,,,,,,,,,,,,,,,,,2025-04-12T12:35:31.906287+00:00
20,8,5ae2e2623b626a39fd2cef2f22366414a172f61d8f8dfaeb04ddac250d88499c,first_floor,BEDROOM,segment,,,1.0,1.0,1.0,8.0,51.0,52.0,346.0,374.0,,,94990.0,91985.0,0.968365091062217,0.0,0.0,0.0,,0.0,,2025-04-12T12:35:31.906287+00:00
20,8,5ae2e2623b626a39fd2cef2f22366414a172f61d8f8dfaeb04ddac250d88499c,first_floor,BEDROOM,segment,,,2.0,1.0,3.0,14.0,51.0,384.0,346.0,833.0,,,132455.0,117801.0,0.8893661998414556,0.0,0.0,0.0,,0.0,,2025-04-12T12:35:31.906287+00:00
20,8,5ae2e2623b626a39fd2cef2f22366414a172f61d8f8dfaeb04ddac250d88499c,first_floor,BEDROOM,segment,,,3.0,1.0,2.0,13.0,358.0,465.0,571.0,795.0,,,70290.0,63977.0,0.9101863707497512,0.0,0.0,0.0,,0.0,,2025-04-12T12:35:31.906287+00:00
20,8,5ae2e2623b626a39fd2cef2f22366414a172f61d8f8dfaeb04ddac250d88499c,first_floor,Bathroom (AI),segment,,,4.0,1.0,1.0,7.0,357.0,52.0,571.0,258.0,,,44084.0,37996.5,0.8619113510570728,0.0,0.0,0.0,,0.0,,2025-04-12T12:35:31.906287+00:00
20,8,5ae2e2623b626a39fd2cef2f22366414a172f61d8f8dfaeb04ddac250d88499c,first_floor,Bathroom (AI),segment,,,5.0,0.0,0.0,4.0,456.0,223.0,571.0,265.0,,,4830.0,4751.5,0.9837474120082816,0.0,0.0,0.0,,0.0,,2025-04-12T12:35:31.906287+00:00
20,8,5ae2e2623b626a39fd2cef2f22366414a172f61d8f8dfaeb04ddac250d88499c,first_floor,Hallway (AI),segment,,,6.0,4.0,0.0,4.0,357.0,267.0,455.0,455.0,,,18424.0,18236.0,0.9897959183673468,0.0,0.0,0.0,,0.0,,2025-04-12T12:35:31.906287+00:00
20,8,5ae2e2623b626a39fd2cef2f22366414a172f61d8f8dfaeb04ddac250d88499c,first_floor,Stairs (AI),segment,,,7.0,0.0,0.0,6.0,502.0,341.0,570.0,360.0,,,1292.0,966.5,0.7480650154798761,0.0,0.0,0.0,,0.0,,2025-04-12T12:35:31.906287+00:00
20,8,5ae2e2623b626a39fd2cef2f22366414a172f61d8f8dfaeb04ddac250d88499c,first_floor,Staircase (AI),segment,,,8.0,0.0,0.0,5.0,505.0,363.0,569.0,378.0,,,960.0,545.5,0.5682291666666667,0.0,0.0,0.0,,0.0,,2025-04-12T12:35:31.906287+00:00
20,8,5ae2e2623b626a39fd2cef2f22366414a172f61d8f8dfaeb04ddac250d88499c,first_floor,stairs,object,,,,,,4.0,455.0,265.0,571.0,341.0,,,8816.0,8626.0,0.978448275862069,0.0,0.0,0.0,,0.0,,2025-04-12T12:35:31.906287+00:00
20,8,5ae2e2623b626a39fd2cef2f22366414a172f61d8f8dfaeb04ddac250d88499c,first_floor,stairs,object,,,,,,4.0,455.0,379.0,570.0,455.0,,,8740.0,8494.5,0.9719107551487414,0.0,0.0,0.0,,0.0,,2025-04-12T12:35:31.906287+00:00
20,8,5ae2e2623b626a39fd2cef2f22366414a172f61d8f8dfaeb04ddac250d88499c,,,,,,,,,,,,,,,,,,,,,,,,,2025-04-12T12:35:31.906287+00:00
55,8,87b0d348292c278c53afc088fe7185331f3c173d9957656257409697ebf86290,ground_floor,Kitchen / Dining Room,segment,"25'5"" x 16'6""",7.75m x 5.03m,1.0,5.0,4.0,29.0,94.0,251.0,483.0,897.0,38.9825,419.375,251294.0,163935.0,0.6523633672113143,0.0001551270623254,0.0016688619704409,25.43,,273.58,,2025-04-12T12:35:31.906912+00:00
55,8,87b0d348292c278c53afc088fe7185331f3c173d9957656257409697ebf86290,ground_floor,Family Room,not segment,"13'2"" x 11'1""",4.01m x 3.38m,2.0,,,0.0,,,,,,,,,,0.0,0.0,0.0,,0.0,,2025-04-12T12:35:31.906912+00:00
55,8,87b0d348292c278c53afc088fe7185331f3c173d9957656257409697ebf86290,ground_floor,Reception Room,not segment,"15'8"" x 12'0""",4.78m x 3.66m,3.0,,,0.0,,,,,,,,,,0.0,0.0,0.0,,0.0,,2025-04-12T12:35:31.906912+00:00
55,8,87b0d348292c278c53afc088fe7185331f3c173d9957656257409697ebf86290,ground_floor,Utility,segment,,,4.0,1.0,1.0,7.0,95.0,513.0,244.0,580.0,,,9983.0,9904.5,0.9921366322748671,0.0,0.0,0.0,,0.0,,2025-04-12T12:35:31.906912+00:00
55,8,87b0d348292c278c53afc088fe7185331f3c173d9957656257409697ebf86290,ground_floor,Study / Bedroom,segment,"14'3"" x 7'2""",4.34m x 2.18m,5.0,1.0,2.0,6.0,94.0,677.0,204.0,897.0,9.4612,102.125,24200.0,23954.0,0.9898347107438016,0.0003909586776859,0.004220041322314,9.37,,101.09,,2025-04-12T12:35:31.906912+00:00
55,8,87b0d348292c278c53afc088fe7185331f3c173d9957656257409697ebf86290,ground_floor,Stairs (AI),segment,,,6.0,6.0,2.0,11.0,212.0,513.0,307.0,898.0,,,36575.0,22704.5,0.6207655502392344,0.0,0.0,0.0,,0.0,,2025-04-12T12:35:31.906912+00:00
55,8,87b0d348292c278c53afc088fe7185331f3c173d9957656257409697ebf86290,ground_floor,Hallway (AI),not segment,,,7.0,,,0.0,,,,,,,,,,0.0,0.0,0.0,,0.0,,2025-04-12T12:35:31.906912+00:00
55,8,87b0d348292c278c53afc088fe7185331f3c173d9957656257409697ebf86290,ground_floor,Study / Bedroom,segment,"14'3"" x 7'2""",4.34m x 2.18m,8.0,0.0,0.0,6.0,94.0,586.0,204.0,671.0,9.4612,102.125,9350.0,8393.5,0.8977005347593583,0.0010118930481283,0.0109224598930481,8.49,,91.68,,2025-04-12T12:35:31.906912+00:00
55,8,87b0d348292c278c53afc088fe7185331f3c173d9957656257409697ebf86290,ground_floor,Utility,segment,,,9.0,1.0,0.0,5.0,212.0,586.0,249.0,648.0,,,2294.0,2161.5,0.9422406277244988,0.0,0.0,0.0,,0.0,,2025-04-12T12:35:31.906912+00:00
55,8,87b0d348292c278c53afc088fe7185331f3c173d9957656257409697ebf86290,ground_floor,Utility,segment,,,10.0,1.0,0.0,5.0,212.0,654.0,250.0,682.0,,,1064.0,992.5,0.9328007518796992,0.0,0.0,0.0,,0.0,,2025-04-12T12:35:31.906912+00:00
55,8,87b0d348292c278c53afc088fe7185331f3c173d9957656257409697ebf86290,ground_floor,Driveway,segment,,,11.0,1.0,1.0,18.0,369.0,913.0,498.0,1068.0,,,19995.0,14282.5,0.7143035758939735,0.0,0.0,0.0,,0.0,,2025-04-12T12:35:31.906912+00:00
55,8,87b0d348292c278c53afc088fe7185331f3c173d9957656257409697ebf86290,ground_floor,stairs,object,,,,,,4.0,211.0,682.0,254.0,748.0,,,2838.0,2731.0,0.9622973925299508,0.0,0.0,0.0,,0.0,,2025-04-12T12:35:31.906912+00:00
55,8,87b0d348292c278c53afc088fe7185331f3c173d9957656257409697ebf86290,,,,,,,,,,,,,,,,,,,,,,,,,2025-04-12T12:35:31.906912+00:00
55,8,87b0d348292c278c53afc088fe7185331f3c173d9957656257409697ebf86290,first_floor,Bedroom,segment,"13'1"" x 11'6""",3.99m x 3.51m,1.0,5.0,1.0,17.0,269.0,39.0,444.0,241.0,14.0049,150.45833333333334,35350.0,30991.0,0.8766902404526167,0.0003961782178217,0.0042562470532767,12.28,,131.91,,2025-04-12T12:35:31.906912+00:00
55,8,87b0d348292c278c53afc088fe7185331f3c173d9957656257409697ebf86290,first_floor,Bedroom,segment,"11'5"" x 6'5""",3.48m x 1.96m,2.0,2.0,1.0,4.0,54.0,40.0,151.0,216.0,6.8208,73.25694444444444,17072.0,17023.5,0.9971590909090908,0.0003995313964386,0.0042910581328751,6.8,,73.05,,2025-04-12T12:35:31.906912+00:00
55,8,87b0d348292c278c53afc088fe7185331f3c173d9957656257409697ebf86290,first_floor,Bedroom,segment,"15'3"" x 11'0""",4.65m x 3.35m,3.0,1.0,3.0,13.0,276.0,250.0,444.0,490.0,15.577500000000002,167.75,40320.0,36546.5,0.9064112103174604,0.0003863467261904,0.0041604662698412,14.12,,152.05,,2025-04-12T12:35:31.906912+00:00
55,8,87b0d348292c278c53afc088fe7185331f3c173d9957656257409697ebf86290,first_floor,Bedroom,segment,"15'0"" x 8'7""",4.57m x 2.62m,4.0,1.0,2.0,5.0,39.0,330.0,267.0,461.0,11.973400000000002,128.75,29868.0,29391.0,0.9840297308155886,0.0004008771929824,0.0043106334538636,11.78,,126.69,,2025-04-12T12:35:31.906912+00:00
55,8,87b0d348292c278c53afc088fe7185331f3c173d9957656257409697ebf86290,first_floor,Bathroom (AI),segment,,,5.0,1.0,1.0,4.0,160.0,40.0,260.0,163.0,,,12300.0,12300.0,1.0,0.0,0.0,0.0,,0.0,,2025-04-12T12:35:31.906912+00:00
55,8,87b0d348292c278c53afc088fe7185331f3c173d9957656257409697ebf86290,first_floor,Bedroom (AI),segment,,,6.0,2.0,1.0,4.0,422.0,40.0,443.0,84.0,,,924.0,913.5,0.9886363636363636,0.0,0.0,0.0,,0.0,,2025-04-12T12:35:31.906912+00:00
55,8,87b0d348292c278c53afc088fe7185331f3c173d9957656257409697ebf86290,first_floor,Hallway (AI),segment,,,7.0,4.0,0.0,6.0,160.0,171.0,267.0,321.0,,,16050.0,10850.5,0.6760436137071651,0.0,0.0,0.0,,0.0,,2025-04-12T12:35:31.906912+00:00
55,8,87b0d348292c278c53afc088fe7185331f3c173d9957656257409697ebf86290,first_floor,Storage (AI),segment,,,8.0,0.0,0.0,4.0,120.0,220.0,151.0,261.0,,,1271.0,1220.5,0.9602675059008656,0.0,0.0,0.0,,0.0,,2025-04-12T12:35:31.906912+00:00
55,8,87b0d348292c278c53afc088fe7185331f3c173d9957656257409697ebf86290,first_floor,Bedroom (AI),segment,,,9.0,1.0,1.0,6.0,39.0,224.0,151.0,321.0,,,10864.0,9008.0,0.8291605301914581,0.0,0.0,0.0,,0.0,,2025-04-12T12:35:31.906912+00:00
55,8,87b0d348292c278c53afc088fe7185331f3c173d9957656257409697ebf86290,first_floor,stairs,object,,,,,,4.0,160.0,212.0,202.0,321.0,,,4578.0,4557.0,0.9954128440366972,0.0,0.0,0.0,,0.0,,2025-04-12T12:35:31.906912+00:00
55,8,87b0d348292c278c53afc088fe7185331f3c173d9957656257409697ebf86290,,,,,,,,,,,,,,,,,,,,,,,,,2025-04-12T12:35:31.906912+00:00
55,8,87b0d348292c278c53afc088fe7185331f3c173d9957656257409697ebf86290,garage,Garage,segment,"23'9"" x 12'10""",7.24m x 3.91m,1.0,1.0,2.0,4.0,39.0,67.0,234.0,432.0,28.3084,304.7916666666667,71175.0,71175.0,1.0,0.0003977295398665,0.004282285446669,28.31,,304.79,,2025-04-12T12:35:31.906912+00:00
55,8,87b0d348292c278c53afc088fe7185331f3c173d9957656257409697ebf86290,garage,Brick Store,segment,"11'1"" x 7'3""",3.38m x 2.2m,2.0,1.0,2.0,4.0,301.0,264.0,409.0,434.0,7.436,80.35416666666667,18360.0,18360.0,1.0,0.0004050108932461,0.0043765885984023,7.44,,80.35,,2025-04-12T12:35:31.906912+00:00
55,8,87b0d348292c278c53afc088fe7185331f3c173d9957656257409697ebf86290,,,,,,,,,,,,,,,,,,,,,,,,,2025-04-12T12:35:31.906912+00:00
27,8,74d0289fa45728c7a8f7bf0de6166f79c17e0a85f74247186fd31e322831c443,ground_floor,Kitchen/Dining Room,segment,"16'9"" x 11'5""",5.11m x 3.47m,1.0,1.0,3.0,7.0,43.0,46.0,413.0,292.0,17.731700000000004,191.22916666666663,91020.0,88278.0,0.969874752801582,0.0001948110305427,0.002100957664982,17.2,,185.47,,2025-04-12T12:35:31.906937+00:00
27,8,74d0289fa45728c7a8f7bf0de6166f79c17e0a85f74247186fd31e322831c443,ground_floor,Sitting Room,segment,"13'9"" x 11'3""",4.19m x 3.44m,2.0,2.0,2.0,16.0,367.0,304.0,706.0,815.0,14.4136,154.6875,173229.0,137188.5,0.7919488076476803,8.320546790664381e-05,0.0008929653810851,11.41,,122.5,,2025-04-12T12:35:31.906937+00:00
27,8,74d0289fa45728c7a8f7bf0de6166f79c17e0a85f74247186fd31e322831c443,ground_floor,Family Room,not segment,"12'10"" x 10'8""",3.92m x 3.26m,3.0,,,0.0,,,,,,,,,,0.0,0.0,0.0,,0.0,,2025-04-12T12:35:31.906937+00:00
27,8,74d0289fa45728c7a8f7bf0de6166f79c17e0a85f74247186fd31e322831c443,ground_floor,Study,segment,"8'2"" x 6'5""",2.50m x 1.95m,4.0,1.0,2.0,5.0,43.0,376.0,181.0,557.0,4.875,52.40277777777778,24978.0,24044.5,0.9626271118584354,0.000195171751141,0.002097957313547,4.69,,50.44,,2025-04-12T12:35:31.906937+00:00
27,8,74d0289fa45728c7a8f7bf0de6166f79c17e0a85f74247186fd31e322831c443,ground_floor,Hallway (AI),segment,,,5.0,7.0,0.0,15.0,203.0,303.0,424.0,817.0,,,113594.0,68855.5,0.6061543743507579,0.0,0.0,0.0,,0.0,,2025-04-12T12:35:31.906937+00:00
27,8,74d0289fa45728c7a8f7bf0de6166f79c17e0a85f74247186fd31e322831c443,ground_floor,Hallway (AI),segment,,,6.0,2.0,0.0,4.0,43.0,305.0,180.0,365.0,,,8220.0,7843.5,0.9541970802919708,0.0,0.0,0.0,,0.0,,2025-04-12T12:35:31.906937+00:00
27,8,74d0289fa45728c7a8f7bf0de6166f79c17e0a85f74247186fd31e322831c443,ground_floor,Up (AI),segment,,,7.0,0.0,1.0,6.0,203.0,549.0,268.0,584.0,,,2275.0,2056.5,0.903956043956044,0.0,0.0,0.0,,0.0,,2025-04-12T12:35:31.906937+00:00
27,8,74d0289fa45728c7a8f7bf0de6166f79c17e0a85f74247186fd31e322831c443,ground_floor,Up (AI),segment,,,8.0,1.0,1.0,4.0,203.0,586.0,268.0,674.0,,,5720.0,5282.5,0.923513986013986,0.0,0.0,0.0,,0.0,,2025-04-12T12:35:31.906937+00:00
27,8,74d0289fa45728c7a8f7bf0de6166f79c17e0a85f74247186fd31e322831c443,ground_floor,Unknown (AI),segment,,,9.0,2.0,1.0,7.0,203.0,685.0,301.0,815.0,,,12740.0,10386.0,0.8152276295133438,0.0,0.0,0.0,,0.0,,2025-04-12T12:35:31.906937+00:00
27,8,74d0289fa45728c7a8f7bf0de6166f79c17e0a85f74247186fd31e322831c443,ground_floor,stairs,object,,,,,,4.0,272.0,758.0,355.0,817.0,,,4897.0,4785.5,0.977230957729222,0.0,0.0,0.0,,0.0,,2025-04-12T12:35:31.906937+00:00
27,8,74d0289fa45728c7a8f7bf0de6166f79c17e0a85f74247186fd31e322831c443,,,,,,,,,,,,,,,,,,,,,,,,,2025-04-12T12:35:31.906937+00:00
27,8,74d0289fa45728c7a8f7bf0de6166f79c17e0a85f74247186fd31e322831c443,first_floor,Bedroom,segment,"16'9"" x 10'7""",5.10m x 3.23m,1.0,3.0,2.0,6.0,46.0,47.0,416.0,291.0,16.473,177.27083333333334,90280.0,87034.5,0.9640507310589278,0.0001824656623836,0.0019635670506572,15.88,,170.9,,2025-04-12T12:35:31.906937+00:00
27,8,74d0289fa45728c7a8f7bf0de6166f79c17e0a85f74247186fd31e322831c443,first_floor,Bedroom,segment,"13'7"" x 9'2""",4.15m x 2.79m,2.0,1.0,1.0,10.0,46.0,304.0,350.0,506.0,11.578500000000002,124.51388888888889,61408.0,56934.5,0.927151185513288,0.0001885503517457,0.0020276493109837,10.74,,115.44,,2025-04-12T12:35:31.906937+00:00
27,8,74d0289fa45728c7a8f7bf0de6166f79c17e0a85f74247186fd31e322831c443,first_floor,Bedroom,segment,"11'3"" x 10'9""",3.42m x 3.28m,3.0,1.0,1.0,4.0,439.0,305.0,674.0,553.0,11.2176,120.9375,58280.0,57792.0,0.9916266300617708,0.0001924776938915,0.0020751115305422,11.12,,119.92,,2025-04-12T12:35:31.906937+00:00
27,8,74d0289fa45728c7a8f7bf0de6166f79c17e0a85f74247186fd31e322831c443,first_floor,Bedroom,segment,"11'3"" x 10'7""",3.42m x 3.23m,4.0,1.0,2.0,4.0,439.0,566.0,673.0,816.0,11.0466,119.0625,58500.0,58142.0,0.993880341880342,0.0001888307692307,0.0020352564102564,10.98,,118.33,,2025-04-12T12:35:31.906937+00:00
27,8,74d0289fa45728c7a8f7bf0de6166f79c17e0a85f74247186fd31e322831c443,first_floor,Hallway (AI),segment,,,5.0,2.0,0.0,8.0,314.0,303.0,426.0,816.0,,,57456.0,36363.5,0.6328929963798385,0.0,0.0,0.0,,0.0,,2025-04-12T12:35:31.906937+00:00
27,8,74d0289fa45728c7a8f7bf0de6166f79c17e0a85f74247186fd31e322831c443,first_floor,Bathroom (AI),segment,,,6.0,1.0,2.0,7.0,206.0,511.0,357.0,692.0,,,27331.0,23077.0,0.8443525666825217,0.0,0.0,0.0,,0.0,,2025-04-12T12:35:31.906937+00:00
27,8,74d0289fa45728c7a8f7bf0de6166f79c17e0a85f74247186fd31e322831c443,first_floor,stairs,object,,,,,2.0,4.0,205.0,702.0,321.0,817.0,,,13340.0,13111.0,0.9828335832083958,0.0,0.0,0.0,,0.0,,2025-04-12T12:35:31.906937+00:00
27,8,74d0289fa45728c7a8f7bf0de6166f79c17e0a85f74247186fd31e322831c443,,,,,,,,,,,,,,,,,,,,,,,,,2025-04-12T12:35:31.906937+00:00
27,8,74d0289fa45728c7a8f7bf0de6166f79c17e0a85f74247186fd31e322831c443,garage,Garage,segment,"22'7"" x 14'4""",6.88m x 4.37m,1.0,0.0,2.0,6.0,238.0,78.0,553.0,583.0,30.0656,323.69444444444446,159075.0,157891.5,0.9925601131541726,0.0001890026716957,0.0020348542790787,29.84,,321.29,,2025-04-12T12:35:31.906937+00:00
27,8,74d0289fa45728c7a8f7bf0de6166f79c17e0a85f74247186fd31e322831c443,,,,,,,,,,,,,,,,,,,,,,,,,2025-04-12T12:35:31.906937+00:00
37,8,fd42d17311a793a54b5bca5070f1efa076b47be30944813524b06e30e507ebc0,ground_floor,Dining Area / Kitchen,segment,"30'2"" x 12'0""",9.20m x 3.66m,1.0,2.0,4.0,11.0,182.0,88.0,485.0,869.0,33.672,362.0,236643.0,203689.0,0.8607438208609594,0.0001422902853665,0.0015297304378325,28.98,,311.59,,2025-04-12T12:35:31.907061+00:00
37,8,fd42d17311a793a54b5bca5070f1efa076b47be30944813524b06e30e507ebc0,ground_floor,Living Room,segment,"18'11"" x 16'2""",5.76m x 4.93m,2.0,3.0,2.0,6.0,498.0,89.0,909.0,581.0,28.3968,305.8194444444445,202212.0,199843.5,0.988287045279212,0.0001404308349652,0.0015123704055369,28.06,,302.24,,2025-04-12T12:35:31.907061+00:00
37,8,fd42d17311a793a54b5bca5070f1efa076b47be30944813524b06e30e507ebc0,ground_floor,Garage,segment,"17'4"" x 7'5""",5.29m x 2.26m,3.0,2.0,0.0,7.0,48.0,570.0,235.0,1016.0,11.9554,128.55555555555554,83402.0,81421.5,0.976253567060742,0.0001433466823337,0.0015413965559046,11.67,,125.5,,2025-04-12T12:35:31.907061+00:00
37,8,fd42d17311a793a54b5bca5070f1efa076b47be30944813524b06e30e507ebc0,ground_floor,Unknown (AI),segment,,,4.0,0.0,0.0,5.0,,85.0,92.0,289.0,,,18768.0,18278.5,0.9739183716965046,0.0,0.0,0.0,,0.0,,2025-04-12T12:35:31.907061+00:00
37,8,fd42d17311a793a54b5bca5070f1efa076b47be30944813524b06e30e507ebc0,ground_floor,Storage (AI),segment,,,5.0,0.0,0.0,4.0,182.0,487.0,314.0,557.0,,,9240.0,8652.0,0.9363636363636364,0.0,0.0,0.0,,0.0,,2025-04-12T12:35:31.907061+00:00
37,8,fd42d17311a793a54b5bca5070f1efa076b47be30944813524b06e30e507ebc0,ground_floor,Up (AI),segment,,,6.0,4.0,0.0,4.0,499.0,594.0,668.0,833.0,,,40391.0,37852.0,0.9371394617612836,0.0,0.0,0.0,,0.0,,2025-04-12T12:35:31.907061+00:00
37,8,fd42d17311a793a54b5bca5070f1efa076b47be30944813524b06e30e507ebc0,ground_floor,Unknown (AI),segment,,,7.0,1.0,0.0,7.0,741.0,595.0,909.0,748.0,,,25704.0,15501.5,0.6030773420479303,0.0,0.0,0.0,,0.0,,2025-04-12T12:35:31.907061+00:00
37,8,fd42d17311a793a54b5bca5070f1efa076b47be30944813524b06e30e507ebc0,ground_floor,Unknown (AI),segment,,,8.0,2.0,1.0,8.0,673.0,669.0,910.0,868.0,,,47163.0,38843.0,0.8235905264720226,0.0,0.0,0.0,,0.0,,2025-04-12T12:35:31.907061+00:00
37,8,fd42d17311a793a54b5bca5070f1efa076b47be30944813524b06e30e507ebc0,ground_floor,stairs,object,,,,,,4.0,669.0,595.0,740.0,656.0,,,4331.0,4331.0,1.0,0.0,0.0,0.0,,0.0,,2025-04-12T12:35:31.907061+00:00
37,8,fd42d17311a793a54b5bca5070f1efa076b47be30944813524b06e30e507ebc0,,,,,,,,,,,,,,,,,,,,,,,,,2025-04-12T12:35:31.907061+00:00
37,8,fd42d17311a793a54b5bca5070f1efa076b47be30944813524b06e30e507ebc0,shed,Shed,segment,"12'2"" x 8'2""",3.70m x 2.50m,1.0,0.0,2.0,9.0,40.0,40.0,347.0,262.0,9.25,99.3611111111111,68154.0,64464.0,0.9458579100272912,0.0001357220412595,0.0014578911158715,8.75,,93.98,,2025-04-12T12:35:31.907061+00:00
37,8,fd42d17311a793a54b5bca5070f1efa076b47be30944813524b06e30e507ebc0,,,,,,,,,,,,,,,,,,,,,,,,,2025-04-12T12:35:31.907061+00:00
37,8,fd42d17311a793a54b5bca5070f1efa076b47be30944813524b06e30e507ebc0,first_floor,Principal Bedroom,segment,"15'5"" x 11'11""",4.70m x 3.63m,1.0,2.0,2.0,11.0,50.0,36.0,353.0,416.0,17.061,183.71527777777777,115140.0,113996.0,0.9900642695848532,0.0001481761334028,0.0015955817072935,16.89,,181.89,,2025-04-12T12:35:31.907061+00:00
37,8,fd42d17311a793a54b5bca5070f1efa076b47be30944813524b06e30e507ebc0,first_floor,Bedroom 2,segment,"16'1"" x 11'1""",4.91m x 3.38m,2.0,1.0,2.0,5.0,366.0,37.0,777.0,307.0,16.5958,178.25694444444443,110970.0,109792.0,0.9893845183382896,0.0001495521312066,0.001606352567761,16.42,,176.36,,2025-04-12T12:35:31.907061+00:00
37,8,fd42d17311a793a54b5bca5070f1efa076b47be30944813524b06e30e507ebc0,first_floor,Bedroom 4,segment,"11'11"" x 8'8""",3.62m x 2.65m,3.0,1.0,1.0,5.0,478.0,320.0,778.0,539.0,9.593,103.27777777777776,65700.0,63168.5,0.961468797564688,0.0001460121765601,0.0015719600879418,9.22,,99.3,,2025-04-12T12:35:31.907061+00:00
37,8,fd42d17311a793a54b5bca5070f1efa076b47be30944813524b06e30e507ebc0,first_floor,Bedroom 3,segment,"12'1"" x 11'1""",3.69m x 3.37m,4.0,1.0,1.0,7.0,50.0,557.0,353.0,840.0,12.4353,133.92361111111111,85749.0,83277.5,0.971177506443224,0.0001450197669943,0.0015618095967429,12.08,,130.06,,2025-04-12T12:35:31.907061+00:00
37,8,fd42d17311a793a54b5bca5070f1efa076b47be30944813524b06e30e507ebc0,first_floor,Dn (AI),segment,,,5.0,5.0,1.0,8.0,366.0,320.0,591.0,840.0,,,117000.0,77235.5,0.6601324786324786,0.0,0.0,0.0,,0.0,,2025-04-12T12:35:31.907061+00:00
37,8,fd42d17311a793a54b5bca5070f1efa076b47be30944813524b06e30e507ebc0,first_floor,Bathroom (AI),segment,,,6.0,1.0,1.0,7.0,49.0,427.0,273.0,545.0,,,26432.0,20907.0,0.7909730629539952,0.0,0.0,0.0,,0.0,,2025-04-12T12:35:31.907061+00:00
37,8,fd42d17311a793a54b5bca5070f1efa076b47be30944813524b06e30e507ebc0,first_floor,Hallway (AI),segment,,,7.0,0.0,0.0,4.0,287.0,427.0,352.0,469.0,,,2730.0,2229.0,0.8164835164835165,0.0,0.0,0.0,,0.0,,2025-04-12T12:35:31.907061+00:00
37,8,fd42d17311a793a54b5bca5070f1efa076b47be30944813524b06e30e507ebc0,first_floor,Closet (AI),segment,,,8.0,0.0,0.0,5.0,286.0,481.0,353.0,565.0,,,5628.0,5436.5,0.9659737029140014,0.0,0.0,0.0,,0.0,,2025-04-12T12:35:31.907061+00:00
37,8,fd42d17311a793a54b5bca5070f1efa076b47be30944813524b06e30e507ebc0,first_floor,Bathroom (AI),segment,,,9.0,0.0,0.0,5.0,190.0,502.0,273.0,546.0,,,3652.0,3253.0,0.8907447973713034,0.0,0.0,0.0,,0.0,,2025-04-12T12:35:31.907061+00:00
37,8,fd42d17311a793a54b5bca5070f1efa076b47be30944813524b06e30e507ebc0,first_floor,Bathroom (AI),segment,,,10.0,1.0,1.0,5.0,541.0,694.0,780.0,840.0,,,34894.0,33789.0,0.9683326646414856,0.0,0.0,0.0,,0.0,,2025-04-12T12:35:31.907061+00:00
37,8,fd42d17311a793a54b5bca5070f1efa076b47be30944813524b06e30e507ebc0,first_floor,stairs,object,,,,,1.0,4.0,590.0,550.0,781.0,680.0,,,24830.0,24322.0,0.9795408779701972,0.0,0.0,0.0,,0.0,,2025-04-12T12:35:31.907061+00:00
37,8,fd42d17311a793a54b5bca5070f1efa076b47be30944813524b06e30e507ebc0,,,,,,,,,,,,,,,,,,,,,,,,,2025-04-12T12:35:31.907061+00:00
46,8,299ad050b82340ff80f88dc9a5b1c4281e1e4088a0a9bfb11a6e75ec1f03e2b3,ground_floor,Conservatory,segment,"9'1"" x 7'11""",2.76m x 2.42m,1.0,2.0,1.0,4.0,240.0,30.0,299.0,97.0,6.679199999999999,71.90972222222223,3953.0,3890.5,0.9841892233746522,0.0016896534277763,0.0181911768839418,6.57,,70.77,,2025-04-12T12:35:31.907085+00:00
46,8,299ad050b82340ff80f88dc9a5b1c4281e1e4088a0a9bfb11a6e75ec1f03e2b3,ground_floor,Kitchen,segment,"8'10"" x 6'7""",2.69m x 2.00m,2.0,2.0,2.0,5.0,30.0,99.0,78.0,166.0,5.38,58.15277777777778,3216.0,2982.0,0.9272388059701492,0.0016728855721393,0.0180823313985627,4.99,,53.92,,2025-04-12T12:35:31.907085+00:00
46,8,299ad050b82340ff80f88dc9a5b1c4281e1e4088a0a9bfb11a6e75ec1f03e2b3,ground_floor,Living Room,segment,"19'7"" x 11'9""",5.97m x 3.57m,3.0,4.0,1.0,17.0,147.0,100.0,299.0,248.0,21.3129,230.10416666666663,22496.0,20843.0,0.9265202702702704,0.000947408428165,0.0102286702821242,19.75,,213.2,,2025-04-12T12:35:31.907085+00:00
46,8,299ad050b82340ff80f88dc9a5b1c4281e1e4088a0a9bfb11a6e75ec1f03e2b3,ground_floor,Garage,segment,"20'1"" x 19'3""",6.11m x 5.87m,4.0,4.0,0.0,12.0,155.0,252.0,299.0,404.0,35.865700000000004,386.6041666666666,21888.0,20669.0,0.9443073830409356,0.0016386010599415,0.0176628365618908,33.87,,365.07,,2025-04-12T12:35:31.907085+00:00
46,8,299ad050b82340ff80f88dc9a5b1c4281e1e4088a0a9bfb11a6e75ec1f03e2b3,ground_floor,Dining Room,segment,"10'9"" x 10'8""",3.28m x 3.25m,5.0,2.0,0.0,5.0,71.0,292.0,151.0,378.0,10.66,114.66666666666666,6880.0,6557.0,0.9530523255813952,0.0015494186046511,0.0166666666666666,10.16,,109.28,,2025-04-12T12:35:31.907085+00:00
46,8,299ad050b82340ff80f88dc9a5b1c4281e1e4088a0a9bfb11a6e75ec1f03e2b3,ground_floor,Kitchen (AI),segment,,,6.0,5.0,5.0,11.0,30.0,100.0,143.0,230.0,,,14690.0,9079.0,0.6180394826412525,0.0,0.0,0.0,,0.0,,2025-04-12T12:35:31.907085+00:00
46,8,299ad050b82340ff80f88dc9a5b1c4281e1e4088a0a9bfb11a6e75ec1f03e2b3,ground_floor,Unknown (AI),segment,,,7.0,1.0,1.0,4.0,81.0,209.0,119.0,230.0,,,798.0,798.0,1.0,0.0,0.0,0.0,,0.0,,2025-04-12T12:35:31.907085+00:00
46,8,299ad050b82340ff80f88dc9a5b1c4281e1e4088a0a9bfb11a6e75ec1f03e2b3,ground_floor,Dining Room (AI),segment,,,8.0,7.0,1.0,8.0,30.0,233.0,151.0,288.0,,,6655.0,5800.0,0.8715251690458302,0.0,0.0,0.0,,0.0,,2025-04-12T12:35:31.907085+00:00
46,8,299ad050b82340ff80f88dc9a5b1c4281e1e4088a0a9bfb11a6e75ec1f03e2b3,ground_floor,Room (AI),segment,,,9.0,2.0,0.0,4.0,119.0,272.0,151.0,288.0,,,512.0,512.0,1.0,0.0,0.0,0.0,,0.0,,2025-04-12T12:35:31.907085+00:00
46,8,299ad050b82340ff80f88dc9a5b1c4281e1e4088a0a9bfb11a6e75ec1f03e2b3,ground_floor,Dining Room,segment,"10'9"" x 10'8""",3.28m x 3.25m,10.0,2.0,0.0,4.0,30.0,292.0,68.0,371.0,10.66,114.66666666666666,3002.0,3002.0,1.0,0.0035509660226515,0.0381967577170775,10.66,,114.67,,2025-04-12T12:35:31.907085+00:00
46,8,299ad050b82340ff80f88dc9a5b1c4281e1e4088a0a9bfb11a6e75ec1f03e2b3,,,,,,,,,,,,,,,,,,,,,,,,,2025-04-12T12:35:31.907085+00:00
46,8,299ad050b82340ff80f88dc9a5b1c4281e1e4088a0a9bfb11a6e75ec1f03e2b3,outbuilding,Room,segment,"12'4"" x 5'4""",3.75m x 1.62m,1.0,1.0,1.0,4.0,46.0,29.0,137.0,68.0,6.075,65.77777777777777,3549.0,3549.0,1.0,0.0017117497886728,0.0185341723803262,6.08,,65.78,,2025-04-12T12:35:31.907085+00:00
46,8,299ad050b82340ff80f88dc9a5b1c4281e1e4088a0a9bfb11a6e75ec1f03e2b3,outbuilding,Room,segment,"12'4"" x 9'6""",3.75m x 2.89m,2.0,2.0,1.0,4.0,46.0,72.0,137.0,142.0,10.8375,117.16666666666669,6370.0,6370.0,1.0,0.0017013343799058,0.0183935112506541,10.84,,117.17,,2025-04-12T12:35:31.907085+00:00
46,8,299ad050b82340ff80f88dc9a5b1c4281e1e4088a0a9bfb11a6e75ec1f03e2b3,outbuilding,Room,segment,"12'4"" x 9'6""",3.75m x 2.89m,3.0,0.0,2.0,4.0,46.0,145.0,137.0,215.0,10.8375,117.16666666666669,6370.0,6009.5,0.9434065934065934,0.0017013343799058,0.0183935112506541,10.22,,110.54,,2025-04-12T12:35:31.907085+00:00
46,8,299ad050b82340ff80f88dc9a5b1c4281e1e4088a0a9bfb11a6e75ec1f03e2b3,outbuilding,Room (AI),segment,,,4.0,0.0,0.0,4.0,27.0,79.0,43.0,106.0,,,432.0,432.0,1.0,0.0,0.0,0.0,,0.0,,2025-04-12T12:35:31.907085+00:00
46,8,299ad050b82340ff80f88dc9a5b1c4281e1e4088a0a9bfb11a6e75ec1f03e2b3,,,,,,,,,,,,,,,,,,,,,,,,,2025-04-12T12:35:31.907085+00:00
46,8,299ad050b82340ff80f88dc9a5b1c4281e1e4088a0a9bfb11a6e75ec1f03e2b3,first_floor,Bedroom,segment,"13'8"" x 9'11""",4.17m x 3.03m,1.0,5.0,1.0,13.0,80.0,104.0,195.0,218.0,12.6351,135.52777777777777,13110.0,10218.0,0.7794050343249428,0.000963775743707,0.0103377404864819,9.85,,105.63,,2025-04-12T12:35:31.907085+00:00
46,8,299ad050b82340ff80f88dc9a5b1c4281e1e4088a0a9bfb11a6e75ec1f03e2b3,first_floor,Bedroom,segment,"10'11"" x 10'9""",3.34m x 3.28m,2.0,4.0,1.0,12.0,32.0,221.0,112.0,301.0,10.9552,117.35416666666666,6400.0,5066.5,0.791640625,0.00171175,0.0183365885416666,8.67,,92.9,,2025-04-12T12:35:31.907085+00:00
46,8,299ad050b82340ff80f88dc9a5b1c4281e1e4088a0a9bfb11a6e75ec1f03e2b3,first_floor,Bathroom,segment,"7'9"" x 6'7""",2.37m x 2.01m,3.0,2.0,1.0,5.0,115.0,222.0,173.0,282.0,4.7637,51.02083333333333,3480.0,2997.0,0.8612068965517241,0.0013688793103448,0.0146611590038314,4.1,,43.94,,2025-04-12T12:35:31.907085+00:00
46,8,299ad050b82340ff80f88dc9a5b1c4281e1e4088a0a9bfb11a6e75ec1f03e2b3,first_floor,Kitchen,segment,"7'9"" x 6'7""",2.37m x 2.01m,4.0,1.0,3.0,4.0,177.0,222.0,256.0,283.0,4.7637,51.02083333333333,4819.0,4788.5,0.9936708860759492,0.0009885245901639,0.010587431693989,4.73,,50.7,,2025-04-12T12:35:31.907085+00:00
46,8,299ad050b82340ff80f88dc9a5b1c4281e1e4088a0a9bfb11a6e75ec1f03e2b3,first_floor,Sauna,segment,,,5.0,2.0,1.0,6.0,49.0,105.0,91.0,174.0,,,2898.0,2281.0,0.7870945479641132,0.0,0.0,0.0,,0.0,,2025-04-12T12:35:31.907085+00:00
46,8,299ad050b82340ff80f88dc9a5b1c4281e1e4088a0a9bfb11a6e75ec1f03e2b3,first_floor,Bedroom,segment,,,6.0,1.0,2.0,3.0,198.0,106.0,217.0,158.0,,,988.0,494.0,0.5,0.0,0.0,0.0,,0.0,,2025-04-12T12:35:31.907085+00:00
46,8,299ad050b82340ff80f88dc9a5b1c4281e1e4088a0a9bfb11a6e75ec1f03e2b3,first_floor,Bedroom (AI),segment,,,7.0,3.0,1.0,6.0,198.0,106.0,256.0,180.0,,,4292.0,3013.0,0.7020037278657968,0.0,0.0,0.0,,0.0,,2025-04-12T12:35:31.907085+00:00
46,8,299ad050b82340ff80f88dc9a5b1c4281e1e4088a0a9bfb11a6e75ec1f03e2b3,first_floor,Sauna,segment,,,8.0,2.0,2.0,4.0,32.0,159.0,62.0,179.0,,,600.0,600.0,1.0,0.0,0.0,0.0,,0.0,,2025-04-12T12:35:31.907085+00:00
46,8,299ad050b82340ff80f88dc9a5b1c4281e1e4088a0a9bfb11a6e75ec1f03e2b3,first_floor,Bathroom (AI),segment,,,9.0,3.0,0.0,4.0,198.0,182.0,216.0,218.0,,,648.0,534.0,0.8240740740740741,0.0,0.0,0.0,,0.0,,2025-04-12T12:35:31.907085+00:00
46,8,299ad050b82340ff80f88dc9a5b1c4281e1e4088a0a9bfb11a6e75ec1f03e2b3,first_floor,Kitchen,segment,,,10.0,3.0,1.0,4.0,219.0,183.0,255.0,218.0,,,1260.0,910.0,0.7222222222222222,0.0,0.0,0.0,,0.0,,2025-04-12T12:35:31.907085+00:00
46,8,299ad050b82340ff80f88dc9a5b1c4281e1e4088a0a9bfb11a6e75ec1f03e2b3,first_floor,stairs,object,,,,,2.0,4.0,32.0,182.0,83.0,220.0,,,1938.0,1938.0,1.0,0.0,0.0,0.0,,0.0,,2025-04-12T12:35:31.907085+00:00
46,8,299ad050b82340ff80f88dc9a5b1c4281e1e4088a0a9bfb11a6e75ec1f03e2b3,,,,,,,,,,,,,,,,,,,,,,,,,2025-04-12T12:35:31.907085+00:00
58,10,36d66ac30000d49570d9b703dc67c565d05485bb9f80d53817945cc3474488e1,ground_floor,Kitchen/Dining/Family Room,segment,"29'4"" x 12'8""",8.95m x 3.85m,1.0,4.0,2.0,8.0,38.0,71.0,844.0,420.0,34.4575,371.55555555555554,281294.0,272414.5,0.968433382866325,0.0001224963916756,0.0013208797754504,33.37,,359.83,,2025-04-12T12:35:31.907112+00:00
58,10,36d66ac30000d49570d9b703dc67c565d05485bb9f80d53817945cc3474488e1,ground_floor,Utility,segment,"8'8"" x 6'6""",2.65m x 1.97m,2.0,2.0,0.0,6.0,38.0,426.0,276.0,605.0,5.2205,56.33333333333333,42602.0,42057.5,0.9872189099103328,0.000122541195249,0.0013223166361516,5.15,,55.61,,2025-04-12T12:35:31.907112+00:00
58,10,36d66ac30000d49570d9b703dc67c565d05485bb9f80d53817945cc3474488e1,ground_floor,Sitting Room,segment,"18'9"" x 10'10""",5.71m x 3.30m,3.0,1.0,1.0,5.0,548.0,426.0,844.0,941.0,18.843,203.125,152440.0,150424.5,0.9867784046182104,0.0001236092889005,0.0013324914720545,18.59,,200.44,,2025-04-12T12:35:31.907112+00:00
58,10,36d66ac30000d49570d9b703dc67c565d05485bb9f80d53817945cc3474488e1,ground_floor,Gym,segment,"10'9"" x 8'8""",3.27m x 2.65m,4.0,2.0,0.0,5.0,38.0,612.0,276.0,907.0,8.6655,93.16666666666666,70210.0,69444.5,0.9890969947300954,0.0001234225893747,0.0013269714665527,8.57,,92.15,,2025-04-12T12:35:31.907112+00:00
58,10,36d66ac30000d49570d9b703dc67c565d05485bb9f80d53817945cc3474488e1,ground_floor,Unknown (AI),segment,,,5.0,3.0,1.0,10.0,318.0,427.0,538.0,877.0,,,99000.0,68886.0,0.6958181818181818,0.0,0.0,0.0,,0.0,,2025-04-12T12:35:31.907112+00:00
58,10,36d66ac30000d49570d9b703dc67c565d05485bb9f80d53817945cc3474488e1,ground_floor,Bathroom (AI),segment,,,6.0,1.0,1.0,4.0,318.0,688.0,389.0,875.0,,,13277.0,11919.0,0.897717857949838,0.0,0.0,0.0,,0.0,,2025-04-12T12:35:31.907112+00:00
58,10,36d66ac30000d49570d9b703dc67c565d05485bb9f80d53817945cc3474488e1,ground_floor,Unknown (AI),segment,,,7.0,1.0,2.0,5.0,317.0,906.0,528.0,978.0,,,15192.0,13807.0,0.9088335966298052,0.0,0.0,0.0,,0.0,,2025-04-12T12:35:31.907112+00:00
58,10,36d66ac30000d49570d9b703dc67c565d05485bb9f80d53817945cc3474488e1,ground_floor,stairs,object,,,,,1.0,4.0,316.0,526.0,392.0,682.0,,,11856.0,11549.0,0.9741059379217274,0.0,0.0,0.0,,0.0,,2025-04-12T12:35:31.907112+00:00
58,10,36d66ac30000d49570d9b703dc67c565d05485bb9f80d53817945cc3474488e1,,,,,,,,,,,,,,,,,,,,,,,,,2025-04-12T12:35:31.907112+00:00
58,10,36d66ac30000d49570d9b703dc67c565d05485bb9f80d53817945cc3474488e1,first_floor,Bedroom,segment,"15'4"" x 9'6""",4.67m x 2.90m,1.0,1.0,1.0,6.0,38.0,39.0,309.0,468.0,13.543,145.66666666666669,116259.0,97764.0,0.8409155420225531,0.0001164899061578,0.0012529495924329,11.39,,122.49,,2025-04-12T12:35:31.907112+00:00
58,10,36d66ac30000d49570d9b703dc67c565d05485bb9f80d53817945cc3474488e1,first_floor,Bedroom,segment,"13'6"" x 10'11""",4.11m x 3.32m,2.0,3.0,1.0,5.0,546.0,39.0,843.0,409.0,13.6452,147.375,109890.0,108970.0,0.9916279916279916,0.0001241714441714,0.0013411138411138,13.53,,146.14,,2025-04-12T12:35:31.907112+00:00
58,10,36d66ac30000d49570d9b703dc67c565d05485bb9f80d53817945cc3474488e1,first_floor,Bedroom,segment,"13'9"" x 9'4""",4.20m x 2.84m,3.0,2.0,1.0,5.0,38.0,545.0,309.0,907.0,11.928,128.33333333333334,98102.0,97337.5,0.9922070905791932,0.0001215877352143,0.0013081622528932,11.84,,127.33,,2025-04-12T12:35:31.907112+00:00
58,10,36d66ac30000d49570d9b703dc67c565d05485bb9f80d53817945cc3474488e1,first_floor,Bedroom,segment,"13'3"" x 11'0""",4.03m x 3.36m,4.0,4.0,1.0,5.0,546.0,545.0,843.0,907.0,13.5408,145.75,107514.0,107122.5,0.9963586137619288,0.0001259445281544,0.0013556374053611,13.49,,145.22,,2025-04-12T12:35:31.907112+00:00
58,10,36d66ac30000d49570d9b703dc67c565d05485bb9f80d53817945cc3474488e1,first_floor,Bathroom (AI),segment,,,5.0,1.0,1.0,8.0,317.0,40.0,536.0,301.0,,,57159.0,53319.0,0.9328189786385346,0.0,0.0,0.0,,0.0,,2025-04-12T12:35:31.907112+00:00
58,10,36d66ac30000d49570d9b703dc67c565d05485bb9f80d53817945cc3474488e1,first_floor,Hallway (AI),segment,,,6.0,6.0,0.0,13.0,208.0,311.0,648.0,536.0,,,99000.0,71247.0,0.7196666666666667,0.0,0.0,0.0,,0.0,,2025-04-12T12:35:31.907112+00:00
58,10,36d66ac30000d49570d9b703dc67c565d05485bb9f80d53817945cc3474488e1,first_floor,St,segment,,,7.0,2.0,0.0,6.0,658.0,416.0,843.0,473.0,,,10545.0,10005.0,0.9487908961593172,0.0,0.0,0.0,,0.0,,2025-04-12T12:35:31.907112+00:00
58,10,36d66ac30000d49570d9b703dc67c565d05485bb9f80d53817945cc3474488e1,first_floor,St (AI),segment,,,8.0,1.0,0.0,5.0,38.0,476.0,199.0,536.0,,,9660.0,9254.5,0.958022774327122,0.0,0.0,0.0,,0.0,,2025-04-12T12:35:31.907112+00:00
58,10,36d66ac30000d49570d9b703dc67c565d05485bb9f80d53817945cc3474488e1,first_floor,St (AI),segment,,,9.0,2.0,0.0,5.0,658.0,481.0,843.0,536.0,,,10175.0,10028.0,0.9855528255528256,0.0,0.0,0.0,,0.0,,2025-04-12T12:35:31.907112+00:00
58,10,36d66ac30000d49570d9b703dc67c565d05485bb9f80d53817945cc3474488e1,first_floor,St (AI),segment,,,10.0,1.0,0.0,4.0,437.0,521.0,538.0,572.0,,,5151.0,4976.5,0.9661230828965248,0.0,0.0,0.0,,0.0,,2025-04-12T12:35:31.907112+00:00
58,10,36d66ac30000d49570d9b703dc67c565d05485bb9f80d53817945cc3474488e1,first_floor,St (AI),segment,,,11.0,1.0,1.0,7.0,317.0,581.0,537.0,817.0,,,51920.0,49204.5,0.9476983821263484,0.0,0.0,0.0,,0.0,,2025-04-12T12:35:31.907112+00:00
58,10,36d66ac30000d49570d9b703dc67c565d05485bb9f80d53817945cc3474488e1,first_floor,stairs,object,,,,,,4.0,316.0,440.0,430.0,595.0,,,17670.0,17403.0,0.9848896434634976,0.0,0.0,0.0,,0.0,,2025-04-12T12:35:31.907112+00:00
58,10,36d66ac30000d49570d9b703dc67c565d05485bb9f80d53817945cc3474488e1,,,,,,,,,,,,,,,,,,,,,,,,,2025-04-12T12:35:31.907112+00:00
59,8,8c08fb7af9904d45fa62f8ed7bdbd009940ff7710b3b48a2e78b0f8a3b071ef3,ground_floor,FAMILY ROOM,segment,"10'6"" x 10'5""",3.2m x 3.2m,1.0,0.0,1.0,4.0,41.0,43.0,184.0,182.0,10.240000000000002,109.375,19877.0,19738.0,0.993006993006993,0.0005151682849524,0.0055025909342456,10.17,,108.61,,2025-04-12T12:35:31.907161+00:00
59,8,8c08fb7af9904d45fa62f8ed7bdbd009940ff7710b3b48a2e78b0f8a3b071ef3,ground_floor,DINING ROOM,segment,"11'0"" x 10'7""",3.4m x 3.2m,2.0,1.0,2.0,8.0,41.0,200.0,189.0,345.0,10.88,116.41666666666669,21460.0,17409.5,0.8112534948741845,0.000506989748369,0.0054248213730972,8.83,,94.44,,2025-04-12T12:35:31.907161+00:00
59,8,8c08fb7af9904d45fa62f8ed7bdbd009940ff7710b3b48a2e78b0f8a3b071ef3,ground_floor,LIVING ROOM,segment,"16'3"" x 11'0""",5.0m x 3.4m,3.0,2.0,2.0,8.0,41.0,352.0,188.0,569.0,17.0,178.75,31899.0,29492.0,0.9245430891250508,0.0005329320668359,0.0056036239380544,15.72,,165.26,,2025-04-12T12:35:31.907161+00:00
59,8,8c08fb7af9904d45fa62f8ed7bdbd009940ff7710b3b48a2e78b0f8a3b071ef3,ground_floor,GARAGE,segment,"16'0"" x 9'8""",4.9m x 3.0m,4.0,0.0,1.0,4.0,196.0,409.0,322.0,629.0,14.7,154.66666666666666,27720.0,25132.0,0.9066378066378068,0.000530303030303,0.0055796055796055,13.33,,140.23,,2025-04-12T12:35:31.907161+00:00
59,8,8c08fb7af9904d45fa62f8ed7bdbd009940ff7710b3b48a2e78b0f8a3b071ef3,ground_floor,Kitchen,segment,,,5.0,1.0,1.0,5.0,164.0,200.0,317.0,301.0,,,15453.0,15130.5,0.9791302659677732,0.0,0.0,0.0,,0.0,,2025-04-12T12:35:31.907161+00:00
59,8,8c08fb7af9904d45fa62f8ed7bdbd009940ff7710b3b48a2e78b0f8a3b071ef3,ground_floor,Bathroom (AI),segment,,,6.0,3.0,0.0,4.0,195.0,308.0,245.0,402.0,,,4700.0,4512.0,0.96,0.0,0.0,0.0,,0.0,,2025-04-12T12:35:31.907161+00:00
59,8,8c08fb7af9904d45fa62f8ed7bdbd009940ff7710b3b48a2e78b0f8a3b071ef3,ground_floor,Bathroom (AI),segment,,,7.0,1.0,1.0,4.0,252.0,308.0,321.0,356.0,,,3312.0,2826.0,0.8532608695652174,0.0,0.0,0.0,,0.0,,2025-04-12T12:35:31.907161+00:00
59,8,8c08fb7af9904d45fa62f8ed7bdbd009940ff7710b3b48a2e78b0f8a3b071ef3,ground_floor,Entrance Hall (AI),segment,,,8.0,2.0,1.0,4.0,151.0,578.0,196.0,628.0,,,2250.0,2250.0,1.0,0.0,0.0,0.0,,0.0,,2025-04-12T12:35:31.907161+00:00
59,8,8c08fb7af9904d45fa62f8ed7bdbd009940ff7710b3b48a2e78b0f8a3b071ef3,ground_floor,stairs,object,,,,,,4.0,244.0,362.0,323.0,403.0,,,3239.0,3239.0,1.0,0.0,0.0,0.0,,0.0,,2025-04-12T12:35:31.907161+00:00
59,8,8c08fb7af9904d45fa62f8ed7bdbd009940ff7710b3b48a2e78b0f8a3b071ef3,,,,,,,,,,,,,,,,,,,,,,,,,2025-04-12T12:35:31.907161+00:00
59,8,8c08fb7af9904d45fa62f8ed7bdbd009940ff7710b3b48a2e78b0f8a3b071ef3,first_floor,BEDROOM,segment,"11'0"" x 9'11""",3.4m x 3.0m,1.0,1.0,1.0,6.0,37.0,37.0,184.0,170.0,10.2,109.08333333333331,19551.0,18928.5,0.9681601964093908,0.0005217124443762,0.005579424752357,9.88,,105.61,,2025-04-12T12:35:31.907161+00:00
59,8,8c08fb7af9904d45fa62f8ed7bdbd009940ff7710b3b48a2e78b0f8a3b071ef3,first_floor,BEDROOM,segment,"9'7"" x 6'4""",2.9m x 1.9m,2.0,1.0,1.0,5.0,192.0,37.0,319.0,122.0,5.51,60.69444444444444,10795.0,10257.5,0.9502084298286244,0.0005104214914312,0.0056224589573362,5.24,,57.67,,2025-04-12T12:35:31.907161+00:00
59,8,8c08fb7af9904d45fa62f8ed7bdbd009940ff7710b3b48a2e78b0f8a3b071ef3,first_floor,BEDROOM,segment,"11'0"" x 10'6""",3.4m x 3.2m,3.0,2.0,1.0,5.0,37.0,250.0,185.0,407.0,10.88,115.5,23236.0,22355.0,0.9620846961611292,0.0004682389395765,0.0049707350662764,10.47,,111.12,,2025-04-12T12:35:31.907161+00:00
59,8,8c08fb7af9904d45fa62f8ed7bdbd009940ff7710b3b48a2e78b0f8a3b071ef3,first_floor,BEDROOM,segment,"9'9"" x 9'9""",3.0m x 3.0m,4.0,1.0,1.0,4.0,192.0,295.0,319.0,407.0,9.0,95.0625,14224.0,13986.0,0.9832677165354332,0.0006327334083239,0.0066832466254218,8.85,,93.47,,2025-04-12T12:35:31.907161+00:00
59,8,8c08fb7af9904d45fa62f8ed7bdbd009940ff7710b3b48a2e78b0f8a3b071ef3,first_floor,Bathroom (AI),segment,,,5.0,1.0,1.0,4.0,238.0,122.0,319.0,198.0,,,6156.0,6078.0,0.9873294346978556,0.0,0.0,0.0,,0.0,,2025-04-12T12:35:31.907161+00:00
59,8,8c08fb7af9904d45fa62f8ed7bdbd009940ff7710b3b48a2e78b0f8a3b071ef3,first_floor,Hallway (AI),segment,,,6.0,6.0,0.0,6.0,193.0,129.0,231.0,288.0,,,6042.0,5680.0,0.9400860642171468,0.0,0.0,0.0,,0.0,,2025-04-12T12:35:31.907161+00:00
59,8,8c08fb7af9904d45fa62f8ed7bdbd009940ff7710b3b48a2e78b0f8a3b071ef3,first_floor,Bedroom (AI),segment,,,7.0,1.0,1.0,6.0,37.0,177.0,139.0,244.0,,,6834.0,5564.5,0.8142376353526485,0.0,0.0,0.0,,0.0,,2025-04-12T12:35:31.907161+00:00
59,8,8c08fb7af9904d45fa62f8ed7bdbd009940ff7710b3b48a2e78b0f8a3b071ef3,first_floor,Hallway (AI),segment,,,8.0,1.0,0.0,6.0,116.0,178.0,185.0,243.0,,,4485.0,3369.0,0.7511705685618729,0.0,0.0,0.0,,0.0,,2025-04-12T12:35:31.907161+00:00
59,8,8c08fb7af9904d45fa62f8ed7bdbd009940ff7710b3b48a2e78b0f8a3b071ef3,first_floor,stairs,object,,,,,1.0,4.0,231.0,206.0,320.0,288.0,,,7298.0,7213.0,0.9883529734173746,0.0,0.0,0.0,,0.0,,2025-04-12T12:35:31.907161+00:00
59,8,8c08fb7af9904d45fa62f8ed7bdbd009940ff7710b3b48a2e78b0f8a3b071ef3,,,,,,,,,,,,,,,,,,,,,,,,,2025-04-12T12:35:31.907161+00:00
38,8,b37d5726802f50a5d926f3a843bf192145e19007a03f143fe5677ee93d932476,ground_floor,Reception Room,segment,"19'0"" x 11'6""",5.79m x 3.51m,1.0,1.0,3.0,12.0,554.0,37.0,838.0,364.0,20.3229,218.5,92868.0,76732.5,0.8262533919110996,0.0002188364129732,0.002352801826248,16.79,,180.54,,2025-04-12T12:35:31.907186+00:00
38,8,b37d5726802f50a5d926f3a843bf192145e19007a03f143fe5677ee93d932476,ground_floor,Kitchen/Dining Room,segment,"19'0"" x 11'6""",5.79m x 3.51m,2.0,2.0,5.0,10.0,206.0,38.0,405.0,506.0,20.3229,218.5,93132.0,85327.5,0.9161995876819996,0.000218216080402,0.0023461323712579,18.62,,200.19,,2025-04-12T12:35:31.907186+00:00
38,8,b37d5726802f50a5d926f3a843bf192145e19007a03f143fe5677ee93d932476,ground_floor,Utility Room,segment,"7'10"" x 6'0""",2.39m x 1.83m,3.0,1.0,0.0,4.0,412.0,38.0,546.0,141.0,4.3737,47.0,13802.0,13735.0,0.9951456310679612,0.0003168888566874,0.0034053035791914,4.35,,46.77,,2025-04-12T12:35:31.907186+00:00
38,8,b37d5726802f50a5d926f3a843bf192145e19007a03f143fe5677ee93d932476,ground_floor,Verandah,segment,"16'3"" x 9'2""",4.95m x 2.79m,4.0,1.0,2.0,6.0,29.0,60.0,190.0,340.0,13.8105,148.95833333333331,45080.0,43394.5,0.9626109139307896,0.0003063553682342,0.0033043108547766,13.29,,143.39,,2025-04-12T12:35:31.907186+00:00
38,8,b37d5726802f50a5d926f3a843bf192145e19007a03f143fe5677ee93d932476,ground_floor,WC,segment,,,5.0,1.0,0.0,5.0,476.0,147.0,546.0,238.0,,,6370.0,6228.5,0.9777864992150708,0.0,0.0,0.0,,0.0,,2025-04-12T12:35:31.907186+00:00
38,8,b37d5726802f50a5d926f3a843bf192145e19007a03f143fe5677ee93d932476,ground_floor,Hall,segment,,,6.0,5.0,1.0,11.0,412.0,214.0,547.0,431.0,,,29295.0,20882.5,0.7128349547704387,0.0,0.0,0.0,,0.0,,2025-04-12T12:35:31.907186+00:00
38,8,b37d5726802f50a5d926f3a843bf192145e19007a03f143fe5677ee93d932476,ground_floor,Cupboard,segment,,,7.0,1.0,0.0,6.0,398.0,359.0,442.0,431.0,,,3168.0,2810.0,0.8869949494949495,0.0,0.0,0.0,,0.0,,2025-04-12T12:35:31.907186+00:00
38,8,b37d5726802f50a5d926f3a843bf192145e19007a03f143fe5677ee93d932476,ground_floor,Utility Room,segment,"7'10"" x 6'0""",2.39 x 1.83m,8.0,1.0,0.0,6.0,412.0,147.0,469.0,207.0,4.3737,47.0,3420.0,3296.0,0.9637426900584796,0.0012788596491228,0.0137426900584795,4.22,,45.3,,2025-04-12T12:35:31.907186+00:00
38,8,b37d5726802f50a5d926f3a843bf192145e19007a03f143fe5677ee93d932476,ground_floor,stairs,object,,,,,,4.0,413.0,214.0,458.0,275.0,,,2745.0,2692.5,0.9808743169398908,0.0,0.0,0.0,,0.0,,2025-04-12T12:35:31.907186+00:00
38,8,b37d5726802f50a5d926f3a843bf192145e19007a03f143fe5677ee93d932476,,,,,,,,,,,,,,,,,,,,,,,,,2025-04-12T12:35:31.907186+00:00
38,8,b37d5726802f50a5d926f3a843bf192145e19007a03f143fe5677ee93d932476,second_floor,Ensuite,segment,,,1.0,4.0,1.0,13.0,38.0,37.0,416.0,201.0,,,61992.0,49076.0,0.7916505355529746,0.0,0.0,0.0,,0.0,,2025-04-12T12:35:31.907186+00:00
38,8,b37d5726802f50a5d926f3a843bf192145e19007a03f143fe5677ee93d932476,second_floor,Bedroom 4,not segment,"11'6"" x 9'6""",3.51m x 2.90m,2.0,,,0.0,,,,,,,,,,0.0,0.0,0.0,,0.0,,2025-04-12T12:35:31.907186+00:00
38,8,b37d5726802f50a5d926f3a843bf192145e19007a03f143fe5677ee93d932476,second_floor,Ensuite,segment,,,3.0,1.0,0.0,7.0,426.0,38.0,588.0,127.0,,,14418.0,13995.0,0.970661672908864,0.0,0.0,0.0,,0.0,,2025-04-12T12:35:31.907186+00:00
38,8,b37d5726802f50a5d926f3a843bf192145e19007a03f143fe5677ee93d932476,second_floor,Bedroom 2,segment,"13'2"" x 11'9""",4.01m x 3.58m,4.0,5.0,0.0,16.0,388.0,129.0,643.0,371.0,14.3558,154.70833333333331,61710.0,45895.0,0.7437206287473667,0.0002326332847188,0.0025070220925835,10.68,,115.06,,2025-04-12T12:35:31.907186+00:00
38,8,b37d5726802f50a5d926f3a843bf192145e19007a03f143fe5677ee93d932476,second_floor,Bathroom,segment,,,5.0,6.0,1.0,12.0,185.0,146.0,381.0,371.0,,,44100.0,27215.0,0.6171201814058956,0.0,0.0,0.0,,0.0,,2025-04-12T12:35:31.907186+00:00
38,8,b37d5726802f50a5d926f3a843bf192145e19007a03f143fe5677ee93d932476,second_floor,Landing,not segment,,,6.0,,,0.0,,,,,,,,,,0.0,0.0,0.0,,0.0,,2025-04-12T12:35:31.907186+00:00
38,8,b37d5726802f50a5d926f3a843bf192145e19007a03f143fe5677ee93d932476,second_floor,Bedroom 5,segment,"9'6"" x 8'2""",2.90m x 2.49m,7.0,1.0,1.0,4.0,38.0,208.0,178.0,371.0,7.221,77.58333333333333,22820.0,22820.0,1.0,0.0003164329535495,0.0033997955010224,7.22,,77.58,,2025-04-12T12:35:31.907186+00:00
38,8,b37d5726802f50a5d926f3a843bf192145e19007a03f143fe5677ee93d932476,second_floor,Ensuite (AI),segment,,,8.0,1.0,0.0,4.0,387.0,146.0,417.0,208.0,,,1860.0,1860.0,1.0,0.0,0.0,0.0,,0.0,,2025-04-12T12:35:31.907186+00:00
38,8,b37d5726802f50a5d926f3a843bf192145e19007a03f143fe5677ee93d932476,second_floor,Landing (AI),segment,,,9.0,0.0,0.0,4.0,303.0,196.0,317.0,299.0,,,1442.0,871.0,0.6040221914008321,0.0,0.0,0.0,,0.0,,2025-04-12T12:35:31.907186+00:00
38,8,b37d5726802f50a5d926f3a843bf192145e19007a03f143fe5677ee93d932476,second_floor,Closet (AI),segment,,,10.0,1.0,0.0,4.0,387.0,215.0,417.0,278.0,,,1890.0,1844.0,0.9756613756613756,0.0,0.0,0.0,,0.0,,2025-04-12T12:35:31.907186+00:00
38,8,b37d5726802f50a5d926f3a843bf192145e19007a03f143fe5677ee93d932476,second_floor,Storage (AI),segment,,,11.0,2.0,0.0,4.0,541.0,332.0,588.0,371.0,,,1833.0,1790.5,0.9768139661756684,0.0,0.0,0.0,,0.0,,2025-04-12T12:35:31.907186+00:00
38,8,b37d5726802f50a5d926f3a843bf192145e19007a03f143fe5677ee93d932476,second_floor,stairs,object,,,,,,4.0,244.0,147.0,303.0,303.0,,,9204.0,9019.5,0.979954367666232,0.0,0.0,0.0,,0.0,,2025-04-12T12:35:31.907186+00:00
38,8,b37d5726802f50a5d926f3a843bf192145e19007a03f143fe5677ee93d932476,,,,,,,,,,,,,,,,,,,,,,,,,2025-04-12T12:35:31.907186+00:00
38,8,b37d5726802f50a5d926f3a843bf192145e19007a03f143fe5677ee93d932476,1st_floor,Ensuite,segment,,,1.0,2.0,1.0,6.0,47.0,38.0,250.0,155.0,,,23751.0,22477.0,0.946360153256705,0.0,0.0,0.0,,0.0,,2025-04-12T12:35:31.907186+00:00
38,8,b37d5726802f50a5d926f3a843bf192145e19007a03f143fe5677ee93d932476,1st_floor,Dressing Room,segment,,,2.0,3.0,0.0,4.0,257.0,38.0,393.0,145.0,,,14552.0,14498.5,0.9963235294117648,0.0,0.0,0.0,,0.0,,2025-04-12T12:35:31.907186+00:00
38,8,b37d5726802f50a5d926f3a843bf192145e19007a03f143fe5677ee93d932476,1st_floor,Master Bedroom,segment,"17'4"" x 11'6""",5.28m x 3.51m,3.0,5.0,2.0,11.0,400.0,38.0,683.0,365.0,18.5328,199.3333333333333,92541.0,76618.0,0.8279357257864082,0.0002002658281194,0.0021540002089164,15.34,,165.04,,2025-04-12T12:35:31.907186+00:00
38,8,b37d5726802f50a5d926f3a843bf192145e19007a03f143fe5677ee93d932476,1st_floor,Landing,segment,,,4.0,2.0,1.0,8.0,256.0,152.0,393.0,431.0,,,38223.0,21311.5,0.5575569683175051,0.0,0.0,0.0,,0.0,,2025-04-12T12:35:31.907186+00:00
38,8,b37d5726802f50a5d926f3a843bf192145e19007a03f143fe5677ee93d932476,1st_floor,Bedroom 3,segment,"11'9"" x 11'9""",3.58m x 3.58m,5.0,1.0,1.0,6.0,40.0,163.0,250.0,364.0,12.8164,138.0625,42210.0,40619.5,0.9623193556029376,0.0003036342099028,0.0032708481402511,12.33,,132.86,,2025-04-12T12:35:31.907186+00:00
38,8,b37d5726802f50a5d926f3a843bf192145e19007a03f143fe5677ee93d932476,1st_floor,stairs,object,,,,,,4.0,259.0,153.0,302.0,289.0,,,5848.0,5848.0,1.0,0.0,0.0,0.0,,0.0,,2025-04-12T12:35:31.907186+00:00
38,8,b37d5726802f50a5d926f3a843bf192145e19007a03f143fe5677ee93d932476,1st_floor,stairs,object,,,,,,4.0,260.0,147.0,390.0,201.0,,,7020.0,6864.0,0.9777777777777776,0.0,0.0,0.0,,0.0,,2025-04-12T12:35:31.907186+00:00
38,8,b37d5726802f50a5d926f3a843bf192145e19007a03f143fe5677ee93d932476,1st_floor,stairs,object,,,,,,4.0,344.0,151.0,395.0,253.0,,,5202.0,5202.0,1.0,0.0,0.0,0.0,,0.0,,2025-04-12T12:35:31.907186+00:00
38,8,b37d5726802f50a5d926f3a843bf192145e19007a03f143fe5677ee93d932476,,,,,,,,,,,,,,,,,,,,,,,,,2025-04-12T12:35:31.907186+00:00
38,8,b37d5726802f50a5d926f3a843bf192145e19007a03f143fe5677ee93d932476,garage,Games Room,segment,"10'6"" x 8'2""",3.20m x 2.49m,1.0,4.0,0.0,5.0,52.0,37.0,196.0,252.0,7.968000000000001,85.75,30960.0,30713.0,0.9920219638242894,0.0002573643410852,0.0027697028423772,7.9,,85.07,,2025-04-12T12:35:31.907186+00:00
38,8,b37d5726802f50a5d926f3a843bf192145e19007a03f143fe5677ee93d932476,garage,Garage,segment,"9'2"" x 6'10""",2.79m x 2.08m,2.0,1.0,0.0,4.0,38.0,259.0,195.0,383.0,5.8032,62.63888888888888,19468.0,18260.0,0.9379494555167456,0.0002980891719745,0.0032175307627331,5.44,,58.75,,2025-04-12T12:35:31.907186+00:00
38,8,b37d5726802f50a5d926f3a843bf192145e19007a03f143fe5677ee93d932476,,,,,,,,,,,,,,,,,,,,,,,,,2025-04-12T12:35:31.907186+00:00
61,8,a342965865ce0a8fdd691c45e23b7e16592114fcfd32ed755eb8d1183f8eb1be,ground_floor,DINING ROOM,segment,"12'5"" x 7'8""",3.78m x 2.34m,1.0,2.0,1.0,5.0,27.0,28.0,84.0,124.0,8.845199999999998,95.19444444444444,5472.0,5443.5,0.9947916666666666,0.001616447368421,0.0173966455490578,8.8,,94.7,,2025-04-12T12:35:31.907259+00:00
61,8,a342965865ce0a8fdd691c45e23b7e16592114fcfd32ed755eb8d1183f8eb1be,ground_floor,KITCHEN,segment,"12'6"" x 6'6""",3.81m x 1.98m,2.0,1.0,1.0,4.0,88.0,28.0,136.0,124.0,7.5438,81.25,4608.0,4584.0,0.9947916666666666,0.001637109375,0.0176323784722222,7.5,,80.83,,2025-04-12T12:35:31.907259+00:00
61,8,a342965865ce0a8fdd691c45e23b7e16592114fcfd32ed755eb8d1183f8eb1be,ground_floor,GARAGE,segment,"22'2"" x 6'9""",6.75m x 2.05m,3.0,0.0,0.0,4.0,88.0,158.0,136.0,301.0,13.8375,149.625,6864.0,6864.0,1.0,0.0020159527972027,0.0217985139860139,13.84,,149.62,,2025-04-12T12:35:31.907259+00:00
61,8,a342965865ce0a8fdd691c45e23b7e16592114fcfd32ed755eb8d1183f8eb1be,ground_floor,Storage (AI),segment,,,4.0,2.0,1.0,8.0,27.0,127.0,84.0,301.0,,,9918.0,8362.5,0.8431639443436176,0.0,0.0,0.0,,0.0,,2025-04-12T12:35:31.907259+00:00
61,8,a342965865ce0a8fdd691c45e23b7e16592114fcfd32ed755eb8d1183f8eb1be,ground_floor,Room (AI),not segment,,,5.0,,,0.0,,,,,,,,,,0.0,0.0,0.0,,0.0,,2025-04-12T12:35:31.907259+00:00
61,8,a342965865ce0a8fdd691c45e23b7e16592114fcfd32ed755eb8d1183f8eb1be,ground_floor,Kitchen (AI),segment,,,6.0,2.0,0.0,5.0,88.0,126.0,136.0,154.0,,,1344.0,1267.0,0.9427083333333334,0.0,0.0,0.0,,0.0,,2025-04-12T12:35:31.907259+00:00
61,8,a342965865ce0a8fdd691c45e23b7e16592114fcfd32ed755eb8d1183f8eb1be,ground_floor,stairs,object,,,,,,4.0,27.0,126.0,49.0,175.0,,,1078.0,1067.0,0.9897959183673468,0.0,0.0,0.0,,0.0,,2025-04-12T12:35:31.907259+00:00
61,8,a342965865ce0a8fdd691c45e23b7e16592114fcfd32ed755eb8d1183f8eb1be,,,,,,,,,,,,,,,,,,,,,,,,,2025-04-12T12:35:31.907259+00:00
61,8,a342965865ce0a8fdd691c45e23b7e16592114fcfd32ed755eb8d1183f8eb1be,second_floor,BEDROOM,segment,"10'7"" x 7'9""",3.23m x 2.36m,1.0,1.0,1.0,4.0,28.0,28.0,86.0,99.0,7.6228,82.02083333333334,4118.0,4118.0,1.0,0.0018510927634774,0.0199176380119799,7.62,,82.02,,2025-04-12T12:35:31.907259+00:00
61,8,a342965865ce0a8fdd691c45e23b7e16592114fcfd32ed755eb8d1183f8eb1be,second_floor,STUDY,not segment,,,2.0,,,0.0,,,,,,,,,,0.0,0.0,0.0,,0.0,,2025-04-12T12:35:31.907259+00:00
61,8,a342965865ce0a8fdd691c45e23b7e16592114fcfd32ed755eb8d1183f8eb1be,second_floor,BEDROOM,segment,"12'5"" x 7'1""",3.79m x 2.16m,3.0,1.0,1.0,4.0,89.0,28.0,142.0,123.0,8.1864,87.95138888888889,5035.0,4987.5,0.9905660377358492,0.0016258987090367,0.0174680017654198,8.11,,87.12,,2025-04-12T12:35:31.907259+00:00
61,8,a342965865ce0a8fdd691c45e23b7e16592114fcfd32ed755eb8d1183f8eb1be,second_floor,BEDROOM,segment,"15'2"" x 13'4""",4.62m x 4.06m,4.0,2.0,2.0,5.0,28.0,175.0,142.0,278.0,18.7572,202.22222222222223,11742.0,11742.0,1.0,0.0015974450689831,0.0172221275951475,18.76,,202.22,,2025-04-12T12:35:31.907259+00:00
61,8,a342965865ce0a8fdd691c45e23b7e16592114fcfd32ed755eb8d1183f8eb1be,second_floor,Wardrobe (AI),segment,,,5.0,0.0,0.0,4.0,28.0,103.0,61.0,123.0,,,660.0,660.0,1.0,0.0,0.0,0.0,,0.0,,2025-04-12T12:35:31.907259+00:00
61,8,a342965865ce0a8fdd691c45e23b7e16592114fcfd32ed755eb8d1183f8eb1be,second_floor,Stairs (AI),segment,,,6.0,3.0,0.0,5.0,51.0,102.0,86.0,172.0,,,2450.0,1333.5,0.5442857142857143,0.0,0.0,0.0,,0.0,,2025-04-12T12:35:31.907259+00:00
61,8,a342965865ce0a8fdd691c45e23b7e16592114fcfd32ed755eb8d1183f8eb1be,second_floor,Wardrobe (AI),segment,,,7.0,0.0,0.0,5.0,28.0,127.0,47.0,171.0,,,836.0,401.0,0.4796650717703349,0.0,0.0,0.0,,0.0,,2025-04-12T12:35:31.907259+00:00
61,8,a342965865ce0a8fdd691c45e23b7e16592114fcfd32ed755eb8d1183f8eb1be,second_floor,Bathroom (AI),segment,,,8.0,1.0,0.0,4.0,89.0,127.0,142.0,171.0,,,2332.0,2332.0,1.0,0.0,0.0,0.0,,0.0,,2025-04-12T12:35:31.907259+00:00
61,8,a342965865ce0a8fdd691c45e23b7e16592114fcfd32ed755eb8d1183f8eb1be,second_floor,stairs,object,,,,,,4.0,29.0,127.0,64.0,150.0,,,805.0,787.5,0.9782608695652174,0.0,0.0,0.0,,0.0,,2025-04-12T12:35:31.907259+00:00
61,8,a342965865ce0a8fdd691c45e23b7e16592114fcfd32ed755eb8d1183f8eb1be,,,,,,,,,,,,,,,,,,,,,,,,,2025-04-12T12:35:31.907259+00:00
61,8,a342965865ce0a8fdd691c45e23b7e16592114fcfd32ed755eb8d1183f8eb1be,1st_floor,1ST FLOOR,segment,,,1.0,0.0,0.0,19.0,27.0,9.0,255.0,73.0,,,14592.0,11801.0,0.8087308114035088,0.0,0.0,0.0,,0.0,,2025-04-12T12:35:31.907259+00:00
61,8,a342965865ce0a8fdd691c45e23b7e16592114fcfd32ed755eb8d1183f8eb1be,1st_floor,AREA,not segment,,,2.0,,,0.0,,,,,,,,,,0.0,0.0,0.0,,0.0,,2025-04-12T12:35:31.907259+00:00
61,8,a342965865ce0a8fdd691c45e23b7e16592114fcfd32ed755eb8d1183f8eb1be,1st_floor,TOTAL APPROX FLOOR AREA,not segment,,,3.0,,,0.0,,,,,,,,,,0.0,0.0,0.0,,0.0,,2025-04-12T12:35:31.907259+00:00
61,8,a342965865ce0a8fdd691c45e23b7e16592114fcfd32ed755eb8d1183f8eb1be,1st_floor,Unknown (AI),segment,,,4.0,0.0,0.0,10.0,107.0,75.0,259.0,102.0,,,4104.0,2616.0,0.6374269005847953,0.0,0.0,0.0,,0.0,,2025-04-12T12:35:31.907259+00:00
61,8,a342965865ce0a8fdd691c45e23b7e16592114fcfd32ed755eb8d1183f8eb1be,,,,,,,,,,,,,,,,,,,,,,,,,2025-04-12T12:35:31.907259+00:00
61,8,a342965865ce0a8fdd691c45e23b7e16592114fcfd32ed755eb8d1183f8eb1be,first_floor,Unknown,segment,"12'7"" x 12'5""",3.84m x 3.79m,1.0,0.0,2.0,12.0,27.0,29.0,136.0,195.0,14.5536,156.24305555555554,18094.0,11903.0,0.6578423786890683,0.0008043329280424,0.008635075470076,9.57,,102.78,,2025-04-12T12:35:31.907259+00:00
61,8,a342965865ce0a8fdd691c45e23b7e16592114fcfd32ed755eb8d1183f8eb1be,first_floor,Unknown,not segment,,,2.0,,,0.0,,,,,,,,,,0.0,0.0,0.0,,0.0,,2025-04-12T12:35:31.907259+00:00
61,8,a342965865ce0a8fdd691c45e23b7e16592114fcfd32ed755eb8d1183f8eb1be,first_floor,LOUNGE,segment,"14'9"" x 13'1""",4.50m x 3.99m,3.0,2.0,1.0,4.0,27.0,199.0,136.0,300.0,17.955000000000002,192.97916666666669,11009.0,10904.5,0.9905077663729676,0.0016309383231901,0.017529218518182,17.78,,191.15,,2025-04-12T12:35:31.907259+00:00
61,8,a342965865ce0a8fdd691c45e23b7e16592114fcfd32ed755eb8d1183f8eb1be,first_floor,Bedroom (AI),segment,,,4.0,0.0,0.0,4.0,28.0,29.0,43.0,124.0,,,1425.0,1395.0,0.9789473684210528,0.0,0.0,0.0,,0.0,,2025-04-12T12:35:31.907259+00:00
61,8,a342965865ce0a8fdd691c45e23b7e16592114fcfd32ed755eb8d1183f8eb1be,first_floor,Bathroom (AI),segment,,,5.0,0.0,0.0,4.0,94.0,128.0,136.0,144.0,,,672.0,672.0,1.0,0.0,0.0,0.0,,0.0,,2025-04-12T12:35:31.907259+00:00
61,8,a342965865ce0a8fdd691c45e23b7e16592114fcfd32ed755eb8d1183f8eb1be,first_floor,Bathroom (AI),segment,,,6.0,1.0,0.0,4.0,94.0,147.0,136.0,195.0,,,2016.0,2016.0,1.0,0.0,0.0,0.0,,0.0,,2025-04-12T12:35:31.907259+00:00
61,8,a342965865ce0a8fdd691c45e23b7e16592114fcfd32ed755eb8d1183f8eb1be,first_floor,Unknown (AI),segment,,,7.0,1.0,0.0,5.0,83.0,302.0,136.0,324.0,,,1166.0,980.5,0.8409090909090909,0.0,0.0,0.0,,0.0,,2025-04-12T12:35:31.907259+00:00
61,8,a342965865ce0a8fdd691c45e23b7e16592114fcfd32ed755eb8d1183f8eb1be,,,,,,,,,,,,,,,,,,,,,,,,,2025-04-12T12:35:31.907259+00:00
39,8,1142de7215c7609df994f25c7eae614e773961c7ad9205fe902e62e1119bda5b,ground_floor,Conservatory,segment,"35'1"" x 15'6""",10.69m x 4.72m,1.0,5.0,5.0,15.0,238.0,58.0,902.0,355.0,50.4568,543.7916666666667,197208.0,136220.5,0.6907453044501237,0.0002558557462171,0.0027574523683961,34.85,,375.62,,2025-04-12T12:35:31.907284+00:00
39,8,1142de7215c7609df994f25c7eae614e773961c7ad9205fe902e62e1119bda5b,ground_floor,Study,segment,"11'11"" x 8'3""",3.63m x 2.51m,2.0,1.0,2.0,6.0,68.0,188.0,227.0,411.0,9.111299999999998,98.3125,35457.0,31428.0,0.8863694051950249,0.0002569675945511,0.0027727247088022,8.08,,87.14,,2025-04-12T12:35:31.907284+00:00
39,8,1142de7215c7609df994f25c7eae614e773961c7ad9205fe902e62e1119bda5b,ground_floor,Annexe Living Room,segment,"14'8"" x 11'1""",4.47m x 3.38m,3.0,3.0,4.0,8.0,911.0,241.0,1293.0,522.0,15.1086,162.55555555555557,107342.0,85308.0,0.7947308602410985,0.0001407519889698,0.0015143704752618,12.01,,129.19,,2025-04-12T12:35:31.907284+00:00
39,8,1142de7215c7609df994f25c7eae614e773961c7ad9205fe902e62e1119bda5b,ground_floor,Annexe Kitchen,not segment,"8'6"" x 8'1""",2.59m x 2.46m,4.0,,,0.0,,,,,,,,,,0.0,0.0,0.0,,0.0,,2025-04-12T12:35:31.907284+00:00
39,8,1142de7215c7609df994f25c7eae614e773961c7ad9205fe902e62e1119bda5b,ground_floor,Kitchen,segment,"24'2"" x 10'6""",7.37m x 3.20m,5.0,8.0,4.0,14.0,208.0,363.0,903.0,740.0,23.584000000000003,253.75,262015.0,205186.0,0.783107837337557,9.001011392477531e-05,0.0009684560044272,18.47,,198.71,,2025-04-12T12:35:31.907284+00:00
39,8,1142de7215c7609df994f25c7eae614e773961c7ad9205fe902e62e1119bda5b,ground_floor,Living Room,not segment,"19'9"" x 12'0""",6.02m x 3.66m,6.0,,,0.0,,,,,,,,,,0.0,0.0,0.0,,0.0,,2025-04-12T12:35:31.907284+00:00
39,8,1142de7215c7609df994f25c7eae614e773961c7ad9205fe902e62e1119bda5b,ground_floor,Utility Room,segment,,,7.0,2.0,0.0,4.0,67.0,416.0,198.0,564.0,,,19388.0,17990.0,0.9278935423973592,0.0,0.0,0.0,,0.0,,2025-04-12T12:35:31.907284+00:00
39,8,1142de7215c7609df994f25c7eae614e773961c7ad9205fe902e62e1119bda5b,ground_floor,Annexe Bedroom,segment,"15'8"" x 11'6""",4.78m x 3.51m,8.0,4.0,1.0,13.0,998.0,525.0,1291.0,740.0,16.7778,180.16666666666663,62995.0,45099.0,0.71591396142551,0.0002663354234463,0.0028600153451332,12.01,,128.98,,2025-04-12T12:35:31.907284+00:00
39,8,1142de7215c7609df994f25c7eae614e773961c7ad9205fe902e62e1119bda5b,ground_floor,Garage,segment,"16'11"" x 16'3""",5.16m x 4.95m,9.0,1.0,0.0,12.0,67.0,568.0,374.0,880.0,25.542,274.89583333333337,95784.0,94128.0,0.9827110999749435,0.0002666624906038,0.0028699556641331,25.1,,270.14,,2025-04-12T12:35:31.907284+00:00
39,8,1142de7215c7609df994f25c7eae614e773961c7ad9205fe902e62e1119bda5b,ground_floor,Lobby,segment,"11'6"" x 7'11""",3.51m x 2.41m,10.0,2.0,4.0,13.0,385.0,706.0,666.0,882.0,8.4591,91.04166666666669,49456.0,47394.0,0.9583063733419606,0.0001710429472662,0.0018408619109241,8.11,,87.25,,2025-04-12T12:35:31.907284+00:00
39,8,1142de7215c7609df994f25c7eae614e773961c7ad9205fe902e62e1119bda5b,ground_floor,Conservatory,segment,10.69' x 4.72',3.51m x 1.56m,11.0,0.0,0.0,5.0,533.0,27.0,561.0,49.0,5.4756,,616.0,409.0,0.663961038961039,0.008888961038961,,3.64,,,,2025-04-12T12:35:31.907284+00:00
39,8,1142de7215c7609df994f25c7eae614e773961c7ad9205fe902e62e1119bda5b,ground_floor,Kitchen (AI),segment,,,12.0,0.0,0.0,5.0,999.0,525.0,1054.0,559.0,,,1870.0,1708.5,0.9136363636363636,0.0,0.0,0.0,,0.0,,2025-04-12T12:35:31.907284+00:00
39,8,1142de7215c7609df994f25c7eae614e773961c7ad9205fe902e62e1119bda5b,ground_floor,Kitchen,segment,,,13.0,2.0,0.0,8.0,1059.0,525.0,1172.0,560.0,,,3955.0,3513.5,0.8883691529709229,0.0,0.0,0.0,,0.0,,2025-04-12T12:35:31.907284+00:00
39,8,1142de7215c7609df994f25c7eae614e773961c7ad9205fe902e62e1119bda5b,ground_floor,Bathroom (AI),segment,,,14.0,2.0,0.0,6.0,1235.0,525.0,1293.0,559.0,,,1972.0,1573.5,0.797920892494929,0.0,0.0,0.0,,0.0,,2025-04-12T12:35:31.907284+00:00
39,8,1142de7215c7609df994f25c7eae614e773961c7ad9205fe902e62e1119bda5b,ground_floor,Bathroom (AI),segment,,,15.0,4.0,0.0,7.0,912.0,526.0,993.0,630.0,,,8424.0,7434.5,0.8825379867046533,0.0,0.0,0.0,,0.0,,2025-04-12T12:35:31.907284+00:00
39,8,1142de7215c7609df994f25c7eae614e773961c7ad9205fe902e62e1119bda5b,ground_floor,Annexe Bedroom (AI),segment,,,16.0,1.0,2.0,4.0,911.0,635.0,1070.0,740.0,,,16695.0,15567.5,0.9324648098233004,0.0,0.0,0.0,,0.0,,2025-04-12T12:35:31.907284+00:00
39,8,1142de7215c7609df994f25c7eae614e773961c7ad9205fe902e62e1119bda5b,ground_floor,Lobby (AI),segment,,,17.0,1.0,1.0,5.0,383.0,639.0,489.0,697.0,,,6148.0,5621.5,0.9143623942745608,0.0,0.0,0.0,,0.0,,2025-04-12T12:35:31.907284+00:00
39,8,1142de7215c7609df994f25c7eae614e773961c7ad9205fe902e62e1119bda5b,ground_floor,stairs,object,,,,,1.0,4.0,490.0,632.0,567.0,698.0,,,5082.0,5082.0,1.0,0.0,0.0,0.0,,0.0,,2025-04-12T12:35:31.907284+00:00
39,8,1142de7215c7609df994f25c7eae614e773961c7ad9205fe902e62e1119bda5b,,,,,,,,,,,,,,,,,,,,,,,,,2025-04-12T12:35:31.907284+00:00
39,8,1142de7215c7609df994f25c7eae614e773961c7ad9205fe902e62e1119bda5b,first_floor,Bedroom 2,segment,"12'1"" x 10'6""",3.68m x 3.20m,1.0,1.0,1.0,5.0,34.0,34.0,255.0,231.0,11.776000000000002,126.875,43537.0,43065.0,0.9891586466683512,0.000270482578037,0.0029141879321037,11.65,,125.5,,2025-04-12T12:35:31.907284+00:00
39,8,1142de7215c7609df994f25c7eae614e773961c7ad9205fe902e62e1119bda5b,first_floor,Bedroom 4,segment,"10'6"" x 8'11""",3.20m x 2.72m,2.0,1.0,1.0,6.0,261.0,34.0,431.0,232.0,8.704,93.625,33660.0,29857.0,0.8870172311348782,0.0002585858585858,0.0027814913844325,7.72,,83.05,,2025-04-12T12:35:31.907284+00:00
39,8,1142de7215c7609df994f25c7eae614e773961c7ad9205fe902e62e1119bda5b,first_floor,Principal Bedroom,segment,"11'3"" x 11'1""",3.43m x 3.38m,3.0,2.0,1.0,8.0,439.0,34.0,693.0,241.0,11.5934,124.6875,52578.0,44145.5,0.8396192323785614,0.0002204990680512,0.0023714766632431,9.73,,104.69,,2025-04-12T12:35:31.907284+00:00
39,8,1142de7215c7609df994f25c7eae614e773961c7ad9205fe902e62e1119bda5b,first_floor,Bedroom 3,segment,"12'1"" x 8'6""",3.68m x 2.59m,4.0,2.0,1.0,6.0,499.0,248.0,726.0,408.0,9.5312,102.70833333333334,36320.0,35956.0,0.989977973568282,0.0002624229074889,0.0028278726138032,9.44,,101.68,,2025-04-12T12:35:31.907284+00:00
39,8,1142de7215c7609df994f25c7eae614e773961c7ad9205fe902e62e1119bda5b,first_floor,Bathroom (AI),segment,,,5.0,0.0,0.0,4.0,700.0,34.0,726.0,65.0,,,806.0,793.0,0.9838709677419356,0.0,0.0,0.0,,0.0,,2025-04-12T12:35:31.907284+00:00
39,8,1142de7215c7609df994f25c7eae614e773961c7ad9205fe902e62e1119bda5b,first_floor,Bathroom (AI),segment,,,6.0,1.0,0.0,4.0,657.0,72.0,726.0,242.0,,,11730.0,11019.5,0.9394288150042626,0.0,0.0,0.0,,0.0,,2025-04-12T12:35:31.907284+00:00
39,8,1142de7215c7609df994f25c7eae614e773961c7ad9205fe902e62e1119bda5b,first_floor,Closet (AI),segment,,,7.0,1.0,0.0,4.0,261.0,201.0,308.0,232.0,,,1457.0,1418.5,0.9735758407687028,0.0,0.0,0.0,,0.0,,2025-04-12T12:35:31.907284+00:00
39,8,1142de7215c7609df994f25c7eae614e773961c7ad9205fe902e62e1119bda5b,first_floor,Bedroom 4 (AI),segment,,,8.0,0.0,0.0,4.0,314.0,200.0,351.0,232.0,,,1184.0,1134.5,0.9581925675675677,0.0,0.0,0.0,,0.0,,2025-04-12T12:35:31.907284+00:00
39,8,1142de7215c7609df994f25c7eae614e773961c7ad9205fe902e62e1119bda5b,first_floor,Bathroom (AI),segment,,,9.0,1.0,1.0,6.0,33.0,238.0,185.0,366.0,,,19456.0,18658.0,0.958984375,0.0,0.0,0.0,,0.0,,2025-04-12T12:35:31.907284+00:00
39,8,1142de7215c7609df994f25c7eae614e773961c7ad9205fe902e62e1119bda5b,first_floor,Hallway (AI),segment,,,10.0,5.0,1.0,14.0,191.0,238.0,492.0,365.0,,,38227.0,24281.5,0.635192403275172,0.0,0.0,0.0,,0.0,,2025-04-12T12:35:31.907284+00:00
39,8,1142de7215c7609df994f25c7eae614e773961c7ad9205fe902e62e1119bda5b,first_floor,Storage (AI),segment,,,11.0,1.0,0.0,4.0,381.0,309.0,432.0,365.0,,,2856.0,2555.5,0.8947829131652661,0.0,0.0,0.0,,0.0,,2025-04-12T12:35:31.907284+00:00
39,8,1142de7215c7609df994f25c7eae614e773961c7ad9205fe902e62e1119bda5b,first_floor,Storage (AI),segment,,,12.0,1.0,0.0,4.0,438.0,310.0,494.0,365.0,,,3080.0,2997.5,0.9732142857142856,0.0,0.0,0.0,,0.0,,2025-04-12T12:35:31.907284+00:00
39,8,1142de7215c7609df994f25c7eae614e773961c7ad9205fe902e62e1119bda5b,first_floor,stairs,object,,,,,1.0,4.0,247.0,304.0,335.0,367.0,,,5544.0,5425.5,0.9786255411255412,0.0,0.0,0.0,,0.0,,2025-04-12T12:35:31.907284+00:00
39,8,1142de7215c7609df994f25c7eae614e773961c7ad9205fe902e62e1119bda5b,,,,,,,,,,,,,,,,,,,,,,,,,2025-04-12T12:35:31.907284+00:00
39,8,1142de7215c7609df994f25c7eae614e773961c7ad9205fe902e62e1119bda5b,summer_house,Summer House,segment,"17'6"" x 13'7""",5.33m x 4.14m,1.0,2.0,1.0,4.0,153.0,35.0,365.0,290.0,22.0662,237.70833333333331,54060.0,54060.0,1.0,0.0004081798002219,0.0043971204834134,22.07,,237.71,,2025-04-12T12:35:31.907284+00:00
39,8,1142de7215c7609df994f25c7eae614e773961c7ad9205fe902e62e1119bda5b,summer_house,Bathroom (AI),segment,,,2.0,1.0,1.0,4.0,34.0,35.0,146.0,100.0,,,7280.0,6720.5,0.9231456043956044,0.0,0.0,0.0,,0.0,,2025-04-12T12:35:31.907284+00:00
39,8,1142de7215c7609df994f25c7eae614e773961c7ad9205fe902e62e1119bda5b,summer_house,Storage (AI),segment,,,3.0,2.0,1.0,5.0,33.0,106.0,147.0,291.0,,,21090.0,20601.5,0.9768373636794688,0.0,0.0,0.0,,0.0,,2025-04-12T12:35:31.907284+00:00
39,8,1142de7215c7609df994f25c7eae614e773961c7ad9205fe902e62e1119bda5b,,,,,,,,,,,,,,,,,,,,,,,,,2025-04-12T12:35:31.907284+00:00
33,8,4241f323c23f79f61c47e3149d9be462f6321729f46734a6107fc3197a696aca,ground_floor,Garage,segment,"17'10"" x 7'11""",5.44m x 2.41m,1.0,1.0,0.0,9.0,615.0,30.0,893.0,688.0,13.110400000000002,141.18055555555554,182924.0,179032.5,0.9787261376309286,7.167129518269884e-05,0.0007717989741945,12.83,,138.18,,2025-04-12T12:35:31.907333+00:00
33,8,4241f323c23f79f61c47e3149d9be462f6321729f46734a6107fc3197a696aca,ground_floor,Sitting Room,segment,"14'11"" x 15'9""",4.54m x 4.81m,2.0,4.0,3.0,24.0,46.0,211.0,604.0,1141.0,21.8374,234.9375,518940.0,397800.5,0.7665635718965583,4.208078005164373e-05,0.0004527257486414,16.74,,180.09,,2025-04-12T12:35:31.907333+00:00
33,8,4241f323c23f79f61c47e3149d9be462f6321729f46734a6107fc3197a696aca,ground_floor,Dining Room,not segment,"8'6"" x 9'1""",2.59m x 2.76m,3.0,,,0.0,,,,,,,,,,0.0,0.0,0.0,,0.0,,2025-04-12T12:35:31.907333+00:00
33,8,4241f323c23f79f61c47e3149d9be462f6321729f46734a6107fc3197a696aca,ground_floor,WC,segment,,,4.0,1.0,1.0,5.0,742.0,700.0,895.0,829.0,,,19737.0,18625.0,0.9436591173937277,0.0,0.0,0.0,,0.0,,2025-04-12T12:35:31.907333+00:00
33,8,4241f323c23f79f61c47e3149d9be462f6321729f46734a6107fc3197a696aca,ground_floor,Kitchen,segment,"8'6"" x 14'8""",2.59m x 4.47m,5.0,2.0,2.0,5.0,377.0,841.0,894.0,1141.0,11.5773,124.66666666666666,155100.0,153732.0,0.9911798839458414,7.464410058027078e-05,0.0008037825059101,11.48,,123.57,,2025-04-12T12:35:31.907333+00:00
33,8,4241f323c23f79f61c47e3149d9be462f6321729f46734a6107fc3197a696aca,ground_floor,WC,segment,,,6.0,3.0,0.0,4.0,615.0,701.0,730.0,829.0,,,14720.0,14416.0,0.9793478260869564,0.0,0.0,0.0,,0.0,,2025-04-12T12:35:31.907333+00:00
33,8,4241f323c23f79f61c47e3149d9be462f6321729f46734a6107fc3197a696aca,ground_floor,stairs,object,,,,,,4.0,498.0,371.0,604.0,520.0,,,15794.0,15343.0,0.9714448524756236,0.0,0.0,0.0,,0.0,,2025-04-12T12:35:31.907333+00:00
33,8,4241f323c23f79f61c47e3149d9be462f6321729f46734a6107fc3197a696aca,,,,,,,,,,,,,,,,,,,,,,,,,2025-04-12T12:35:31.907333+00:00
33,8,4241f323c23f79f61c47e3149d9be462f6321729f46734a6107fc3197a696aca,first_floor,Bedroom 1,segment,"12'1"" x 12'7""",3.68m x 3.85m,1.0,4.0,1.0,12.0,46.0,54.0,491.0,486.0,14.168,152.04861111111111,192240.0,171714.0,0.893227215980025,7.369954223886809e-05,0.000790931185555,12.66,,135.81,,2025-04-12T12:35:31.907333+00:00
33,8,4241f323c23f79f61c47e3149d9be462f6321729f46734a6107fc3197a696aca,first_floor,Bedroom 3,segment,"12'3"" x 7'8""",3.73m x 2.34m,2.0,7.0,2.0,39.0,376.0,54.0,896.0,908.0,8.7282,93.91666666666669,444080.0,260289.5,0.586132003242659,1.965456674473068e-05,0.0002114859184531,5.12,,55.05,,2025-04-12T12:35:31.907333+00:00
33,8,4241f323c23f79f61c47e3149d9be462f6321729f46734a6107fc3197a696aca,first_floor,Bedroom 4,not segment,,,3.0,,,0.0,,,,,,,,,,0.0,0.0,0.0,,0.0,,2025-04-12T12:35:31.907333+00:00
33,8,4241f323c23f79f61c47e3149d9be462f6321729f46734a6107fc3197a696aca,first_floor,Bedroom 2,segment,,,4.0,1.0,1.0,4.0,46.0,497.0,366.0,909.0,,,131840.0,129348.0,0.9810983009708738,0.0,0.0,0.0,,0.0,,2025-04-12T12:35:31.907333+00:00
33,8,4241f323c23f79f61c47e3149d9be462f6321729f46734a6107fc3197a696aca,first_floor,Bathroom,segment,,,5.0,1.0,1.0,5.0,375.0,601.0,599.0,909.0,,,68992.0,68409.0,0.9915497448979592,0.0,0.0,0.0,,0.0,,2025-04-12T12:35:31.907333+00:00
33,8,4241f323c23f79f61c47e3149d9be462f6321729f46734a6107fc3197a696aca,first_floor,Bedroom 1,segment,,,6.0,1.0,0.0,4.0,47.0,54.0,93.0,138.0,,,3864.0,3433.0,0.8884575569358178,0.0,0.0,0.0,,0.0,,2025-04-12T12:35:31.907333+00:00
33,8,4241f323c23f79f61c47e3149d9be462f6321729f46734a6107fc3197a696aca,first_floor,Closet (AI),segment,,,7.0,1.0,0.0,5.0,445.0,62.0,491.0,183.0,,,5566.0,4645.5,0.8346209126841538,0.0,0.0,0.0,,0.0,,2025-04-12T12:35:31.907333+00:00
33,8,4241f323c23f79f61c47e3149d9be462f6321729f46734a6107fc3197a696aca,first_floor,Bedroom 1,segment,,,8.0,1.0,0.0,4.0,46.0,355.0,95.0,441.0,,,4214.0,4039.0,0.9584717607973422,0.0,0.0,0.0,,0.0,,2025-04-12T12:35:31.907333+00:00
33,8,4241f323c23f79f61c47e3149d9be462f6321729f46734a6107fc3197a696aca,first_floor,Bedroom 3,segment,,,9.0,2.0,0.0,6.0,711.0,495.0,895.0,566.0,,,13064.0,12578.5,0.9628368034292712,0.0,0.0,0.0,,0.0,,2025-04-12T12:35:31.907333+00:00
33,8,4241f323c23f79f61c47e3149d9be462f6321729f46734a6107fc3197a696aca,first_floor,stairs,object,,,,,,4.0,506.0,267.0,615.0,475.0,,,22672.0,21893.5,0.9656624911785462,0.0,0.0,0.0,,0.0,,2025-04-12T12:35:31.907333+00:00
33,8,4241f323c23f79f61c47e3149d9be462f6321729f46734a6107fc3197a696aca,,,,,,,,,,,,,,,,,,,,,,,,,2025-04-12T12:35:31.907333+00:00
25,8,c017819f855888de24a7e19b5086bc22f61e560baeaebc4cde30c05ce084a4ce,ground_floor,Conservatory,segment,"8'10"" x 7'11""",2.69m x 2.41m,1.0,2.0,3.0,13.0,364.0,40.0,552.0,249.0,6.4829,69.93055555555556,39292.0,37869.5,0.96379670161865,0.0001649928738674,0.0017797657425317,6.25,,67.4,,2025-04-12T12:35:31.907407+00:00
25,8,c017819f855888de24a7e19b5086bc22f61e560baeaebc4cde30c05ce084a4ce,ground_floor,Garage,segment,"15'11"" x 8'2""",4.85m x 2.49m,2.0,0.0,0.0,5.0,49.0,595.0,243.0,984.0,12.0765,129.9861111111111,75466.0,72268.5,0.9576299260594174,0.0001600257069408,0.0017224460168964,11.56,,124.48,,2025-04-12T12:35:31.907407+00:00
25,8,c017819f855888de24a7e19b5086bc22f61e560baeaebc4cde30c05ce084a4ce,ground_floor,Reception Room,segment,,,3.0,2.0,0.0,6.0,255.0,594.0,588.0,848.0,,,84582.0,83933.0,0.9923269726419331,0.0,0.0,0.0,,0.0,,2025-04-12T12:35:31.907407+00:00
25,8,c017819f855888de24a7e19b5086bc22f61e560baeaebc4cde30c05ce084a4ce,ground_floor,Kitchen / Dining Room,segment,,,4.0,0.0,1.0,12.0,48.0,254.0,322.0,503.0,,,68226.0,62442.0,0.9152229355377716,0.0,0.0,0.0,,0.0,,2025-04-12T12:35:31.907407+00:00
25,8,c017819f855888de24a7e19b5086bc22f61e560baeaebc4cde30c05ce084a4ce,ground_floor,Kitchen / Dining Room,segment,,,5.0,3.0,0.0,6.0,327.0,270.0,589.0,503.0,,,61046.0,59477.0,0.9742980703076368,0.0,0.0,0.0,,0.0,,2025-04-12T12:35:31.907407+00:00
25,8,c017819f855888de24a7e19b5086bc22f61e560baeaebc4cde30c05ce084a4ce,ground_floor,WC (AI),segment,,,6.0,0.0,0.0,5.0,70.0,515.0,163.0,581.0,,,6138.0,5541.5,0.9028185076572174,0.0,0.0,0.0,,0.0,,2025-04-12T12:35:31.907407+00:00
25,8,c017819f855888de24a7e19b5086bc22f61e560baeaebc4cde30c05ce084a4ce,ground_floor,Kitchen / Dining Room,segment,,,7.0,3.0,0.0,6.0,174.0,514.0,400.0,582.0,,,15368.0,14353.0,0.9339536699635608,0.0,0.0,0.0,,0.0,,2025-04-12T12:35:31.907407+00:00
25,8,c017819f855888de24a7e19b5086bc22f61e560baeaebc4cde30c05ce084a4ce,ground_floor,Toilet,segment,,,8.0,0.0,0.0,4.0,49.0,528.0,67.0,569.0,,,738.0,689.0,0.9336043360433603,0.0,0.0,0.0,,0.0,,2025-04-12T12:35:31.907407+00:00
25,8,c017819f855888de24a7e19b5086bc22f61e560baeaebc4cde30c05ce084a4ce,ground_floor,Unknown (AI),segment,,,9.0,2.0,0.0,5.0,255.0,870.0,335.0,974.0,,,8320.0,8000.0,0.9615384615384616,0.0,0.0,0.0,,0.0,,2025-04-12T12:35:31.907407+00:00
25,8,c017819f855888de24a7e19b5086bc22f61e560baeaebc4cde30c05ce084a4ce,ground_floor,stairs,object,,,,1.0,,4.0,391.0,515.0,589.0,581.0,,,13068.0,13068.0,1.0,0.0,0.0,0.0,,0.0,,2025-04-12T12:35:31.907407+00:00
25,8,c017819f855888de24a7e19b5086bc22f61e560baeaebc4cde30c05ce084a4ce,,,,,,,,,,,,,,,,,,,,,,,,,2025-04-12T12:35:31.907407+00:00
25,8,c017819f855888de24a7e19b5086bc22f61e560baeaebc4cde30c05ce084a4ce,first_floor,Bedroom 4,segment,"6'8"" x 6'6""",2.03m x 1.98m,1.0,1.0,1.0,4.0,434.0,47.0,588.0,205.0,4.019399999999999,43.333333333333336,24332.0,24019.5,0.9871568305112608,0.0001651898734177,0.0017809195024384,3.97,,42.78,,2025-04-12T12:35:31.907407+00:00
25,8,c017819f855888de24a7e19b5086bc22f61e560baeaebc4cde30c05ce084a4ce,first_floor,Bedroom 3,segment,,,2.0,2.0,1.0,6.0,49.0,48.0,273.0,275.0,,,50848.0,48257.5,0.9490540434235368,0.0,0.0,0.0,,0.0,,2025-04-12T12:35:31.907407+00:00
25,8,c017819f855888de24a7e19b5086bc22f61e560baeaebc4cde30c05ce084a4ce,first_floor,Bedroom 2,segment,"12'10"" min x 9'5""",3.91m x 2.87m,3.0,2.0,1.0,7.0,49.0,290.0,274.0,620.0,11.2217,,74250.0,69260.0,0.9327946127946128,0.000151134006734,,10.47,,,,2025-04-12T12:35:31.907407+00:00
25,8,c017819f855888de24a7e19b5086bc22f61e560baeaebc4cde30c05ce084a4ce,first_floor,Bedroom 1,segment,"12'8"" x 10'8""",3.86m x 3.25m,4.0,1.0,2.0,9.0,287.0,367.0,588.0,621.0,12.545,135.1111111111111,76454.0,74070.5,0.9688243911371544,0.0001640855939519,0.0017672209578453,12.15,,130.9,,2025-04-12T12:35:31.907407+00:00
25,8,c017819f855888de24a7e19b5086bc22f61e560baeaebc4cde30c05ce084a4ce,first_floor,Bathroom (AI),segment,,,5.0,1.0,1.0,4.0,287.0,48.0,420.0,206.0,,,21014.0,20881.0,0.9936708860759492,0.0,0.0,0.0,,0.0,,2025-04-12T12:35:31.907407+00:00
25,8,c017819f855888de24a7e19b5086bc22f61e560baeaebc4cde30c05ce084a4ce,first_floor,Hallway (AI),segment,,,6.0,6.0,0.0,7.0,286.0,218.0,588.0,357.0,,,41978.0,26125.0,0.6223498022773833,0.0,0.0,0.0,,0.0,,2025-04-12T12:35:31.907407+00:00
25,8,c017819f855888de24a7e19b5086bc22f61e560baeaebc4cde30c05ce084a4ce,first_floor,Storage (AI),segment,,,7.0,1.0,0.0,4.0,49.0,266.0,114.0,304.0,,,2470.0,2323.0,0.940485829959514,0.0,0.0,0.0,,0.0,,2025-04-12T12:35:31.907407+00:00
25,8,c017819f855888de24a7e19b5086bc22f61e560baeaebc4cde30c05ce084a4ce,first_floor,Hallway (AI),segment,,,8.0,1.0,0.0,4.0,128.0,274.0,194.0,311.0,,,2442.0,2442.0,1.0,0.0,0.0,0.0,,0.0,,2025-04-12T12:35:31.907407+00:00
25,8,c017819f855888de24a7e19b5086bc22f61e560baeaebc4cde30c05ce084a4ce,first_floor,Hallway (AI),segment,,,9.0,1.0,0.0,4.0,374.0,297.0,428.0,355.0,,,3132.0,2917.5,0.931513409961686,0.0,0.0,0.0,,0.0,,2025-04-12T12:35:31.907407+00:00
25,8,c017819f855888de24a7e19b5086bc22f61e560baeaebc4cde30c05ce084a4ce,first_floor,stairs,object,,,,,,4.0,437.0,288.0,591.0,357.0,,,10626.0,10329.0,0.9720496894409938,0.0,0.0,0.0,,0.0,,2025-04-12T12:35:31.907407+00:00
25,8,c017819f855888de24a7e19b5086bc22f61e560baeaebc4cde30c05ce084a4ce,,,,,,,,,,,,,,,,,,,,,,,,,2025-04-12T12:35:31.907407+00:00
34,8,c22767a61764921e2d999a21aebfe14e3aa9831770df2c98edfb4510bc352821,ground_floor,KITCHEN / DINING ROOM,segment,"14'6"" x 14'2""",4.4m x 4.3m,1.0,4.0,6.0,19.0,38.0,58.0,556.0,499.0,18.92,205.41666666666663,228438.0,151721.5,0.6641692713121284,8.282334812947058e-05,0.0008992228379983,12.57,,136.43,,2025-04-12T12:35:31.907432+00:00
34,8,c22767a61764921e2d999a21aebfe14e3aa9831770df2c98edfb4510bc352821,ground_floor,DINING ROOM,not segment,,,2.0,,,0.0,,,,,,,,,,0.0,0.0,0.0,,0.0,,2025-04-12T12:35:31.907432+00:00
34,8,c22767a61764921e2d999a21aebfe14e3aa9831770df2c98edfb4510bc352821,ground_floor,LIVING ROOM,not segment,"23'3"" x 20'5""",7.0m x 6.2m,3.0,,,0.0,,,,,,,,,,0.0,0.0,0.0,,0.0,,2025-04-12T12:35:31.907432+00:00
34,8,c22767a61764921e2d999a21aebfe14e3aa9831770df2c98edfb4510bc352821,ground_floor,GARAGE,segment,"16'4"" x 8'5""",4.9m x 2.5m,4.0,2.0,0.0,6.0,684.0,117.0,825.0,373.0,12.25,137.4722222222222,36096.0,31040.5,0.859942929964539,0.0003393727836879,0.0038085167947202,10.53,,118.22,,2025-04-12T12:35:31.907432+00:00
34,8,c22767a61764921e2d999a21aebfe14e3aa9831770df2c98edfb4510bc352821,ground_floor,FAMILY ROOM,segment,"11'11"" x 11'6""",3.6m x 3.5m,5.0,3.0,3.0,10.0,488.0,286.0,668.0,498.0,12.6,137.04166666666666,38160.0,34100.0,0.8936058700209644,0.0003301886792452,0.0035912386443046,11.26,,122.46,,2025-04-12T12:35:31.907432+00:00
34,8,c22767a61764921e2d999a21aebfe14e3aa9831770df2c98edfb4510bc352821,ground_floor,Utility Room (AI),segment,,,6.0,1.0,1.0,4.0,289.0,57.0,331.0,123.0,,,2772.0,2526.0,0.9112554112554112,0.0,0.0,0.0,,0.0,,2025-04-12T12:35:31.907432+00:00
34,8,c22767a61764921e2d999a21aebfe14e3aa9831770df2c98edfb4510bc352821,ground_floor,Unknown (AI),segment,,,7.0,1.0,1.0,6.0,564.0,168.0,668.0,278.0,,,11440.0,10728.5,0.937805944055944,0.0,0.0,0.0,,0.0,,2025-04-12T12:35:31.907432+00:00
34,8,c22767a61764921e2d999a21aebfe14e3aa9831770df2c98edfb4510bc352821,ground_floor,Hallway (AI),segment,,,8.0,5.0,1.0,6.0,392.0,285.0,480.0,527.0,,,21296.0,15501.5,0.727906649135988,0.0,0.0,0.0,,0.0,,2025-04-12T12:35:31.907432+00:00
34,8,c22767a61764921e2d999a21aebfe14e3aa9831770df2c98edfb4510bc352821,ground_floor,Unknown (AI),segment,,,9.0,2.0,0.0,5.0,436.0,286.0,480.0,325.0,,,1716.0,1639.5,0.9554195804195804,0.0,0.0,0.0,,0.0,,2025-04-12T12:35:31.907432+00:00
34,8,c22767a61764921e2d999a21aebfe14e3aa9831770df2c98edfb4510bc352821,ground_floor,stairs,object,,,,,,4.0,436.0,331.0,482.0,399.0,,,3128.0,3094.0,0.9891304347826086,0.0,0.0,0.0,,0.0,,2025-04-12T12:35:31.907432+00:00
34,8,c22767a61764921e2d999a21aebfe14e3aa9831770df2c98edfb4510bc352821,,,,,,,,,,,,,,,,,,,,,,,,,2025-04-12T12:35:31.907432+00:00
34,8,c22767a61764921e2d999a21aebfe14e3aa9831770df2c98edfb4510bc352821,first_floor,PRINCIPAL BEDROOM,segment,"20'7"" x 11'0""",6.2m x 3.3m,1.0,3.0,3.0,11.0,39.0,39.0,200.0,347.0,20.46,226.41666666666663,49588.0,41471.5,0.836321287408244,0.0004125998225377,0.0045659568175096,17.11,,189.36,,2025-04-12T12:35:31.907432+00:00
34,8,c22767a61764921e2d999a21aebfe14e3aa9831770df2c98edfb4510bc352821,first_floor,BEDROOM 4,segment,"12'10"" x 8'0""",3.9m x 2.4m,2.0,1.0,2.0,4.0,207.0,39.0,410.0,165.0,9.36,102.66666666666669,25578.0,25251.0,0.9872155758855268,0.0003659394792399,0.0040138660828316,9.24,,101.35,,2025-04-12T12:35:31.907432+00:00
34,8,c22767a61764921e2d999a21aebfe14e3aa9831770df2c98edfb4510bc352821,first_floor,BEDROOM 3,segment,"12'11"" x 11'10""",3.9m x 3.6m,3.0,2.0,1.0,6.0,489.0,172.0,670.0,368.0,14.04,152.84722222222223,35476.0,31335.5,0.8832872928176796,0.0003957605141504,0.0043084683228724,12.4,,135.01,,2025-04-12T12:35:31.907432+00:00
34,8,c22767a61764921e2d999a21aebfe14e3aa9831770df2c98edfb4510bc352821,first_floor,BEDROOM 2,segment,"12'2"" x 9'10""",3.7m x 2.9m,4.0,2.0,1.0,8.0,207.0,219.0,385.0,367.0,10.73,119.63888888888889,26344.0,26013.5,0.9874544488308532,0.0004073033707865,0.004541409386915,10.6,,118.14,,2025-04-12T12:35:31.907432+00:00
34,8,c22767a61764921e2d999a21aebfe14e3aa9831770df2c98edfb4510bc352821,first_floor,Closet (AI),segment,,,5.0,1.0,1.0,5.0,150.0,39.0,199.0,164.0,,,6125.0,6076.0,0.992,0.0,0.0,0.0,,0.0,,2025-04-12T12:35:31.907432+00:00
34,8,c22767a61764921e2d999a21aebfe14e3aa9831770df2c98edfb4510bc352821,first_floor,Bathroom (AI),segment,,,6.0,1.0,1.0,4.0,417.0,39.0,556.0,114.0,,,10425.0,10244.5,0.9826858513189448,0.0,0.0,0.0,,0.0,,2025-04-12T12:35:31.907432+00:00
34,8,c22767a61764921e2d999a21aebfe14e3aa9831770df2c98edfb4510bc352821,first_floor,Bathroom (AI),segment,,,7.0,1.0,2.0,4.0,563.0,39.0,670.0,164.0,,,13375.0,12654.0,0.9460934579439252,0.0,0.0,0.0,,0.0,,2025-04-12T12:35:31.907432+00:00
34,8,c22767a61764921e2d999a21aebfe14e3aa9831770df2c98edfb4510bc352821,first_floor,Bathroom (AI),segment,,,8.0,3.0,0.0,4.0,417.0,123.0,556.0,166.0,,,5977.0,5816.5,0.9731470637443532,0.0,0.0,0.0,,0.0,,2025-04-12T12:35:31.907432+00:00
34,8,c22767a61764921e2d999a21aebfe14e3aa9831770df2c98edfb4510bc352821,first_floor,Hallway (AI),segment,,,9.0,1.0,0.0,5.0,207.0,172.0,375.0,211.0,,,6552.0,6365.0,0.9714590964590964,0.0,0.0,0.0,,0.0,,2025-04-12T12:35:31.907432+00:00
34,8,c22767a61764921e2d999a21aebfe14e3aa9831770df2c98edfb4510bc352821,first_floor,Closet (AI),segment,,,10.0,1.0,0.0,4.0,489.0,172.0,519.0,256.0,,,2520.0,2449.0,0.9718253968253968,0.0,0.0,0.0,,0.0,,2025-04-12T12:35:31.907432+00:00
34,8,c22767a61764921e2d999a21aebfe14e3aa9831770df2c98edfb4510bc352821,first_floor,Hallway (AI),segment,,,11.0,2.0,1.0,6.0,393.0,214.0,482.0,367.0,,,13617.0,9234.0,0.6781229345670853,0.0,0.0,0.0,,0.0,,2025-04-12T12:35:31.907432+00:00
34,8,c22767a61764921e2d999a21aebfe14e3aa9831770df2c98edfb4510bc352821,first_floor,stairs,object,,,,,,4.0,438.0,205.0,483.0,312.0,,,4815.0,4761.5,0.9888888888888888,0.0,0.0,0.0,,0.0,,2025-04-12T12:35:31.907432+00:00
34,8,c22767a61764921e2d999a21aebfe14e3aa9831770df2c98edfb4510bc352821,first_floor,stairs,object,,,,,,4.0,376.0,172.0,482.0,213.0,,,4346.0,4293.0,0.9878048780487804,0.0,0.0,0.0,,0.0,,2025-04-12T12:35:31.907432+00:00
34,8,c22767a61764921e2d999a21aebfe14e3aa9831770df2c98edfb4510bc352821,,,,,,,,,,,,,,,,,,,,,,,,,2025-04-12T12:35:31.907432+00:00
34,8,c22767a61764921e2d999a21aebfe14e3aa9831770df2c98edfb4510bc352821,garage,GARAGE,segment,"28'3"" x 20'8""",8.6m x 6.3m,1.0,1.0,1.0,9.0,47.0,44.0,505.0,558.0,54.18,583.8333333333334,235412.0,132744.0,0.5638794963723175,0.0002301496950028,0.0024800491620364,30.55,,329.21,,2025-04-12T12:35:31.907432+00:00
34,8,c22767a61764921e2d999a21aebfe14e3aa9831770df2c98edfb4510bc352821,,,,,,,,,,,,,,,,,,,,,,,,,2025-04-12T12:35:31.907432+00:00
53,8,287796b7c24a8d9caf240d3bade594badfb554b5b926a6f5d1a1fd0dff8840df,ground_floor,Dining Room,segment,"10'9"" x 10'6""",3.28m x 3.21m,1.0,2.0,1.0,6.0,893.0,79.0,1146.0,328.0,10.5288,112.875,62997.0,61027.5,0.9687366065050717,0.0001671317681794,0.0017917519881899,10.2,,109.35,,2025-04-12T12:35:31.907457+00:00
53,8,287796b7c24a8d9caf240d3bade594badfb554b5b926a6f5d1a1fd0dff8840df,ground_floor,Kitchen,segment,"10'6"" x 9'4""",3.20m x 2.84m,2.0,3.0,1.0,11.0,511.0,80.0,882.0,390.0,9.088,98.0,115010.0,85856.5,0.7465133466655074,7.901921572037213e-05,0.0008520998174071,6.78,,73.16,,2025-04-12T12:35:31.907457+00:00
53,8,287796b7c24a8d9caf240d3bade594badfb554b5b926a6f5d1a1fd0dff8840df,ground_floor,Utility,not segment,"10'1"" x 5'10""",3.07m x 1.78m,3.0,,,0.0,,,,,,,,,,0.0,0.0,0.0,,0.0,,2025-04-12T12:35:31.907457+00:00
53,8,287796b7c24a8d9caf240d3bade594badfb554b5b926a6f5d1a1fd0dff8840df,ground_floor,Living Room,segment,"16'3"" x 15'8""",4.96m x 4.78m,4.0,2.0,4.0,9.0,122.0,161.0,501.0,528.0,23.7088,254.5833333333333,139093.0,135618.5,0.9750203101522004,0.0001704528624733,0.0018303101761651,23.12,,248.22,,2025-04-12T12:35:31.907457+00:00
53,8,287796b7c24a8d9caf240d3bade594badfb554b5b926a6f5d1a1fd0dff8840df,ground_floor,Family Room,segment,"20'4"" x 10'10""",6.20m x 3.30m,5.0,1.0,2.0,8.0,666.0,480.0,1143.0,731.0,20.46,220.27777777777777,119727.0,110996.5,0.927079940197282,0.0001708887719562,0.0018398337699748,18.97,,204.22,,2025-04-12T12:35:31.907457+00:00
53,8,287796b7c24a8d9caf240d3bade594badfb554b5b926a6f5d1a1fd0dff8840df,ground_floor,Office/Family Room,not segment,"20'4"" x 10'10""",6.20m x 3.30m,6.0,,,0.0,,,,,,,,,,0.0,0.0,0.0,,0.0,,2025-04-12T12:35:31.907457+00:00
53,8,287796b7c24a8d9caf240d3bade594badfb554b5b926a6f5d1a1fd0dff8840df,ground_floor,Bathroom (AI),segment,,,7.0,1.0,0.0,4.0,666.0,337.0,817.0,400.0,,,9513.0,9301.0,0.9777147061915272,0.0,0.0,0.0,,0.0,,2025-04-12T12:35:31.907457+00:00
53,8,287796b7c24a8d9caf240d3bade594badfb554b5b926a6f5d1a1fd0dff8840df,ground_floor,Office / Family Room,segment,,,8.0,7.0,0.0,17.0,511.0,336.0,1021.0,527.0,,,97410.0,61148.5,0.6277435581562468,0.0,0.0,0.0,,0.0,,2025-04-12T12:35:31.907457+00:00
53,8,287796b7c24a8d9caf240d3bade594badfb554b5b926a6f5d1a1fd0dff8840df,ground_floor,Corridor (AI),not segment,,,9.0,,,0.0,,,,,,,,,,0.0,0.0,0.0,,0.0,,2025-04-12T12:35:31.907457+00:00
53,8,287796b7c24a8d9caf240d3bade594badfb554b5b926a6f5d1a1fd0dff8840df,ground_floor,Porch (AI),segment,,,10.0,1.0,0.0,4.0,67.0,405.0,107.0,528.0,,,4920.0,4577.5,0.9303861788617886,0.0,0.0,0.0,,0.0,,2025-04-12T12:35:31.907457+00:00
53,8,287796b7c24a8d9caf240d3bade594badfb554b5b926a6f5d1a1fd0dff8840df,ground_floor,stairs,object,,,,1.0,,4.0,1009.0,334.0,1147.0,417.0,,,11454.0,11099.0,0.9690064606251092,0.0,0.0,0.0,,0.0,,2025-04-12T12:35:31.907457+00:00
53,8,287796b7c24a8d9caf240d3bade594badfb554b5b926a6f5d1a1fd0dff8840df,ground_floor,stairs,object,,,,1.0,,4.0,1021.0,335.0,1148.0,472.0,,,17399.0,17137.0,0.9849416633139836,0.0,0.0,0.0,,0.0,,2025-04-12T12:35:31.907457+00:00
53,8,287796b7c24a8d9caf240d3bade594badfb554b5b926a6f5d1a1fd0dff8840df,,,,,,,,,,,,,,,,,,,,,,,,,2025-04-12T12:35:31.907457+00:00
53,8,287796b7c24a8d9caf240d3bade594badfb554b5b926a6f5d1a1fd0dff8840df,first_floor,Bedroom 4,segment,"11'8"" x 8'8""",3.55m x 2.64m,1.0,0.0,1.0,4.0,41.0,41.0,242.0,241.0,9.372,101.1111111111111,40200.0,39999.0,0.995,0.0002331343283582,0.0025152017689331,9.33,,100.61,,2025-04-12T12:35:31.907457+00:00
53,8,287796b7c24a8d9caf240d3bade594badfb554b5b926a6f5d1a1fd0dff8840df,first_floor,Bedroom 2,segment,"10'8"" x 9'5""",3.25m x 2.88m,2.0,2.0,1.0,7.0,298.0,40.0,518.0,288.0,9.36,100.44444444444444,54560.0,51107.0,0.9367118768328446,0.0001715542521994,0.0018409905506679,8.77,,94.09,,2025-04-12T12:35:31.907457+00:00
53,8,287796b7c24a8d9caf240d3bade594badfb554b5b926a6f5d1a1fd0dff8840df,first_floor,Loft Hatch,segment,,,3.0,6.0,0.0,10.0,180.0,223.0,400.0,431.0,,,45760.0,32273.5,0.705277534965035,0.0,0.0,0.0,,0.0,,2025-04-12T12:35:31.907457+00:00
53,8,287796b7c24a8d9caf240d3bade594badfb554b5b926a6f5d1a1fd0dff8840df,first_floor,Bedroom 3,segment,"10'11"" x 8'6""",3.33m x 2.59m,4.0,1.0,1.0,13.0,40.0,440.0,240.0,692.0,8.624699999999999,92.79166666666666,50400.0,48893.0,0.9700992063492064,0.0001711249999999,0.0018411044973544,8.37,,90.02,,2025-04-12T12:35:31.907457+00:00
53,8,287796b7c24a8d9caf240d3bade594badfb554b5b926a6f5d1a1fd0dff8840df,first_floor,Bedroom 1,segment,"11'7"" x 10'10""",3.53m x 3.30m,5.0,1.0,1.0,9.0,249.0,440.0,518.0,693.0,11.649,125.48611111111111,68057.0,61832.5,0.9085399003776248,0.0001711653466946,0.0018438384164907,10.58,,114.01,,2025-04-12T12:35:31.907457+00:00
53,8,287796b7c24a8d9caf240d3bade594badfb554b5b926a6f5d1a1fd0dff8840df,first_floor,Storage Room (AI),segment,,,6.0,1.0,0.0,4.0,252.0,41.0,293.0,148.0,,,4387.0,4260.5,0.971164805105995,0.0,0.0,0.0,,0.0,,2025-04-12T12:35:31.907457+00:00
53,8,287796b7c24a8d9caf240d3bade594badfb554b5b926a6f5d1a1fd0dff8840df,first_floor,Hallway (AI),segment,,,7.0,1.0,0.0,5.0,250.0,158.0,312.0,219.0,,,3782.0,3486.0,0.9217345319936542,0.0,0.0,0.0,,0.0,,2025-04-12T12:35:31.907457+00:00
53,8,287796b7c24a8d9caf240d3bade594badfb554b5b926a6f5d1a1fd0dff8840df,first_floor,Bathroom (AI),segment,,,8.0,1.0,1.0,7.0,40.0,250.0,195.0,431.0,,,28055.0,24986.5,0.8906255569417216,0.0,0.0,0.0,,0.0,,2025-04-12T12:35:31.907457+00:00
53,8,287796b7c24a8d9caf240d3bade594badfb554b5b926a6f5d1a1fd0dff8840df,first_floor,Storage Room (AI),segment,,,9.0,1.0,0.0,4.0,204.0,250.0,242.0,305.0,,,2090.0,2090.0,1.0,0.0,0.0,0.0,,0.0,,2025-04-12T12:35:31.907457+00:00
53,8,287796b7c24a8d9caf240d3bade594badfb554b5b926a6f5d1a1fd0dff8840df,first_floor,stairs,object,,,,,,4.0,401.0,299.0,518.0,431.0,,,15444.0,15444.0,1.0,0.0,0.0,0.0,,0.0,,2025-04-12T12:35:31.907457+00:00
53,8,287796b7c24a8d9caf240d3bade594badfb554b5b926a6f5d1a1fd0dff8840df,first_floor,stairs,object,,,,,,4.0,362.0,441.0,480.0,479.0,,,4484.0,4484.0,1.0,0.0,0.0,0.0,,0.0,,2025-04-12T12:35:31.907457+00:00
53,8,287796b7c24a8d9caf240d3bade594badfb554b5b926a6f5d1a1fd0dff8840df,first_floor,stairs,object,,,,,,4.0,401.0,367.0,451.0,432.0,,,3250.0,3137.0,0.9652307692307692,0.0,0.0,0.0,,0.0,,2025-04-12T12:35:31.907457+00:00
53,8,287796b7c24a8d9caf240d3bade594badfb554b5b926a6f5d1a1fd0dff8840df,,,,,,,,,,,,,,,,,,,,,,,,,2025-04-12T12:35:31.907457+00:00
53,8,287796b7c24a8d9caf240d3bade594badfb554b5b926a6f5d1a1fd0dff8840df,garage,Garage,segment,"16'10"" x 8'3""",5.12m x 2.52m,1.0,1.0,1.0,7.0,74.0,39.0,471.0,231.0,12.9024,138.875,76224.0,75302.5,0.9879106318219985,0.0001692695214105,0.0018219327246011,12.75,,137.2,,2025-04-12T12:35:31.907457+00:00
53,8,287796b7c24a8d9caf240d3bade594badfb554b5b926a6f5d1a1fd0dff8840df,,,,,,,,,,,,,,,,,,,,,,,,,2025-04-12T12:35:31.907457+00:00
41,8,5234e1b2987ef39e5aba21844555305b0a1731b8956b9379defc104c31c804ef,ground_floor,CONSERVATORY,segment,"17'4"" x 16'2""",5.28m x 4.93m,1.0,3.0,2.0,18.0,51.0,118.0,474.0,556.0,26.0304,280.22222222222223,185274.0,175418.5,0.9468058119325972,0.0001404967777453,0.0015124746171736,24.65,,265.32,,2025-04-12T12:35:31.907482+00:00
41,8,5234e1b2987ef39e5aba21844555305b0a1731b8956b9379defc104c31c804ef,ground_floor,RECEPTION ROOM,segment,"22'4"" x 10'11""",6.81m x 3.33m,2.0,2.0,4.0,10.0,50.0,584.0,349.0,1198.0,22.6773,243.80555555555557,183586.0,179032.5,0.9751969104397938,0.0001235241249332,0.0013280182342638,22.11,,237.76,,2025-04-12T12:35:31.907482+00:00
41,8,5234e1b2987ef39e5aba21844555305b0a1731b8956b9379defc104c31c804ef,ground_floor,KITCHEN,segment,"13'8"" x 9'3""",4.17m x 2.82m,3.0,1.0,1.0,5.0,363.0,587.0,618.0,966.0,11.7594,126.41666666666666,96645.0,95878.5,0.9920689119975168,0.0001216762377774,0.0013080518047148,11.67,,125.41,,2025-04-12T12:35:31.907482+00:00
41,8,5234e1b2987ef39e5aba21844555305b0a1731b8956b9379defc104c31c804ef,ground_floor,BEDROOM 3,segment,"10'11"" x 10'4""",3.33m x 3.15m,4.0,2.0,3.0,21.0,50.0,1211.0,349.0,1545.0,10.4895,112.80555555555556,99866.0,77405.0,0.7750886187491238,0.0001050357479021,0.0011295691782544,8.13,,87.43,,2025-04-12T12:35:31.907482+00:00
41,8,5234e1b2987ef39e5aba21844555305b0a1731b8956b9379defc104c31c804ef,ground_floor,BEDROOM 4,segment,"9'4"" x 9'2""",2.84m x 2.79m,5.0,1.0,3.0,12.0,363.0,1293.0,618.0,1545.0,7.923599999999999,85.55555555555556,64260.0,53562.0,0.8335200746965453,0.0001233053221288,0.0013313967562333,6.6,,71.31,,2025-04-12T12:35:31.907482+00:00
41,8,5234e1b2987ef39e5aba21844555305b0a1731b8956b9379defc104c31c804ef,ground_floor,Kitchen,segment,,,6.0,1.0,1.0,9.0,363.0,976.0,617.0,1200.0,,,56896.0,39744.5,0.6985464707536558,0.0,0.0,0.0,,0.0,,2025-04-12T12:35:31.907482+00:00
41,8,5234e1b2987ef39e5aba21844555305b0a1731b8956b9379defc104c31c804ef,ground_floor,Bedroom 4,segment,"9'4"" x 9'2""",2.84m x 2.79m,7.0,7.0,0.0,11.0,265.0,1126.0,634.0,1283.0,7.923599999999999,85.55555555555556,57933.0,34241.5,0.5910534583052837,0.0001367717881,0.0014768017460783,4.68,,50.57,,2025-04-12T12:35:31.907482+00:00
41,8,5234e1b2987ef39e5aba21844555305b0a1731b8956b9379defc104c31c804ef,ground_floor,Storage (AI),segment,,,8.0,1.0,0.0,4.0,193.0,1211.0,260.0,1252.0,,,2747.0,2444.5,0.8898798689479432,0.0,0.0,0.0,,0.0,,2025-04-12T12:35:31.907482+00:00
41,8,5234e1b2987ef39e5aba21844555305b0a1731b8956b9379defc104c31c804ef,ground_floor,stairs,object,,,,,,4.0,539.0,1126.0,618.0,1202.0,,,6004.0,5851.0,0.9745169886742172,0.0,0.0,0.0,,0.0,,2025-04-12T12:35:31.907482+00:00
41,8,5234e1b2987ef39e5aba21844555305b0a1731b8956b9379defc104c31c804ef,,,,,,,,,,,,,,,,,,,,,,,,,2025-04-12T12:35:31.907482+00:00
41,8,5234e1b2987ef39e5aba21844555305b0a1731b8956b9379defc104c31c804ef,first_floor,BEDROOM,segment,"19'2"" x 11'2""",5.84m x 3.40m,1.0,1.0,1.0,8.0,36.0,51.0,341.0,581.0,19.856,214.02777777777777,161650.0,129507.0,0.8011568202907516,0.0001228332817816,0.001324019658384,15.91,,171.47,,2025-04-12T12:35:31.907482+00:00
41,8,5234e1b2987ef39e5aba21844555305b0a1731b8956b9379defc104c31c804ef,first_floor,BEDROOM 2,segment,"11'1"" x 6'2""",3.38m x 1.88m,2.0,0.0,0.0,5.0,36.0,669.0,341.0,840.0,6.354399999999999,68.34722222222223,52155.0,51411.5,0.9857444156840188,0.0001218368325184,0.0013104634689334,6.26,,67.37,,2025-04-12T12:35:31.907482+00:00
41,8,5234e1b2987ef39e5aba21844555305b0a1731b8956b9379defc104c31c804ef,first_floor,Bathroom (AI),segment,,,3.0,1.0,0.0,4.0,193.0,405.0,341.0,576.0,,,25308.0,24845.0,0.9817053896001264,0.0,0.0,0.0,,0.0,,2025-04-12T12:35:31.907482+00:00
41,8,5234e1b2987ef39e5aba21844555305b0a1731b8956b9379defc104c31c804ef,first_floor,DN (AI),segment,,,4.0,2.0,0.0,10.0,108.0,586.0,341.0,658.0,,,16776.0,5834.5,0.3477885073915117,0.0,0.0,0.0,,0.0,,2025-04-12T12:35:31.907482+00:00
41,8,5234e1b2987ef39e5aba21844555305b0a1731b8956b9379defc104c31c804ef,first_floor,Closet (AI),segment,,,5.0,1.0,0.0,5.0,36.0,588.0,103.0,656.0,,,4556.0,4342.0,0.9530289727831432,0.0,0.0,0.0,,0.0,,2025-04-12T12:35:31.907482+00:00
41,8,5234e1b2987ef39e5aba21844555305b0a1731b8956b9379defc104c31c804ef,first_floor,stairs,object,,,,,,4.0,178.0,590.0,326.0,656.0,,,9768.0,9620.0,0.9848484848484848,0.0,0.0,0.0,,0.0,,2025-04-12T12:35:31.907482+00:00
41,8,5234e1b2987ef39e5aba21844555305b0a1731b8956b9379defc104c31c804ef,,,,,,,,,,,,,,,,,,,,,,,,,2025-04-12T12:35:31.907482+00:00
41,8,5234e1b2987ef39e5aba21844555305b0a1731b8956b9379defc104c31c804ef,garage,GARAGE,segment,"16'0"" x 8'0""",4.88m x 2.44m,1.0,1.0,1.0,14.0,99.0,50.0,337.0,497.0,11.9072,128.0,106386.0,97009.5,0.9118634030793524,0.0001119245013441,0.0012031658300904,10.86,,116.72,,2025-04-12T12:35:31.907482+00:00
41,8,5234e1b2987ef39e5aba21844555305b0a1731b8956b9379defc104c31c804ef,garage,Garage,segment,,,2.0,0.0,0.0,8.0,25.0,104.0,75.0,148.0,,,2200.0,909.5,0.4134090909090909,0.0,0.0,0.0,,0.0,,2025-04-12T12:35:31.907482+00:00
41,8,5234e1b2987ef39e5aba21844555305b0a1731b8956b9379defc104c31c804ef,,,,,,,,,,,,,,,,,,,,,,,,,2025-04-12T12:35:31.907482+00:00
26,8,1c076789450602e9d6c9a8029b07eb6ea4e8852ba08716317d022cbd15ed5c67,first_floor,Landing (AI),segment,,,8.0,6.0,0.0,5.0,359.0,273.0,434.0,508.0,,,17625.0,17172.5,0.9743262411347516,0.0,0.0,0.0,,0.0,,2025-04-12T12:35:31.907507+00:00
26,8,1c076789450602e9d6c9a8029b07eb6ea4e8852ba08716317d022cbd15ed5c67,ground_floor,Utility Room,segment,"12'5"" x 7'9""",3.78m x 2.36m,1.0,3.0,1.0,5.0,625.0,96.0,844.0,438.0,8.9208,96.22916666666666,74898.0,73247.0,0.977956687762023,0.0001191059841384,0.0012848028874825,8.72,,94.11,,2025-04-12T12:35:31.907507+00:00
26,8,1c076789450602e9d6c9a8029b07eb6ea4e8852ba08716317d022cbd15ed5c67,ground_floor,Dining Room,segment,"10'11"" x 9'9""",3.32m x 2.97m,2.0,2.0,0.0,6.0,48.0,102.0,315.0,405.0,9.8604,106.4375,80901.0,80022.5,0.9891410489363544,0.0001218823005896,0.0013156512280441,9.75,,105.28,,2025-04-12T12:35:31.907507+00:00
26,8,1c076789450602e9d6c9a8029b07eb6ea4e8852ba08716317d022cbd15ed5c67,ground_floor,Kitchen/Breakfast Room,segment,"13'5"" x 10'0""",4.09m x 3.04m,3.0,3.0,1.0,6.0,326.0,105.0,600.0,474.0,12.4336,134.16666666666666,101106.0,100409.0,0.9931062449310624,0.0001229758866931,0.0013269901555463,12.35,,133.24,,2025-04-12T12:35:31.907507+00:00
26,8,1c076789450602e9d6c9a8029b07eb6ea4e8852ba08716317d022cbd15ed5c67,ground_floor,Sitting Room,segment,"17'11"" x 12'5""",5.46m x 3.78m,4.0,1.0,0.0,13.0,48.0,415.0,388.0,909.0,20.6388,222.46527777777777,167960.0,151617.0,0.9026970707311264,0.0001228792569659,0.0013245134423539,18.63,,200.82,,2025-04-12T12:35:31.907507+00:00
26,8,1c076789450602e9d6c9a8029b07eb6ea4e8852ba08716317d022cbd15ed5c67,ground_floor,Garage,segment,"17'3"" x 8'2""",5.26m x 2.50m,5.0,1.0,0.0,6.0,624.0,450.0,849.0,913.0,13.15,140.875,104175.0,100212.5,0.9619630429565634,0.0001262299016078,0.0013522918166546,12.65,,135.52,,2025-04-12T12:35:31.907507+00:00
26,8,1c076789450602e9d6c9a8029b07eb6ea4e8852ba08716317d022cbd15ed5c67,ground_floor,Hall,segment,,,6.0,5.0,0.0,10.0,399.0,484.0,600.0,845.0,,,72561.0,44157.0,0.6085500475462025,0.0,0.0,0.0,,0.0,,2025-04-12T12:35:31.907507+00:00
26,8,1c076789450602e9d6c9a8029b07eb6ea4e8852ba08716317d022cbd15ed5c67,ground_floor,Cbd,not segment,,,7.0,,,0.0,,,,,,,,,,0.0,0.0,0.0,,0.0,,2025-04-12T12:35:31.907507+00:00
26,8,1c076789450602e9d6c9a8029b07eb6ea4e8852ba08716317d022cbd15ed5c67,ground_floor,Up,not segment,,,8.0,,,0.0,,,,,,,,,,0.0,0.0,0.0,,0.0,,2025-04-12T12:35:31.907507+00:00
26,8,1c076789450602e9d6c9a8029b07eb6ea4e8852ba08716317d022cbd15ed5c67,ground_floor,WC,segment,,,9.0,1.0,0.0,5.0,520.0,711.0,599.0,844.0,,,10507.0,10428.0,0.9924812030075189,0.0,0.0,0.0,,0.0,,2025-04-12T12:35:31.907507+00:00
26,8,1c076789450602e9d6c9a8029b07eb6ea4e8852ba08716317d022cbd15ed5c67,ground_floor,stairs,object,,,,,,4.0,514.0,556.0,601.0,700.0,,,12528.0,12045.0,0.9614463601532568,0.0,0.0,0.0,,0.0,,2025-04-12T12:35:31.907507+00:00
26,8,1c076789450602e9d6c9a8029b07eb6ea4e8852ba08716317d022cbd15ed5c67,,,,,,,,,,,,,,,,,,,,,,,,,2025-04-12T12:35:31.907507+00:00
26,8,1c076789450602e9d6c9a8029b07eb6ea4e8852ba08716317d022cbd15ed5c67,first_floor,Bedroom 4,segment,"8'10"" x 6'9""",2.69m x 2.07m,1.0,1.0,1.0,6.0,360.0,45.0,600.0,264.0,5.5683,59.62500000000001,52560.0,47304.5,0.9000095129375951,0.0001059417808219,0.0011344178082191,5.01,,53.66,,2025-04-12T12:35:31.907507+00:00
26,8,1c076789450602e9d6c9a8029b07eb6ea4e8852ba08716317d022cbd15ed5c67,first_floor,Bedroom 2,segment,"11'0"" x 10'11""",3.35m x 3.32m,2.0,1.0,1.0,4.0,47.0,46.0,348.0,345.0,11.122,120.08333333333331,89999.0,89849.5,0.9983388704318936,0.0001235791508794,0.0013342740845268,11.1,,119.88,,2025-04-12T12:35:31.907507+00:00
26,8,1c076789450602e9d6c9a8029b07eb6ea4e8852ba08716317d022cbd15ed5c67,first_floor,Bathroom,segment,,,3.0,1.0,1.0,4.0,444.0,245.0,600.0,419.0,,,27144.0,26739.0,0.985079575596817,0.0,0.0,0.0,,0.0,,2025-04-12T12:35:31.907507+00:00
26,8,1c076789450602e9d6c9a8029b07eb6ea4e8852ba08716317d022cbd15ed5c67,first_floor,Ensuite,segment,,,4.0,1.0,1.0,6.0,47.0,355.0,206.0,446.0,,,14469.0,14038.5,0.9702467343976778,0.0,0.0,0.0,,0.0,,2025-04-12T12:35:31.907507+00:00
26,8,1c076789450602e9d6c9a8029b07eb6ea4e8852ba08716317d022cbd15ed5c67,first_floor,A/C,segment,,,5.0,1.0,0.0,4.0,287.0,356.0,351.0,424.0,,,4352.0,4160.0,0.9558823529411764,0.0,0.0,0.0,,0.0,,2025-04-12T12:35:31.907507+00:00
26,8,1c076789450602e9d6c9a8029b07eb6ea4e8852ba08716317d022cbd15ed5c67,first_floor,Master Bedroom,segment,"12'9"" x 11'0""",3.88m x 3.35m,6.0,3.0,1.0,7.0,49.0,436.0,349.0,785.0,12.998,140.25,104700.0,100842.0,0.9631518624641834,0.0001241451766953,0.0013395415472779,12.52,,135.08,,2025-04-12T12:35:31.907507+00:00
26,8,1c076789450602e9d6c9a8029b07eb6ea4e8852ba08716317d022cbd15ed5c67,first_floor,Bedroom 3,segment,"9'8"" x 8'10""",2.95m x 2.68m,7.0,1.0,1.0,8.0,360.0,519.0,601.0,786.0,7.906000000000001,85.38888888888889,64347.0,55954.0,0.8695665687600044,0.0001228650908356,0.001327006525384,6.87,,74.25,,2025-04-12T12:35:31.907507+00:00
26,8,1c076789450602e9d6c9a8029b07eb6ea4e8852ba08716317d022cbd15ed5c67,first_floor,A/C,segment,,,9.0,0.0,0.0,5.0,212.0,356.0,275.0,423.0,,,4221.0,4091.5,0.9693200663349916,0.0,0.0,0.0,,0.0,,2025-04-12T12:35:31.907507+00:00
26,8,1c076789450602e9d6c9a8029b07eb6ea4e8852ba08716317d022cbd15ed5c67,first_floor,stairs,object,,,,,1.0,4.0,435.0,430.0,603.0,508.0,,,13104.0,13104.0,1.0,0.0,0.0,0.0,,0.0,,2025-04-12T12:35:31.907507+00:00
26,8,1c076789450602e9d6c9a8029b07eb6ea4e8852ba08716317d022cbd15ed5c67,first_floor,stairs,object,,,,,,4.0,522.0,508.0,599.0,579.0,,,5467.0,5390.0,0.9859154929577464,0.0,0.0,0.0,,0.0,,2025-04-12T12:35:31.907507+00:00
26,8,1c076789450602e9d6c9a8029b07eb6ea4e8852ba08716317d022cbd15ed5c67,,,,,,,,,,,,,,,,,,,,,,,,,2025-04-12T12:35:31.907507+00:00
54,8,f036e92018a51ab099b147e958c5290b1f9cf383ae443c55e0a163cc3480897d,ground_floor,Dining Room,segment,"13'9"" x 11'3""",4.20m x 3.44m,1.0,2.0,3.0,15.0,48.0,122.0,670.0,721.0,14.448,154.6875,372578.0,212600.5,0.5706201117618325,3.877845712844022e-05,0.0004151815190376,8.24,,88.27,,2025-04-12T12:35:31.907532+00:00
54,8,f036e92018a51ab099b147e958c5290b1f9cf383ae443c55e0a163cc3480897d,ground_floor,Kitchen,not segment,"18'11"" x 12'7""",5.76m x 3.83m,2.0,,,0.0,,,,,,,,,,0.0,0.0,0.0,,0.0,,2025-04-12T12:35:31.907532+00:00
54,8,f036e92018a51ab099b147e958c5290b1f9cf383ae443c55e0a163cc3480897d,ground_floor,Reception Room,segment,"13'11"" x 13'9""",4.23m x 4.19m,3.0,4.0,3.0,19.0,313.0,490.0,670.0,1082.0,17.723700000000004,191.35416666666663,211344.0,122059.0,0.5775370959194489,8.386185555303204e-05,0.0009054156572538,10.24,,110.51,,2025-04-12T12:35:31.907532+00:00
54,8,f036e92018a51ab099b147e958c5290b1f9cf383ae443c55e0a163cc3480897d,ground_floor,Reception Room,segment,"18'5"" x 9'7""",5.62m x 2.93m,4.0,1.0,3.0,10.0,49.0,616.0,299.0,1083.0,16.4666,176.49305555555557,116750.0,107868.0,0.9239229122055674,0.0001410415417558,0.0015117178206043,15.21,,163.07,,2025-04-12T12:35:31.907532+00:00
54,8,f036e92018a51ab099b147e958c5290b1f9cf383ae443c55e0a163cc3480897d,ground_floor,Bathroom (AI),segment,,,5.0,2.0,0.0,6.0,539.0,403.0,597.0,477.0,,,4292.0,4055.0,0.9447809878844362,0.0,0.0,0.0,,0.0,,2025-04-12T12:35:31.907532+00:00
54,8,f036e92018a51ab099b147e958c5290b1f9cf383ae443c55e0a163cc3480897d,ground_floor,Bathroom (AI),segment,,,6.0,1.0,0.0,5.0,609.0,403.0,670.0,504.0,,,6161.0,5986.5,0.9716766758643076,0.0,0.0,0.0,,0.0,,2025-04-12T12:35:31.907532+00:00
54,8,f036e92018a51ab099b147e958c5290b1f9cf383ae443c55e0a163cc3480897d,ground_floor,WC (AI),segment,,,7.0,2.0,0.0,5.0,596.0,955.0,670.0,1015.0,,,4440.0,4009.0,0.902927927927928,0.0,0.0,0.0,,0.0,,2025-04-12T12:35:31.907532+00:00
54,8,f036e92018a51ab099b147e958c5290b1f9cf383ae443c55e0a163cc3480897d,ground_floor,stairs,object,,,,,,4.0,597.0,518.0,673.0,649.0,,,9956.0,9890.5,0.993421052631579,0.0,0.0,0.0,,0.0,,2025-04-12T12:35:31.907532+00:00
54,8,f036e92018a51ab099b147e958c5290b1f9cf383ae443c55e0a163cc3480897d,,,,,,,,,,,,,,,,,,,,,,,,,2025-04-12T12:35:31.907532+00:00
54,8,f036e92018a51ab099b147e958c5290b1f9cf383ae443c55e0a163cc3480897d,first_floor,Bedroom,segment,"13'9"" x 10'11""",4.20m x 3.34m,1.0,5.0,1.0,14.0,319.0,49.0,668.0,329.0,14.028,150.10416666666666,97720.0,95133.5,0.9735315186246418,0.0001435530085959,0.0015360639241369,13.66,,146.13,,2025-04-12T12:35:31.907532+00:00
54,8,f036e92018a51ab099b147e958c5290b1f9cf383ae443c55e0a163cc3480897d,first_floor,Bedroom,segment,"12'8"" x 9'2""",3.87m x 2.79m,2.0,1.0,1.0,5.0,207.0,341.0,527.0,573.0,10.7973,116.1111111111111,74240.0,73647.0,0.9920123922413792,0.0001454377693965,0.0015639966475095,10.71,,115.18,,2025-04-12T12:35:31.907532+00:00
54,8,f036e92018a51ab099b147e958c5290b1f9cf383ae443c55e0a163cc3480897d,first_floor,Bedroom,segment,"10'11"" x 9'10""",3.33m x 3.00m,3.0,1.0,1.0,7.0,50.0,658.0,301.0,934.0,9.99,107.34722222222224,69276.0,66039.0,0.9532738610774294,0.0001442057855534,0.0015495586093628,9.52,,102.33,,2025-04-12T12:35:31.907532+00:00
54,8,f036e92018a51ab099b147e958c5290b1f9cf383ae443c55e0a163cc3480897d,first_floor,Bedroom,segment,"13'8"" x 11'0""",4.17m x 3.36m,4.0,4.0,2.0,9.0,314.0,659.0,613.0,934.0,14.0112,150.33333333333331,82225.0,81019.5,0.9853390088172695,0.000170400729705,0.0018283166109253,13.81,,148.13,,2025-04-12T12:35:31.907532+00:00
54,8,f036e92018a51ab099b147e958c5290b1f9cf383ae443c55e0a163cc3480897d,first_floor,Hallway (AI),segment,,,5.0,6.0,0.0,10.0,206.0,341.0,668.0,645.0,,,140448.0,39878.5,0.2839378275233538,0.0,0.0,0.0,,0.0,,2025-04-12T12:35:31.907532+00:00
54,8,f036e92018a51ab099b147e958c5290b1f9cf383ae443c55e0a163cc3480897d,first_floor,Bathroom (AI),segment,,,6.0,1.0,2.0,5.0,50.0,342.0,193.0,645.0,,,43329.0,42094.5,0.9715086893304716,0.0,0.0,0.0,,0.0,,2025-04-12T12:35:31.907532+00:00
54,8,f036e92018a51ab099b147e958c5290b1f9cf383ae443c55e0a163cc3480897d,first_floor,Hallway (AI),segment,,,7.0,1.0,0.0,4.0,606.0,552.0,668.0,646.0,,,5828.0,5251.0,0.9009951956074124,0.0,0.0,0.0,,0.0,,2025-04-12T12:35:31.907532+00:00
54,8,f036e92018a51ab099b147e958c5290b1f9cf383ae443c55e0a163cc3480897d,first_floor,Storage Room (AI),segment,,,8.0,0.0,0.0,4.0,50.0,659.0,86.0,721.0,,,2232.0,2122.5,0.9509408602150538,0.0,0.0,0.0,,0.0,,2025-04-12T12:35:31.907532+00:00
54,8,f036e92018a51ab099b147e958c5290b1f9cf383ae443c55e0a163cc3480897d,first_floor,Bedroom,segment,,,9.0,3.0,0.0,4.0,618.0,659.0,668.0,934.0,,,13750.0,13085.0,0.9516363636363636,0.0,0.0,0.0,,0.0,,2025-04-12T12:35:31.907532+00:00
54,8,f036e92018a51ab099b147e958c5290b1f9cf383ae443c55e0a163cc3480897d,first_floor,stairs,object,,,,,,4.0,601.0,364.0,669.0,550.0,,,12648.0,12369.0,0.9779411764705882,0.0,0.0,0.0,,0.0,,2025-04-12T12:35:31.907532+00:00
54,8,f036e92018a51ab099b147e958c5290b1f9cf383ae443c55e0a163cc3480897d,,,,,,,,,,,,,,,,,,,,,,,,,2025-04-12T12:35:31.907532+00:00
43,8,f3afac2dfdafa1f91b65b550a7c76475d7b94bb4b330d2684af510a98fe84732,ground_floor,stairs,object,,,,,,4.0,337.0,733.0,412.0,940.0,,,15525.0,15281.5,0.984315619967794,0.0,0.0,0.0,,0.0,,2025-04-12T12:35:31.907556+00:00
43,8,f3afac2dfdafa1f91b65b550a7c76475d7b94bb4b330d2684af510a98fe84732,,,,,,,,,,,,,,,,,,,,,,,,,2025-04-12T12:35:31.907556+00:00
43,8,f3afac2dfdafa1f91b65b550a7c76475d7b94bb4b330d2684af510a98fe84732,ground_floor,Kitchen / Sitting Room,segment,"33'6"" x 25'8""",10.21m x 7.82m,1.0,3.0,3.0,11.0,113.0,97.0,787.0,918.0,79.8422,859.8333333333334,553354.0,406862.5,0.735266212948673,0.0001442877434698,0.0015538576270042,58.71,,632.21,,2025-04-12T12:35:31.907556+00:00
43,8,f3afac2dfdafa1f91b65b550a7c76475d7b94bb4b330d2684af510a98fe84732,ground_floor,Bedroom 4,segment,"8'10"" x 7'8""",2.69m x 2.34m,2.0,4.0,1.0,14.0,975.0,416.0,1417.0,649.0,6.294599999999999,67.72222222222223,102986.0,58294.0,0.5660381022663274,6.11209290583186e-05,0.0006575866838426,3.56,,38.33,,2025-04-12T12:35:31.907556+00:00
43,8,f3afac2dfdafa1f91b65b550a7c76475d7b94bb4b330d2684af510a98fe84732,ground_floor,Bedroom 3,segment,,,3.0,1.0,1.0,5.0,1430.0,416.0,1648.0,636.0,,,47960.0,47061.5,0.9812656380316932,0.0,0.0,0.0,,0.0,,2025-04-12T12:35:31.907556+00:00
43,8,f3afac2dfdafa1f91b65b550a7c76475d7b94bb4b330d2684af510a98fe84732,ground_floor,Utility,segment,"11'10"" x 6'5""",3.61m x 1.96m,4.0,3.0,0.0,9.0,109.0,489.0,420.0,648.0,7.0756,75.93055555555556,49449.0,40122.0,0.8113814232845963,0.0001430888390058,0.0015355326812585,5.74,,61.61,,2025-04-12T12:35:31.907556+00:00
43,8,f3afac2dfdafa1f91b65b550a7c76475d7b94bb4b330d2684af510a98fe84732,ground_floor,Bedroom 2,segment,"8'3"" x 11'3""",2.51m x 3.43m,5.0,1.0,1.0,7.0,975.0,643.0,1189.0,917.0,8.6093,92.8125,58636.0,57730.0,0.9845487413875434,0.0001468261818677,0.0015828586533869,8.48,,91.38,,2025-04-12T12:35:31.907556+00:00
43,8,f3afac2dfdafa1f91b65b550a7c76475d7b94bb4b330d2684af510a98fe84732,ground_floor,Bedroom 1,segment,,,6.0,1.0,1.0,7.0,1287.0,647.0,1648.0,916.0,,,97109.0,90600.5,0.9329773759383784,0.0,0.0,0.0,,0.0,,2025-04-12T12:35:31.907556+00:00
43,8,f3afac2dfdafa1f91b65b550a7c76475d7b94bb4b330d2684af510a98fe84732,ground_floor,Garage,segment,"14'10"" x 9'10""",4.52m x 3.00m,7.0,0.0,0.0,9.0,68.0,770.0,325.0,1141.0,13.56,145.86111111111111,95347.0,92550.5,0.9706702885250716,0.0001422173744323,0.0015297923491154,13.16,,141.58,,2025-04-12T12:35:31.907556+00:00
43,8,f3afac2dfdafa1f91b65b550a7c76475d7b94bb4b330d2684af510a98fe84732,ground_floor,Bedroom 4,segment,,,8.0,1.0,1.0,4.0,1188.0,416.0,1418.0,554.0,,,31740.0,30878.0,0.9728418399495904,0.0,0.0,0.0,,0.0,,2025-04-12T12:35:31.907556+00:00
43,8,f3afac2dfdafa1f91b65b550a7c76475d7b94bb4b330d2684af510a98fe84732,ground_floor,Utility,segment,,,9.0,1.0,0.0,8.0,112.0,586.0,247.0,757.0,,,23085.0,17810.0,0.7714966428416721,0.0,0.0,0.0,,0.0,,2025-04-12T12:35:31.907556+00:00
43,8,f3afac2dfdafa1f91b65b550a7c76475d7b94bb4b330d2684af510a98fe84732,ground_floor,Down,segment,,,10.0,0.0,0.0,5.0,1287.0,648.0,1343.0,704.0,,,3136.0,2830.5,0.9025829081632653,0.0,0.0,0.0,,0.0,,2025-04-12T12:35:31.907556+00:00
43,8,f3afac2dfdafa1f91b65b550a7c76475d7b94bb4b330d2684af510a98fe84732,ground_floor,Utility,segment,,,11.0,0.0,0.0,6.0,338.0,660.0,413.0,733.0,,,5475.0,4945.0,0.9031963470319636,0.0,0.0,0.0,,0.0,,2025-04-12T12:35:31.907556+00:00
43,8,f3afac2dfdafa1f91b65b550a7c76475d7b94bb4b330d2684af510a98fe84732,ground_floor,Garage,segment,,,12.0,2.0,2.0,6.0,337.0,928.0,522.0,1046.0,,,21830.0,20282.0,0.9290884104443426,0.0,0.0,0.0,,0.0,,2025-04-12T12:35:31.907556+00:00
43,8,f3afac2dfdafa1f91b65b550a7c76475d7b94bb4b330d2684af510a98fe84732,ground_floor,stairs,object,,,,,,4.0,1200.0,649.0,1276.0,914.0,,,20140.0,20102.0,0.9981132075471698,0.0,0.0,0.0,,0.0,,2025-04-12T12:35:31.907556+00:00
35,8,46989ebfb72019fec7151fb4d3ef3d54a89d2b9682cbafbb21bfa064cdfaaaf3,ground_floor,Kitchen/Dining Room,segment,"18'3"" x 12'2""",5.55m x 3.70m,1.0,3.0,3.0,4.0,89.0,47.0,586.0,377.0,20.535,222.04166666666663,164010.0,163597.0,0.9974818608621424,0.0001252057801353,0.0013538300510131,20.48,,221.48,,2025-04-12T12:35:31.907581+00:00
35,8,46989ebfb72019fec7151fb4d3ef3d54a89d2b9682cbafbb21bfa064cdfaaaf3,ground_floor,Living Room,segment,"15'9"" x 15'1""",4.81m x 4.59m,2.0,3.0,2.0,10.0,89.0,401.0,500.0,832.0,22.0779,237.5625,177141.0,163962.5,0.9256044619822628,0.0001246346131048,0.0013410926888749,20.44,,219.89,,2025-04-12T12:35:31.907581+00:00
35,8,46989ebfb72019fec7151fb4d3ef3d54a89d2b9682cbafbb21bfa064cdfaaaf3,ground_floor,Utility,segment,"8'9"" x 5'9""",2.66m x 1.74m,3.0,2.0,0.0,6.0,515.0,483.0,670.0,728.0,4.6284,50.3125,37975.0,36497.0,0.9610796576695194,0.0001218801843317,0.0013248847926267,4.45,,48.35,,2025-04-12T12:35:31.907581+00:00
35,8,46989ebfb72019fec7151fb4d3ef3d54a89d2b9682cbafbb21bfa064cdfaaaf3,ground_floor,Store,segment,,,4.0,1.0,0.0,6.0,597.0,855.0,669.0,922.0,,,4824.0,4154.5,0.8612147595356551,0.0,0.0,0.0,,0.0,,2025-04-12T12:35:31.907581+00:00
35,8,46989ebfb72019fec7151fb4d3ef3d54a89d2b9682cbafbb21bfa064cdfaaaf3,ground_floor,Utility,segment,,,5.0,1.0,0.0,5.0,515.0,401.0,669.0,470.0,,,10626.0,9327.0,0.8777526821005082,0.0,0.0,0.0,,0.0,,2025-04-12T12:35:31.907581+00:00
35,8,46989ebfb72019fec7151fb4d3ef3d54a89d2b9682cbafbb21bfa064cdfaaaf3,ground_floor,Utility,segment,,,6.0,4.0,0.0,5.0,513.0,742.0,601.0,833.0,,,8008.0,7342.0,0.9168331668331668,0.0,0.0,0.0,,0.0,,2025-04-12T12:35:31.907581+00:00
35,8,46989ebfb72019fec7151fb4d3ef3d54a89d2b9682cbafbb21bfa064cdfaaaf3,ground_floor,Store,segment,,,7.0,1.0,0.0,4.0,615.0,742.0,669.0,832.0,,,4860.0,4762.0,0.979835390946502,0.0,0.0,0.0,,0.0,,2025-04-12T12:35:31.907581+00:00
35,8,46989ebfb72019fec7151fb4d3ef3d54a89d2b9682cbafbb21bfa064cdfaaaf3,ground_floor,stairs,object,,,,,,4.0,423.0,594.0,503.0,744.0,,,12000.0,11811.0,0.98425,0.0,0.0,0.0,,0.0,,2025-04-12T12:35:31.907581+00:00
35,8,46989ebfb72019fec7151fb4d3ef3d54a89d2b9682cbafbb21bfa064cdfaaaf3,,,,,,,,,,,,,,,,,,,,,,,,,2025-04-12T12:35:31.907581+00:00
35,8,46989ebfb72019fec7151fb4d3ef3d54a89d2b9682cbafbb21bfa064cdfaaaf3,first_floor,Bedroom 2,segment,"12'2"" x 8'11""",3.70m x 2.71m,1.0,0.0,1.0,5.0,48.0,48.0,289.0,380.0,10.027,108.4861111111111,80012.0,79215.0,0.9900389941508774,0.0001253187021946,0.0013558730079376,9.93,,107.41,,2025-04-12T12:35:31.907581+00:00
35,8,46989ebfb72019fec7151fb4d3ef3d54a89d2b9682cbafbb21bfa064cdfaaaf3,first_floor,Bedroom 3,segment,"12'2"" x 8'11""",3.71m x 2.71m,2.0,1.0,1.0,5.0,303.0,48.0,544.0,379.0,10.0541,108.4861111111111,79771.0,79267.5,0.9936881824221836,0.0001260370310012,0.001359969301013,9.99,,107.8,,2025-04-12T12:35:31.907581+00:00
35,8,46989ebfb72019fec7151fb4d3ef3d54a89d2b9682cbafbb21bfa064cdfaaaf3,first_floor,Bedroom 4/Office,segment,"8'6"" x 6'8""",2.60m x 2.03m,3.0,1.0,1.0,5.0,47.0,397.0,280.0,583.0,5.278,56.66666666666667,43338.0,42225.0,0.9743181503530388,0.0001217868844893,0.0013075514944544,5.14,,55.21,,2025-04-12T12:35:31.907581+00:00
35,8,46989ebfb72019fec7151fb4d3ef3d54a89d2b9682cbafbb21bfa064cdfaaaf3,first_floor,Bedroom 1,segment,"13'5"" x 8'9""",4.09m x 2.66m,4.0,2.0,2.0,9.0,47.0,596.0,404.0,834.0,10.8794,117.39583333333331,84966.0,77044.0,0.9067627050820328,0.00012804415884,0.0013816801230296,9.87,,106.45,,2025-04-12T12:35:31.907581+00:00
35,8,46989ebfb72019fec7151fb4d3ef3d54a89d2b9682cbafbb21bfa064cdfaaaf3,first_floor,Dressing Room,segment,"8'4"" x 7'10""",2.54m x 2.40m,5.0,1.0,1.0,8.0,416.0,605.0,627.0,834.0,6.096,65.27777777777779,48319.0,38411.5,0.794956435356692,0.0001261615513566,0.001350975346712,4.85,,51.89,,2025-04-12T12:35:31.907581+00:00
35,8,46989ebfb72019fec7151fb4d3ef3d54a89d2b9682cbafbb21bfa064cdfaaaf3,first_floor,Landing (AI),segment,,,6.0,4.0,0.0,8.0,294.0,401.0,458.0,582.0,,,29684.0,21599.0,0.7276310470287023,0.0,0.0,0.0,,0.0,,2025-04-12T12:35:31.907581+00:00
35,8,46989ebfb72019fec7151fb4d3ef3d54a89d2b9682cbafbb21bfa064cdfaaaf3,first_floor,Bathroom (AI),segment,,,7.0,1.0,0.0,6.0,473.0,403.0,627.0,583.0,,,27720.0,27395.5,0.9882936507936508,0.0,0.0,0.0,,0.0,,2025-04-12T12:35:31.907581+00:00
35,8,46989ebfb72019fec7151fb4d3ef3d54a89d2b9682cbafbb21bfa064cdfaaaf3,first_floor,stairs,object,,,,,,4.0,383.0,486.0,460.0,744.0,,,19866.0,19608.0,0.987012987012987,0.0,0.0,0.0,,0.0,,2025-04-12T12:35:31.907581+00:00
35,8,46989ebfb72019fec7151fb4d3ef3d54a89d2b9682cbafbb21bfa064cdfaaaf3,,,,,,,,,,,,,,,,,,,,,,,,,2025-04-12T12:35:31.907581+00:00
44,8,cd18079e8cd8bdee19da980d6d4ccedd511c43811f14d346820498a99bf68120,ground_floor,DINING ROOM,segment,"12'7"" x 11'0""",3.84m x 3.35m,1.0,1.0,0.0,8.0,469.0,540.0,743.0,816.0,12.864,138.41666666666669,75624.0,69457.5,0.9184584258965408,0.0001701047286575,0.0018303272329771,11.82,,127.13,,2025-04-12T12:35:31.906963+00:00
44,8,cd18079e8cd8bdee19da980d6d4ccedd511c43811f14d346820498a99bf68120,ground_floor,KITCHEN,segment,"15'5"" x 8'9""",4.70m x 2.67m,2.0,3.0,1.0,6.0,109.0,543.0,456.0,739.0,12.549,134.89583333333331,68012.0,66831.0,0.9826354172793036,0.000184511556784,0.001983412240977,12.33,,132.55,,2025-04-12T12:35:31.906963+00:00
44,8,cd18079e8cd8bdee19da980d6d4ccedd511c43811f14d346820498a99bf68120,ground_floor,GARAGE,segment,"17'4"" x 7'9""",5.28m x 2.36m,3.0,1.0,0.0,7.0,89.0,751.0,255.0,1152.0,12.4608,134.33333333333331,66566.0,64112.5,0.9631418441847188,0.0001871946639425,0.0020180472513495,12.0,,129.38,,2025-04-12T12:35:31.906963+00:00
44,8,cd18079e8cd8bdee19da980d6d4ccedd511c43811f14d346820498a99bf68120,ground_floor,RECEPTION ROOM,segment,"13'11"" x 12'8""",4.24m x 3.86m,4.0,1.0,1.0,10.0,427.0,829.0,740.0,1140.0,16.3664,176.27777777777777,97343.0,88132.5,0.9053809724376688,0.0001681312472391,0.0018108932103775,14.82,,159.6,,2025-04-12T12:35:31.906963+00:00
44,8,cd18079e8cd8bdee19da980d6d4ccedd511c43811f14d346820498a99bf68120,ground_floor,Stairs (AI),segment,,,5.0,4.0,1.0,10.0,269.0,750.0,414.0,1073.0,,,46835.0,33405.5,0.7132593146151383,0.0,0.0,0.0,,0.0,,2025-04-12T12:35:31.906963+00:00
44,8,cd18079e8cd8bdee19da980d6d4ccedd511c43811f14d346820498a99bf68120,ground_floor,WC (AI),segment,,,6.0,0.0,0.0,4.0,420.0,751.0,455.0,817.0,,,2310.0,1848.0,0.8,0.0,0.0,0.0,,0.0,,2025-04-12T12:35:31.906963+00:00
44,8,cd18079e8cd8bdee19da980d6d4ccedd511c43811f14d346820498a99bf68120,ground_floor,stairs,object,,,,,,4.0,268.0,857.0,331.0,951.0,,,5922.0,5828.0,0.984126984126984,0.0,0.0,0.0,,0.0,,2025-04-12T12:35:31.906963+00:00
44,8,cd18079e8cd8bdee19da980d6d4ccedd511c43811f14d346820498a99bf68120,ground_floor,stairs,object,,,,1.0,,4.0,268.0,750.0,324.0,940.0,,,10640.0,10328.5,0.9707236842105263,0.0,0.0,0.0,,0.0,,2025-04-12T12:35:31.906963+00:00
44,8,cd18079e8cd8bdee19da980d6d4ccedd511c43811f14d346820498a99bf68120,,,,,,,,,,,,,,,,,,,,,,,,,2025-04-12T12:35:31.906963+00:00
44,8,cd18079e8cd8bdee19da980d6d4ccedd511c43811f14d346820498a99bf68120,second_floor,BEDROOM,segment,"20'1"" x 17'0""",6.12m x 5.18m,1.0,3.0,1.0,13.0,213.0,35.0,664.0,420.0,31.7016,341.41666666666663,173635.0,136747.0,0.7875543525210931,0.0001825760935295,0.0019662894385732,24.97,,268.88,,2025-04-12T12:35:31.906963+00:00
44,8,cd18079e8cd8bdee19da980d6d4ccedd511c43811f14d346820498a99bf68120,second_floor,DN,segment,,,2.0,1.0,0.0,13.0,46.0,125.0,272.0,305.0,,,40680.0,20226.5,0.4972099311701081,0.0,0.0,0.0,,0.0,,2025-04-12T12:35:31.906963+00:00
44,8,cd18079e8cd8bdee19da980d6d4ccedd511c43811f14d346820498a99bf68120,second_floor,EAVES,segment,,,3.0,1.0,0.0,4.0,46.0,295.0,201.0,420.0,,,19375.0,19312.5,0.9967741935483873,0.0,0.0,0.0,,0.0,,2025-04-12T12:35:31.906963+00:00
44,8,cd18079e8cd8bdee19da980d6d4ccedd511c43811f14d346820498a99bf68120,second_floor,Unknown (AI),segment,,,4.0,1.0,0.0,4.0,214.0,35.0,493.0,119.0,,,23436.0,22878.0,0.9761904761904762,0.0,0.0,0.0,,0.0,,2025-04-12T12:35:31.906963+00:00
44,8,cd18079e8cd8bdee19da980d6d4ccedd511c43811f14d346820498a99bf68120,second_floor,Closet (AI),segment,,,5.0,0.0,0.0,4.0,613.0,36.0,665.0,119.0,,,4316.0,4183.0,0.9691844300278036,0.0,0.0,0.0,,0.0,,2025-04-12T12:35:31.906963+00:00
44,8,cd18079e8cd8bdee19da980d6d4ccedd511c43811f14d346820498a99bf68120,second_floor,stairs,object,,,,,,4.0,122.0,165.0,202.0,282.0,,,9360.0,9107.5,0.9730235042735044,0.0,0.0,0.0,,0.0,,2025-04-12T12:35:31.906963+00:00
44,8,cd18079e8cd8bdee19da980d6d4ccedd511c43811f14d346820498a99bf68120,,,,,,,,,,,,,,,,,,,,,,,,,2025-04-12T12:35:31.906963+00:00
44,8,cd18079e8cd8bdee19da980d6d4ccedd511c43811f14d346820498a99bf68120,first_floor,BEDROOM,segment,"13'11"" x 12'2""",4.24m x 3.71m,1.0,1.0,1.0,7.0,378.0,46.0,696.0,320.0,15.7304,169.31944444444443,87132.0,76914.0,0.8827296515631455,0.0001805352798053,0.0019432521283161,13.89,,149.46,,2025-04-12T12:35:31.906963+00:00
44,8,cd18079e8cd8bdee19da980d6d4ccedd511c43811f14d346820498a99bf68120,first_floor,BEDROOM,segment,"14'5"" x 11'9""",4.39m x 3.58m,2.0,1.0,3.0,10.0,406.0,332.0,696.0,663.0,15.7162,169.39583333333331,95990.0,76729.0,0.7993436816335034,0.0001637274716116,0.0017647237559468,12.56,,135.41,,2025-04-12T12:35:31.906963+00:00
44,8,cd18079e8cd8bdee19da980d6d4ccedd511c43811f14d346820498a99bf68120,first_floor,BEDROOM,segment,"15'1"" x 10'4""",4.60m x 3.15m,3.0,2.0,0.0,8.0,46.0,343.0,393.0,575.0,14.489999999999998,155.86111111111111,80504.0,71882.5,0.8929059425618603,0.000179991056345,0.0019360666688749,12.94,,139.17,,2025-04-12T12:35:31.906963+00:00
44,8,cd18079e8cd8bdee19da980d6d4ccedd511c43811f14d346820498a99bf68120,first_floor,UP DN (AI),segment,,,4.0,5.0,1.0,14.0,46.0,46.0,392.0,394.0,,,120408.0,55765.5,0.4631378313733307,0.0,0.0,0.0,,0.0,,2025-04-12T12:35:31.906963+00:00
44,8,cd18079e8cd8bdee19da980d6d4ccedd511c43811f14d346820498a99bf68120,first_floor,Bathroom (AI),not segment,,,5.0,,,0.0,,,,,,,,,,0.0,0.0,0.0,,0.0,,2025-04-12T12:35:31.906963+00:00
44,8,cd18079e8cd8bdee19da980d6d4ccedd511c43811f14d346820498a99bf68120,first_floor,Closet (AI),segment,,,6.0,1.0,1.0,4.0,290.0,46.0,364.0,149.0,,,7622.0,7148.0,0.9378115980057729,0.0,0.0,0.0,,0.0,,2025-04-12T12:35:31.906963+00:00
44,8,cd18079e8cd8bdee19da980d6d4ccedd511c43811f14d346820498a99bf68120,first_floor,Staircase (AI),segment,,,7.0,1.0,0.0,6.0,45.0,191.0,211.0,331.0,,,23240.0,15379.5,0.6617685025817556,0.0,0.0,0.0,,0.0,,2025-04-12T12:35:31.906963+00:00
44,8,cd18079e8cd8bdee19da980d6d4ccedd511c43811f14d346820498a99bf68120,first_floor,Entrance (AI),segment,,,8.0,0.0,3.0,6.0,88.0,590.0,147.0,619.0,,,1711.0,1041.5,0.608708357685564,0.0,0.0,0.0,,0.0,,2025-04-12T12:35:31.906963+00:00
44,8,cd18079e8cd8bdee19da980d6d4ccedd511c43811f14d346820498a99bf68120,first_floor,stairs,object,,,,,,4.0,223.0,244.0,286.0,368.0,,,7812.0,7657.5,0.9802227342549924,0.0,0.0,0.0,,0.0,,2025-04-12T12:35:31.906963+00:00
44,8,cd18079e8cd8bdee19da980d6d4ccedd511c43811f14d346820498a99bf68120,first_floor,stairs,object,,,,,,4.0,93.0,190.0,225.0,249.0,,,7788.0,7788.0,1.0,0.0,0.0,0.0,,0.0,,2025-04-12T12:35:31.906963+00:00
44,8,cd18079e8cd8bdee19da980d6d4ccedd511c43811f14d346820498a99bf68120,,,,,,,,,,,,,,,,,,,,,,,,,2025-04-12T12:35:31.906963+00:00
