property_id,user_id,floorplan_id,original_url,json_file_url,csv_url,total_area_csv_url,image_labelme_side_by_side_url,created_at
366,FloorplanTest290425,ef258e2c8e378f30259a77ec78f84782669d63582a78b81dc5357cfb21ba7f41,https://media.rightmove.co.uk/85k/84073/157593251/84073_1312423_FLP_00_0005.png,https://floorsbucket.s3.eu-north-1.amazonaws.com/processed_images_folder/user_FloorplanTest290425_property_366/floorid_ef258e2c8e378f30259a77ec78f84782669d63582a78b81dc5357cfb21ba7f41/all_floors_json.json,https://floorsbucket.s3.eu-north-1.amazonaws.com/processed_images_folder/user_FloorplanTest290425_property_366/floorid_ef258e2c8e378f30259a77ec78f84782669d63582a78b81dc5357cfb21ba7f41/all_floors.csv,https://floorsbucket.s3.eu-north-1.amazonaws.com/processed_images_folder/user_FloorplanTest290425_property_366/floorid_ef258e2c8e378f30259a77ec78f84782669d63582a78b81dc5357cfb21ba7f41/total_area.csv,https://floorsbucket.s3.eu-north-1.amazonaws.com/processed_images_folder/user_FloorplanTest290425_property_366/floorid_ef258e2c8e378f30259a77ec78f84782669d63582a78b81dc5357cfb21ba7f41/side_by_side_labelme.png,2025-04-29T19:50:00.999426+00:00
365,FloorplanTest290425,f85e67336c6943e53d3e0854bb33d7f043b53fb4062f4de81c2db01b92c9006a,https://media.rightmove.co.uk/23k/22316/158449970/22316_33685434_FLP_00_0000.jpeg,https://floorsbucket.s3.eu-north-1.amazonaws.com/processed_images_folder/user_FloorplanTest290425_property_365/floorid_f85e67336c6943e53d3e0854bb33d7f043b53fb4062f4de81c2db01b92c9006a/all_floors_json.json,https://floorsbucket.s3.eu-north-1.amazonaws.com/processed_images_folder/user_FloorplanTest290425_property_365/floorid_f85e67336c6943e53d3e0854bb33d7f043b53fb4062f4de81c2db01b92c9006a/all_floors.csv,https://floorsbucket.s3.eu-north-1.amazonaws.com/processed_images_folder/user_FloorplanTest290425_property_365/floorid_f85e67336c6943e53d3e0854bb33d7f043b53fb4062f4de81c2db01b92c9006a/total_area.csv,https://floorsbucket.s3.eu-north-1.amazonaws.com/processed_images_folder/user_FloorplanTest290425_property_365/floorid_f85e67336c6943e53d3e0854bb33d7f043b53fb4062f4de81c2db01b92c9006a/side_by_side_labelme.png,2025-04-29T19:47:08.377580+00:00
347,FloorplanTest290425,de6f038c84f5a8d06d0d6f9690d94f9e9a9fd2588d322f1c2c7d608490e4de67,https://media.rightmove.co.uk/10k/9040/159867827/9040_WOK170940_FLP_00_0000.jpeg,https://floorsbucket.s3.eu-north-1.amazonaws.com/processed_images_folder/user_FloorplanTest290425_property_347/floorid_de6f038c84f5a8d06d0d6f9690d94f9e9a9fd2588d322f1c2c7d608490e4de67/all_floors_json.json,https://floorsbucket.s3.eu-north-1.amazonaws.com/processed_images_folder/user_FloorplanTest290425_property_347/floorid_de6f038c84f5a8d06d0d6f9690d94f9e9a9fd2588d322f1c2c7d608490e4de67/all_floors.csv,https://floorsbucket.s3.eu-north-1.amazonaws.com/processed_images_folder/user_FloorplanTest290425_property_347/floorid_de6f038c84f5a8d06d0d6f9690d94f9e9a9fd2588d322f1c2c7d608490e4de67/total_area.csv,https://floorsbucket.s3.eu-north-1.amazonaws.com/processed_images_folder/user_FloorplanTest290425_property_347/floorid_de6f038c84f5a8d06d0d6f9690d94f9e9a9fd2588d322f1c2c7d608490e4de67/side_by_side_labelme.png,2025-04-29T19:43:41.291823+00:00
364,FloorplanTest290425,204dd4787b647b6fbbd96d9b4a088956099fdc975567c3f71a578435cd528c1c,https://media.rightmove.co.uk/26k/25305/159995732/25305_RDS250020_FLP_00_0000.jpeg,https://floorsbucket.s3.eu-north-1.amazonaws.com/processed_images_folder/user_FloorplanTest290425_property_364/floorid_204dd4787b647b6fbbd96d9b4a088956099fdc975567c3f71a578435cd528c1c/all_floors_json.json,https://floorsbucket.s3.eu-north-1.amazonaws.com/processed_images_folder/user_FloorplanTest290425_property_364/floorid_204dd4787b647b6fbbd96d9b4a088956099fdc975567c3f71a578435cd528c1c/all_floors.csv,https://floorsbucket.s3.eu-north-1.amazonaws.com/processed_images_folder/user_FloorplanTest290425_property_364/floorid_204dd4787b647b6fbbd96d9b4a088956099fdc975567c3f71a578435cd528c1c/total_area.csv,https://floorsbucket.s3.eu-north-1.amazonaws.com/processed_images_folder/user_FloorplanTest290425_property_364/floorid_204dd4787b647b6fbbd96d9b4a088956099fdc975567c3f71a578435cd528c1c/side_by_side_labelme.png,2025-04-29T19:42:06.665321+00:00
354,FloorplanTest290425,6a61fa9c2c35d48263beb5a9b462b7c60a26ac444da2f8c424e17e7c665b99e0,https://media.rightmove.co.uk/50k/49305/159500330/49305_S1245293_FLP_00_0000.jpeg,https://floorsbucket.s3.eu-north-1.amazonaws.com/processed_images_folder/user_FloorplanTest290425_property_354/floorid_6a61fa9c2c35d48263beb5a9b462b7c60a26ac444da2f8c424e17e7c665b99e0/all_floors_json.json,https://floorsbucket.s3.eu-north-1.amazonaws.com/processed_images_folder/user_FloorplanTest290425_property_354/floorid_6a61fa9c2c35d48263beb5a9b462b7c60a26ac444da2f8c424e17e7c665b99e0/all_floors.csv,https://floorsbucket.s3.eu-north-1.amazonaws.com/processed_images_folder/user_FloorplanTest290425_property_354/floorid_6a61fa9c2c35d48263beb5a9b462b7c60a26ac444da2f8c424e17e7c665b99e0/total_area.csv,https://floorsbucket.s3.eu-north-1.amazonaws.com/processed_images_folder/user_FloorplanTest290425_property_354/floorid_6a61fa9c2c35d48263beb5a9b462b7c60a26ac444da2f8c424e17e7c665b99e0/side_by_side_labelme.png,2025-04-29T19:37:09.751269+00:00
363,FloorplanTest290425,de9264a73dc54c692ab453a61998a7420bec79341b191f8eb827177f8d44bd73,https://media.rightmove.co.uk/91k/90121/159995672/90121_102289002065_FLP_00_0000.png,https://floorsbucket.s3.eu-north-1.amazonaws.com/processed_images_folder/user_FloorplanTest290425_property_363/floorid_de9264a73dc54c692ab453a61998a7420bec79341b191f8eb827177f8d44bd73/all_floors_json.json,https://floorsbucket.s3.eu-north-1.amazonaws.com/processed_images_folder/user_FloorplanTest290425_property_363/floorid_de9264a73dc54c692ab453a61998a7420bec79341b191f8eb827177f8d44bd73/all_floors.csv,https://floorsbucket.s3.eu-north-1.amazonaws.com/processed_images_folder/user_FloorplanTest290425_property_363/floorid_de9264a73dc54c692ab453a61998a7420bec79341b191f8eb827177f8d44bd73/total_area.csv,https://floorsbucket.s3.eu-north-1.amazonaws.com/processed_images_folder/user_FloorplanTest290425_property_363/floorid_de9264a73dc54c692ab453a61998a7420bec79341b191f8eb827177f8d44bd73/side_by_side_labelme.png,2025-04-29T19:35:23.621972+00:00
353,FloorplanTest290425,7d6be01641cc74f6a0d671749c33a094bbb79caad9e2727826097342a371b5c1,https://media.rightmove.co.uk/65k/64272/151387085/64272_BUR240185_FLP_00_0000.jpeg,https://floorsbucket.s3.eu-north-1.amazonaws.com/processed_images_folder/user_FloorplanTest290425_property_353/floorid_7d6be01641cc74f6a0d671749c33a094bbb79caad9e2727826097342a371b5c1/all_floors_json.json,https://floorsbucket.s3.eu-north-1.amazonaws.com/processed_images_folder/user_FloorplanTest290425_property_353/floorid_7d6be01641cc74f6a0d671749c33a094bbb79caad9e2727826097342a371b5c1/all_floors.csv,https://floorsbucket.s3.eu-north-1.amazonaws.com/processed_images_folder/user_FloorplanTest290425_property_353/floorid_7d6be01641cc74f6a0d671749c33a094bbb79caad9e2727826097342a371b5c1/total_area.csv,https://floorsbucket.s3.eu-north-1.amazonaws.com/processed_images_folder/user_FloorplanTest290425_property_353/floorid_7d6be01641cc74f6a0d671749c33a094bbb79caad9e2727826097342a371b5c1/side_by_side_labelme.png,2025-04-29T19:27:47.961871+00:00
345,FloorplanTest290425,b3ff60bf6fba9bfb14a6b7f2594d49ac9b51d983f0db178bd06fc4697d8d9412,https://media.rightmove.co.uk/254k/253016/153380270/253016_S1090513_FLP_00_0000.jpeg,https://floorsbucket.s3.eu-north-1.amazonaws.com/processed_images_folder/user_FloorplanTest290425_property_345/floorid_b3ff60bf6fba9bfb14a6b7f2594d49ac9b51d983f0db178bd06fc4697d8d9412/all_floors_json.json,https://floorsbucket.s3.eu-north-1.amazonaws.com/processed_images_folder/user_FloorplanTest290425_property_345/floorid_b3ff60bf6fba9bfb14a6b7f2594d49ac9b51d983f0db178bd06fc4697d8d9412/all_floors.csv,https://floorsbucket.s3.eu-north-1.amazonaws.com/processed_images_folder/user_FloorplanTest290425_property_345/floorid_b3ff60bf6fba9bfb14a6b7f2594d49ac9b51d983f0db178bd06fc4697d8d9412/total_area.csv,https://floorsbucket.s3.eu-north-1.amazonaws.com/processed_images_folder/user_FloorplanTest290425_property_345/floorid_b3ff60bf6fba9bfb14a6b7f2594d49ac9b51d983f0db178bd06fc4697d8d9412/side_by_side_labelme.png,2025-04-29T19:25:30.819263+00:00
352,FloorplanTest290425,65238e06d69be105dbc099102326b66f43282af5ca8d211619f8dd4b64568242,https://media.rightmove.co.uk/65k/64272/157604480/64272_BUR250017_FLP_00_0000.jpeg,https://floorsbucket.s3.eu-north-1.amazonaws.com/processed_images_folder/user_FloorplanTest290425_property_352/floorid_65238e06d69be105dbc099102326b66f43282af5ca8d211619f8dd4b64568242/all_floors_json.json,https://floorsbucket.s3.eu-north-1.amazonaws.com/processed_images_folder/user_FloorplanTest290425_property_352/floorid_65238e06d69be105dbc099102326b66f43282af5ca8d211619f8dd4b64568242/all_floors.csv,https://floorsbucket.s3.eu-north-1.amazonaws.com/processed_images_folder/user_FloorplanTest290425_property_352/floorid_65238e06d69be105dbc099102326b66f43282af5ca8d211619f8dd4b64568242/total_area.csv,https://floorsbucket.s3.eu-north-1.amazonaws.com/processed_images_folder/user_FloorplanTest290425_property_352/floorid_65238e06d69be105dbc099102326b66f43282af5ca8d211619f8dd4b64568242/side_by_side_labelme.png,2025-04-29T19:22:18.013001+00:00
330,FloorplanTest290425,947237582dcdb89f152f9edc2122fd9275806dff4efcee1b5c3a3fdf583a5144,https://media.rightmove.co.uk/170k/169772/87115674/169772_SUR230021_FLP_00_0000.jpeg,https://floorsbucket.s3.eu-north-1.amazonaws.com/processed_images_folder/user_FloorplanTest290425_property_330/floorid_947237582dcdb89f152f9edc2122fd9275806dff4efcee1b5c3a3fdf583a5144/all_floors_json.json,https://floorsbucket.s3.eu-north-1.amazonaws.com/processed_images_folder/user_FloorplanTest290425_property_330/floorid_947237582dcdb89f152f9edc2122fd9275806dff4efcee1b5c3a3fdf583a5144/all_floors.csv,https://floorsbucket.s3.eu-north-1.amazonaws.com/processed_images_folder/user_FloorplanTest290425_property_330/floorid_947237582dcdb89f152f9edc2122fd9275806dff4efcee1b5c3a3fdf583a5144/total_area.csv,https://floorsbucket.s3.eu-north-1.amazonaws.com/processed_images_folder/user_FloorplanTest290425_property_330/floorid_947237582dcdb89f152f9edc2122fd9275806dff4efcee1b5c3a3fdf583a5144/side_by_side_labelme.png,2025-04-29T18:21:02.035001+00:00
351,FloorplanTest290425,19262d04a3f361d91b831cc6f1e2aefcd374a6b72d3ac2133d7d014686f3bd51,https://media.rightmove.co.uk/204k/203807/157163843/203807_389464_FLP_00_0000.jpeg,https://floorsbucket.s3.eu-north-1.amazonaws.com/processed_images_folder/user_FloorplanTest290425_property_351/floorid_19262d04a3f361d91b831cc6f1e2aefcd374a6b72d3ac2133d7d014686f3bd51/all_floors_json.json,https://floorsbucket.s3.eu-north-1.amazonaws.com/processed_images_folder/user_FloorplanTest290425_property_351/floorid_19262d04a3f361d91b831cc6f1e2aefcd374a6b72d3ac2133d7d014686f3bd51/all_floors.csv,https://floorsbucket.s3.eu-north-1.amazonaws.com/processed_images_folder/user_FloorplanTest290425_property_351/floorid_19262d04a3f361d91b831cc6f1e2aefcd374a6b72d3ac2133d7d014686f3bd51/total_area.csv,https://floorsbucket.s3.eu-north-1.amazonaws.com/processed_images_folder/user_FloorplanTest290425_property_351/floorid_19262d04a3f361d91b831cc6f1e2aefcd374a6b72d3ac2133d7d014686f3bd51/side_by_side_labelme.png,2025-04-29T19:14:29.740894+00:00
359,FloorplanTest290425,851b98ed08ee41a9a979aa18c45e59dba4ce1087f5ec6912469226c1c1e94e7f,https://media.rightmove.co.uk/12k/11612/157158725/11612_BUR230217_FLP_00_0001.jpeg,https://floorsbucket.s3.eu-north-1.amazonaws.com/processed_images_folder/user_FloorplanTest290425_property_359/floorid_851b98ed08ee41a9a979aa18c45e59dba4ce1087f5ec6912469226c1c1e94e7f/all_floors_json.json,https://floorsbucket.s3.eu-north-1.amazonaws.com/processed_images_folder/user_FloorplanTest290425_property_359/floorid_851b98ed08ee41a9a979aa18c45e59dba4ce1087f5ec6912469226c1c1e94e7f/all_floors.csv,https://floorsbucket.s3.eu-north-1.amazonaws.com/processed_images_folder/user_FloorplanTest290425_property_359/floorid_851b98ed08ee41a9a979aa18c45e59dba4ce1087f5ec6912469226c1c1e94e7f/total_area.csv,https://floorsbucket.s3.eu-north-1.amazonaws.com/processed_images_folder/user_FloorplanTest290425_property_359/floorid_851b98ed08ee41a9a979aa18c45e59dba4ce1087f5ec6912469226c1c1e94e7f/side_by_side_labelme.png,2025-04-29T19:11:32.540839+00:00
350,FloorplanTest290425,3faa1e5165916345b5d887960bc9953c95da466db1b431cc2d603ac9b434efa4,https://media.rightmove.co.uk/38k/37958/159915851/37958_a1nQ500000KHyfYIAT_FLP_00_0000.jpeg,https://floorsbucket.s3.eu-north-1.amazonaws.com/processed_images_folder/user_FloorplanTest290425_property_350/floorid_3faa1e5165916345b5d887960bc9953c95da466db1b431cc2d603ac9b434efa4/all_floors_json.json,https://floorsbucket.s3.eu-north-1.amazonaws.com/processed_images_folder/user_FloorplanTest290425_property_350/floorid_3faa1e5165916345b5d887960bc9953c95da466db1b431cc2d603ac9b434efa4/all_floors.csv,https://floorsbucket.s3.eu-north-1.amazonaws.com/processed_images_folder/user_FloorplanTest290425_property_350/floorid_3faa1e5165916345b5d887960bc9953c95da466db1b431cc2d603ac9b434efa4/total_area.csv,https://floorsbucket.s3.eu-north-1.amazonaws.com/processed_images_folder/user_FloorplanTest290425_property_350/floorid_3faa1e5165916345b5d887960bc9953c95da466db1b431cc2d603ac9b434efa4/side_by_side_labelme.png,2025-04-29T19:09:57.543953+00:00
358,FloorplanTest290425,883795a95752c7c82dd8295076e2d83005c2921f72d0220191f21d308129b368,https://media.rightmove.co.uk/36k/35126/159954443/35126_GFD250395_FLP_00_0000.jpeg,https://floorsbucket.s3.eu-north-1.amazonaws.com/processed_images_folder/user_FloorplanTest290425_property_358/floorid_883795a95752c7c82dd8295076e2d83005c2921f72d0220191f21d308129b368/all_floors_json.json,https://floorsbucket.s3.eu-north-1.amazonaws.com/processed_images_folder/user_FloorplanTest290425_property_358/floorid_883795a95752c7c82dd8295076e2d83005c2921f72d0220191f21d308129b368/all_floors.csv,https://floorsbucket.s3.eu-north-1.amazonaws.com/processed_images_folder/user_FloorplanTest290425_property_358/floorid_883795a95752c7c82dd8295076e2d83005c2921f72d0220191f21d308129b368/total_area.csv,https://floorsbucket.s3.eu-north-1.amazonaws.com/processed_images_folder/user_FloorplanTest290425_property_358/floorid_883795a95752c7c82dd8295076e2d83005c2921f72d0220191f21d308129b368/side_by_side_labelme.png,2025-04-29T19:06:39.961691+00:00
349,FloorplanTest290425,d1c3453205f53649fe52b7001a055dbe90487bb3a743af07f7449ecf9d00898e,https://media.rightmove.co.uk/278k/277880/159852158/277880_260944_FLP_00_0000.png,https://floorsbucket.s3.eu-north-1.amazonaws.com/processed_images_folder/user_FloorplanTest290425_property_349/floorid_d1c3453205f53649fe52b7001a055dbe90487bb3a743af07f7449ecf9d00898e/all_floors_json.json,https://floorsbucket.s3.eu-north-1.amazonaws.com/processed_images_folder/user_FloorplanTest290425_property_349/floorid_d1c3453205f53649fe52b7001a055dbe90487bb3a743af07f7449ecf9d00898e/all_floors.csv,https://floorsbucket.s3.eu-north-1.amazonaws.com/processed_images_folder/user_FloorplanTest290425_property_349/floorid_d1c3453205f53649fe52b7001a055dbe90487bb3a743af07f7449ecf9d00898e/total_area.csv,https://floorsbucket.s3.eu-north-1.amazonaws.com/processed_images_folder/user_FloorplanTest290425_property_349/floorid_d1c3453205f53649fe52b7001a055dbe90487bb3a743af07f7449ecf9d00898e/side_by_side_labelme.png,2025-04-29T19:03:37.964776+00:00
357,FloorplanTest290425,3e9ed04d5b7e958f44b3f4459093ba5bb4003fb55457e40193c0bcd2211482af,https://media.rightmove.co.uk/25k/24902/159944000/24902_5749236_FLP_00_0000.png,https://floorsbucket.s3.eu-north-1.amazonaws.com/processed_images_folder/user_FloorplanTest290425_property_357/floorid_3e9ed04d5b7e958f44b3f4459093ba5bb4003fb55457e40193c0bcd2211482af/all_floors_json.json,https://floorsbucket.s3.eu-north-1.amazonaws.com/processed_images_folder/user_FloorplanTest290425_property_357/floorid_3e9ed04d5b7e958f44b3f4459093ba5bb4003fb55457e40193c0bcd2211482af/all_floors.csv,https://floorsbucket.s3.eu-north-1.amazonaws.com/processed_images_folder/user_FloorplanTest290425_property_357/floorid_3e9ed04d5b7e958f44b3f4459093ba5bb4003fb55457e40193c0bcd2211482af/total_area.csv,https://floorsbucket.s3.eu-north-1.amazonaws.com/processed_images_folder/user_FloorplanTest290425_property_357/floorid_3e9ed04d5b7e958f44b3f4459093ba5bb4003fb55457e40193c0bcd2211482af/side_by_side_labelme.png,2025-04-29T19:00:36.461401+00:00
348,FloorplanTest290425,8e34386dc1595c977389d7e3c26b4f344db9871358a9493bcf9d5a71742d3f11,https://media.rightmove.co.uk/27k/26204/159851741/26204_33769001_FLP_00_0000.jpeg,https://floorsbucket.s3.eu-north-1.amazonaws.com/processed_images_folder/user_FloorplanTest290425_property_348/floorid_8e34386dc1595c977389d7e3c26b4f344db9871358a9493bcf9d5a71742d3f11/all_floors_json.json,https://floorsbucket.s3.eu-north-1.amazonaws.com/processed_images_folder/user_FloorplanTest290425_property_348/floorid_8e34386dc1595c977389d7e3c26b4f344db9871358a9493bcf9d5a71742d3f11/all_floors.csv,https://floorsbucket.s3.eu-north-1.amazonaws.com/processed_images_folder/user_FloorplanTest290425_property_348/floorid_8e34386dc1595c977389d7e3c26b4f344db9871358a9493bcf9d5a71742d3f11/total_area.csv,https://floorsbucket.s3.eu-north-1.amazonaws.com/processed_images_folder/user_FloorplanTest290425_property_348/floorid_8e34386dc1595c977389d7e3c26b4f344db9871358a9493bcf9d5a71742d3f11/side_by_side_labelme.png,2025-04-29T18:58:13.896532+00:00
343,FloorplanTest290425,1832e31ad9103ce90da63ac0462499776756b62187f701d0b5c09880adfe5842,https://media.rightmove.co.uk/49k/48698/159789851/48698_WES250013_FLP_00_0000.jpeg,https://floorsbucket.s3.eu-north-1.amazonaws.com/processed_images_folder/user_FloorplanTest290425_property_343/floorid_1832e31ad9103ce90da63ac0462499776756b62187f701d0b5c09880adfe5842/all_floors_json.json,https://floorsbucket.s3.eu-north-1.amazonaws.com/processed_images_folder/user_FloorplanTest290425_property_343/floorid_1832e31ad9103ce90da63ac0462499776756b62187f701d0b5c09880adfe5842/all_floors.csv,https://floorsbucket.s3.eu-north-1.amazonaws.com/processed_images_folder/user_FloorplanTest290425_property_343/floorid_1832e31ad9103ce90da63ac0462499776756b62187f701d0b5c09880adfe5842/total_area.csv,https://floorsbucket.s3.eu-north-1.amazonaws.com/processed_images_folder/user_FloorplanTest290425_property_343/floorid_1832e31ad9103ce90da63ac0462499776756b62187f701d0b5c09880adfe5842/side_by_side_labelme.png,2025-04-29T18:53:32.232269+00:00
342,FloorplanTest290425,a6a8ca8c6f5b084dfb1b37b0a513f736af2af4f5292f1857275bd3809c5a4826,https://media.rightmove.co.uk/8k/7153/156971483/7153_PULWE_674992_FLP_00_0000.jpeg,https://floorsbucket.s3.eu-north-1.amazonaws.com/processed_images_folder/user_FloorplanTest290425_property_342/floorid_a6a8ca8c6f5b084dfb1b37b0a513f736af2af4f5292f1857275bd3809c5a4826/all_floors_json.json,https://floorsbucket.s3.eu-north-1.amazonaws.com/processed_images_folder/user_FloorplanTest290425_property_342/floorid_a6a8ca8c6f5b084dfb1b37b0a513f736af2af4f5292f1857275bd3809c5a4826/all_floors.csv,https://floorsbucket.s3.eu-north-1.amazonaws.com/processed_images_folder/user_FloorplanTest290425_property_342/floorid_a6a8ca8c6f5b084dfb1b37b0a513f736af2af4f5292f1857275bd3809c5a4826/total_area.csv,https://floorsbucket.s3.eu-north-1.amazonaws.com/processed_images_folder/user_FloorplanTest290425_property_342/floorid_a6a8ca8c6f5b084dfb1b37b0a513f736af2af4f5292f1857275bd3809c5a4826/side_by_side_labelme.png,2025-04-29T18:48:39.724699+00:00
340,FloorplanTest290425,a4c852b9da1af5efcb283ad061a54f85aff1180f55d074a967ae41823020a598,https://media.rightmove.co.uk/72k/71947/159804539/71947_0bb852cc-1e65-4f40-80b6-dc4772c6a6fd_FLP_00_0000.jpeg,https://floorsbucket.s3.eu-north-1.amazonaws.com/processed_images_folder/user_FloorplanTest290425_property_340/floorid_a4c852b9da1af5efcb283ad061a54f85aff1180f55d074a967ae41823020a598/all_floors_json.json,https://floorsbucket.s3.eu-north-1.amazonaws.com/processed_images_folder/user_FloorplanTest290425_property_340/floorid_a4c852b9da1af5efcb283ad061a54f85aff1180f55d074a967ae41823020a598/all_floors.csv,https://floorsbucket.s3.eu-north-1.amazonaws.com/processed_images_folder/user_FloorplanTest290425_property_340/floorid_a4c852b9da1af5efcb283ad061a54f85aff1180f55d074a967ae41823020a598/total_area.csv,https://floorsbucket.s3.eu-north-1.amazonaws.com/processed_images_folder/user_FloorplanTest290425_property_340/floorid_a4c852b9da1af5efcb283ad061a54f85aff1180f55d074a967ae41823020a598/side_by_side_labelme.png,2025-04-29T18:35:04.131479+00:00
337,FloorplanTest290425,6fad1cfb777c85e0e2462e31a6fbde425ed867e0004d638b772b1fa4a17af4bd,https://media.rightmove.co.uk/272k/271250/87124500/271250_S1252546_FLP_00_0000.jpeg,https://floorsbucket.s3.eu-north-1.amazonaws.com/processed_images_folder/user_FloorplanTest290425_property_337/floorid_6fad1cfb777c85e0e2462e31a6fbde425ed867e0004d638b772b1fa4a17af4bd/all_floors_json.json,https://floorsbucket.s3.eu-north-1.amazonaws.com/processed_images_folder/user_FloorplanTest290425_property_337/floorid_6fad1cfb777c85e0e2462e31a6fbde425ed867e0004d638b772b1fa4a17af4bd/all_floors.csv,https://floorsbucket.s3.eu-north-1.amazonaws.com/processed_images_folder/user_FloorplanTest290425_property_337/floorid_6fad1cfb777c85e0e2462e31a6fbde425ed867e0004d638b772b1fa4a17af4bd/total_area.csv,https://floorsbucket.s3.eu-north-1.amazonaws.com/processed_images_folder/user_FloorplanTest290425_property_337/floorid_6fad1cfb777c85e0e2462e31a6fbde425ed867e0004d638b772b1fa4a17af4bd/side_by_side_labelme.png,2025-04-29T18:24:02.394541+00:00
323,FloorplanTest290425,9609ea9151b4366ad45e89591b85d5c71d4be899a0773f8f69a23fa8dd5eba28,https://media.rightmove.co.uk/40k/39671/159369272/39671_FOUWO_685934_FLP_00_0000.jpeg,https://floorsbucket.s3.eu-north-1.amazonaws.com/processed_images_folder/user_FloorplanTest290425_property_323/floorid_9609ea9151b4366ad45e89591b85d5c71d4be899a0773f8f69a23fa8dd5eba28/all_floors_json.json,https://floorsbucket.s3.eu-north-1.amazonaws.com/processed_images_folder/user_FloorplanTest290425_property_323/floorid_9609ea9151b4366ad45e89591b85d5c71d4be899a0773f8f69a23fa8dd5eba28/all_floors.csv,https://floorsbucket.s3.eu-north-1.amazonaws.com/processed_images_folder/user_FloorplanTest290425_property_323/floorid_9609ea9151b4366ad45e89591b85d5c71d4be899a0773f8f69a23fa8dd5eba28/total_area.csv,https://floorsbucket.s3.eu-north-1.amazonaws.com/processed_images_folder/user_FloorplanTest290425_property_323/floorid_9609ea9151b4366ad45e89591b85d5c71d4be899a0773f8f69a23fa8dd5eba28/side_by_side_labelme.png,2025-04-29T18:18:59.364604+00:00
318,FloorplanTest290425,a7ed9490a4d0d64ae6fa5056f393c4b716af2eb9b0e7c17e4baf5aa4869b873f,https://media.rightmove.co.uk/96k/95626/159326408/95626_2265943_FLP_00_0000.jpeg,https://floorsbucket.s3.eu-north-1.amazonaws.com/processed_images_folder/user_FloorplanTest290425_property_318/floorid_a7ed9490a4d0d64ae6fa5056f393c4b716af2eb9b0e7c17e4baf5aa4869b873f/all_floors_json.json,https://floorsbucket.s3.eu-north-1.amazonaws.com/processed_images_folder/user_FloorplanTest290425_property_318/floorid_a7ed9490a4d0d64ae6fa5056f393c4b716af2eb9b0e7c17e4baf5aa4869b873f/all_floors.csv,https://floorsbucket.s3.eu-north-1.amazonaws.com/processed_images_folder/user_FloorplanTest290425_property_318/floorid_a7ed9490a4d0d64ae6fa5056f393c4b716af2eb9b0e7c17e4baf5aa4869b873f/total_area.csv,https://floorsbucket.s3.eu-north-1.amazonaws.com/processed_images_folder/user_FloorplanTest290425_property_318/floorid_a7ed9490a4d0d64ae6fa5056f393c4b716af2eb9b0e7c17e4baf5aa4869b873f/side_by_side_labelme.png,2025-04-29T17:34:21.513879+00:00
335,FloorplanTest290425,92975603e05b77e0242b06f88a968033be773b850decb2fb384fd477c1084ce6,https://media.rightmove.co.uk/40k/39671/151914251/39671_FOUWO_653259_FLP_00_0000.png,https://floorsbucket.s3.eu-north-1.amazonaws.com/processed_images_folder/user_FloorplanTest290425_property_335/floorid_92975603e05b77e0242b06f88a968033be773b850decb2fb384fd477c1084ce6/all_floors_json.json,https://floorsbucket.s3.eu-north-1.amazonaws.com/processed_images_folder/user_FloorplanTest290425_property_335/floorid_92975603e05b77e0242b06f88a968033be773b850decb2fb384fd477c1084ce6/all_floors.csv,https://floorsbucket.s3.eu-north-1.amazonaws.com/processed_images_folder/user_FloorplanTest290425_property_335/floorid_92975603e05b77e0242b06f88a968033be773b850decb2fb384fd477c1084ce6/total_area.csv,https://floorsbucket.s3.eu-north-1.amazonaws.com/processed_images_folder/user_FloorplanTest290425_property_335/floorid_92975603e05b77e0242b06f88a968033be773b850decb2fb384fd477c1084ce6/side_by_side_labelme.png,2025-04-29T18:13:54.101523+00:00
328,FloorplanTest290425,e94cc17ee8b5bb24a18767c8ab0809fd8af04e6249be980193464147d5c5eeb1,https://media.rightmove.co.uk/12k/11612/155332328/11612_BUR240271_FLP_00_0000.png,https://floorsbucket.s3.eu-north-1.amazonaws.com/processed_images_folder/user_FloorplanTest290425_property_328/floorid_e94cc17ee8b5bb24a18767c8ab0809fd8af04e6249be980193464147d5c5eeb1/all_floors_json.json,https://floorsbucket.s3.eu-north-1.amazonaws.com/processed_images_folder/user_FloorplanTest290425_property_328/floorid_e94cc17ee8b5bb24a18767c8ab0809fd8af04e6249be980193464147d5c5eeb1/all_floors.csv,https://floorsbucket.s3.eu-north-1.amazonaws.com/processed_images_folder/user_FloorplanTest290425_property_328/floorid_e94cc17ee8b5bb24a18767c8ab0809fd8af04e6249be980193464147d5c5eeb1/total_area.csv,https://floorsbucket.s3.eu-north-1.amazonaws.com/processed_images_folder/user_FloorplanTest290425_property_328/floorid_e94cc17ee8b5bb24a18767c8ab0809fd8af04e6249be980193464147d5c5eeb1/side_by_side_labelme.png,2025-04-29T18:11:45.470887+00:00
322,FloorplanTest290425,1c997e2fcd3d58aecdc90f6f8d2499ad7b8e09f31f835da50dd3653f28f6e271,https://media.rightmove.co.uk/40k/39072/159385874/39072_WOK250206_FLP_00_0000.jpeg,https://floorsbucket.s3.eu-north-1.amazonaws.com/processed_images_folder/user_FloorplanTest290425_property_322/floorid_1c997e2fcd3d58aecdc90f6f8d2499ad7b8e09f31f835da50dd3653f28f6e271/all_floors_json.json,https://floorsbucket.s3.eu-north-1.amazonaws.com/processed_images_folder/user_FloorplanTest290425_property_322/floorid_1c997e2fcd3d58aecdc90f6f8d2499ad7b8e09f31f835da50dd3653f28f6e271/all_floors.csv,https://floorsbucket.s3.eu-north-1.amazonaws.com/processed_images_folder/user_FloorplanTest290425_property_322/floorid_1c997e2fcd3d58aecdc90f6f8d2499ad7b8e09f31f835da50dd3653f28f6e271/total_area.csv,https://floorsbucket.s3.eu-north-1.amazonaws.com/processed_images_folder/user_FloorplanTest290425_property_322/floorid_1c997e2fcd3d58aecdc90f6f8d2499ad7b8e09f31f835da50dd3653f28f6e271/side_by_side_labelme.png,2025-04-29T18:09:51.735035+00:00
334,FloorplanTest290425,30edfaa742f607028c03f88fe77fb79231066ed3be8a26d726978863c98ac0dc,https://media.rightmove.co.uk/179k/178409/159753059/178409_S1252000_FLP_00_0000.jpeg,https://floorsbucket.s3.eu-north-1.amazonaws.com/processed_images_folder/user_FloorplanTest290425_property_334/floorid_30edfaa742f607028c03f88fe77fb79231066ed3be8a26d726978863c98ac0dc/all_floors_json.json,https://floorsbucket.s3.eu-north-1.amazonaws.com/processed_images_folder/user_FloorplanTest290425_property_334/floorid_30edfaa742f607028c03f88fe77fb79231066ed3be8a26d726978863c98ac0dc/all_floors.csv,https://floorsbucket.s3.eu-north-1.amazonaws.com/processed_images_folder/user_FloorplanTest290425_property_334/floorid_30edfaa742f607028c03f88fe77fb79231066ed3be8a26d726978863c98ac0dc/total_area.csv,https://floorsbucket.s3.eu-north-1.amazonaws.com/processed_images_folder/user_FloorplanTest290425_property_334/floorid_30edfaa742f607028c03f88fe77fb79231066ed3be8a26d726978863c98ac0dc/side_by_side_labelme.png,2025-04-29T18:07:48.575568+00:00
327,FloorplanTest290425,0bafe224ce5e9cbdfb3625265d2631c48aca117d1fc1899861d56851a3af6c8b,https://media.rightmove.co.uk/18k/17780/159359456/17780_WBF250056_FLP_00_0000.jpeg,https://floorsbucket.s3.eu-north-1.amazonaws.com/processed_images_folder/user_FloorplanTest290425_property_327/floorid_0bafe224ce5e9cbdfb3625265d2631c48aca117d1fc1899861d56851a3af6c8b/all_floors_json.json,https://floorsbucket.s3.eu-north-1.amazonaws.com/processed_images_folder/user_FloorplanTest290425_property_327/floorid_0bafe224ce5e9cbdfb3625265d2631c48aca117d1fc1899861d56851a3af6c8b/all_floors.csv,https://floorsbucket.s3.eu-north-1.amazonaws.com/processed_images_folder/user_FloorplanTest290425_property_327/floorid_0bafe224ce5e9cbdfb3625265d2631c48aca117d1fc1899861d56851a3af6c8b/total_area.csv,https://floorsbucket.s3.eu-north-1.amazonaws.com/processed_images_folder/user_FloorplanTest290425_property_327/floorid_0bafe224ce5e9cbdfb3625265d2631c48aca117d1fc1899861d56851a3af6c8b/side_by_side_labelme.png,2025-04-29T18:04:40.790991+00:00
321,FloorplanTest290425,799ed35dc88f88dad029019a83f27ea34c321ebf4e84afc08ca5f7518f51637e,https://media.rightmove.co.uk/103k/102539/159356759/102539_e624d1af-573b-4559-8fdf-c33e57823024_FLP_00_0000.jpeg,https://floorsbucket.s3.eu-north-1.amazonaws.com/processed_images_folder/user_FloorplanTest290425_property_321/floorid_799ed35dc88f88dad029019a83f27ea34c321ebf4e84afc08ca5f7518f51637e/all_floors_json.json,https://floorsbucket.s3.eu-north-1.amazonaws.com/processed_images_folder/user_FloorplanTest290425_property_321/floorid_799ed35dc88f88dad029019a83f27ea34c321ebf4e84afc08ca5f7518f51637e/all_floors.csv,https://floorsbucket.s3.eu-north-1.amazonaws.com/processed_images_folder/user_FloorplanTest290425_property_321/floorid_799ed35dc88f88dad029019a83f27ea34c321ebf4e84afc08ca5f7518f51637e/total_area.csv,https://floorsbucket.s3.eu-north-1.amazonaws.com/processed_images_folder/user_FloorplanTest290425_property_321/floorid_799ed35dc88f88dad029019a83f27ea34c321ebf4e84afc08ca5f7518f51637e/side_by_side_labelme.png,2025-04-29T18:01:41.345856+00:00
333,FloorplanTest290425,e9a78798fd0c1e5792963fb480dd55b2a9097fa0160a495a8a08b505a3a7f9f4,https://media.rightmove.co.uk/18k/17780/87114834/17780_WBF210409_FLP_00_0000.jpeg,https://floorsbucket.s3.eu-north-1.amazonaws.com/processed_images_folder/user_FloorplanTest290425_property_333/floorid_e9a78798fd0c1e5792963fb480dd55b2a9097fa0160a495a8a08b505a3a7f9f4/all_floors_json.json,https://floorsbucket.s3.eu-north-1.amazonaws.com/processed_images_folder/user_FloorplanTest290425_property_333/floorid_e9a78798fd0c1e5792963fb480dd55b2a9097fa0160a495a8a08b505a3a7f9f4/all_floors.csv,https://floorsbucket.s3.eu-north-1.amazonaws.com/processed_images_folder/user_FloorplanTest290425_property_333/floorid_e9a78798fd0c1e5792963fb480dd55b2a9097fa0160a495a8a08b505a3a7f9f4/total_area.csv,https://floorsbucket.s3.eu-north-1.amazonaws.com/processed_images_folder/user_FloorplanTest290425_property_333/floorid_e9a78798fd0c1e5792963fb480dd55b2a9097fa0160a495a8a08b505a3a7f9f4/side_by_side_labelme.png,2025-04-29T18:00:39.478926+00:00
316,FloorplanTest290425,d93a0b7aae37cfc5dba40d262d4a30d37aa8ce0c1391cc71c5b540f46ba94ace,https://media.rightmove.co.uk/219k/218294/159249638/218294_S1232894_FLP_00_0000.jpeg,https://floorsbucket.s3.eu-north-1.amazonaws.com/processed_images_folder/user_FloorplanTest290425_property_316/floorid_d93a0b7aae37cfc5dba40d262d4a30d37aa8ce0c1391cc71c5b540f46ba94ace/all_floors_json.json,https://floorsbucket.s3.eu-north-1.amazonaws.com/processed_images_folder/user_FloorplanTest290425_property_316/floorid_d93a0b7aae37cfc5dba40d262d4a30d37aa8ce0c1391cc71c5b540f46ba94ace/all_floors.csv,https://floorsbucket.s3.eu-north-1.amazonaws.com/processed_images_folder/user_FloorplanTest290425_property_316/floorid_d93a0b7aae37cfc5dba40d262d4a30d37aa8ce0c1391cc71c5b540f46ba94ace/total_area.csv,https://floorsbucket.s3.eu-north-1.amazonaws.com/processed_images_folder/user_FloorplanTest290425_property_316/floorid_d93a0b7aae37cfc5dba40d262d4a30d37aa8ce0c1391cc71c5b540f46ba94ace/side_by_side_labelme.png,2025-04-29T17:20:14.222866+00:00
332,FloorplanTest290425,a6b95cfe5b46ee8988622e9212a082f23185eccc7132d6edbcf0525aebc3f864,https://media.rightmove.co.uk/85k/84878/155257670/84878_33524696_FLP_00_0001.jpeg,https://floorsbucket.s3.eu-north-1.amazonaws.com/processed_images_folder/user_FloorplanTest290425_property_332/floorid_a6b95cfe5b46ee8988622e9212a082f23185eccc7132d6edbcf0525aebc3f864/all_floors_json.json,https://floorsbucket.s3.eu-north-1.amazonaws.com/processed_images_folder/user_FloorplanTest290425_property_332/floorid_a6b95cfe5b46ee8988622e9212a082f23185eccc7132d6edbcf0525aebc3f864/all_floors.csv,https://floorsbucket.s3.eu-north-1.amazonaws.com/processed_images_folder/user_FloorplanTest290425_property_332/floorid_a6b95cfe5b46ee8988622e9212a082f23185eccc7132d6edbcf0525aebc3f864/total_area.csv,https://floorsbucket.s3.eu-north-1.amazonaws.com/processed_images_folder/user_FloorplanTest290425_property_332/floorid_a6b95cfe5b46ee8988622e9212a082f23185eccc7132d6edbcf0525aebc3f864/side_by_side_labelme.png,2025-04-29T17:56:37.451993+00:00
325,FloorplanTest290425,d6967bf1526f237e3b63e813484f0fc6ec4d1b60c4e9bfaa006b3d7f84897e1e,https://media.rightmove.co.uk/8k/7669/159380969/7669_6248_FLP_00_0001.jpeg,https://floorsbucket.s3.eu-north-1.amazonaws.com/processed_images_folder/user_FloorplanTest290425_property_325/floorid_d6967bf1526f237e3b63e813484f0fc6ec4d1b60c4e9bfaa006b3d7f84897e1e/all_floors_json.json,https://floorsbucket.s3.eu-north-1.amazonaws.com/processed_images_folder/user_FloorplanTest290425_property_325/floorid_d6967bf1526f237e3b63e813484f0fc6ec4d1b60c4e9bfaa006b3d7f84897e1e/all_floors.csv,https://floorsbucket.s3.eu-north-1.amazonaws.com/processed_images_folder/user_FloorplanTest290425_property_325/floorid_d6967bf1526f237e3b63e813484f0fc6ec4d1b60c4e9bfaa006b3d7f84897e1e/total_area.csv,https://floorsbucket.s3.eu-north-1.amazonaws.com/processed_images_folder/user_FloorplanTest290425_property_325/floorid_d6967bf1526f237e3b63e813484f0fc6ec4d1b60c4e9bfaa006b3d7f84897e1e/side_by_side_labelme.png,2025-04-29T17:52:32.154462+00:00
331,FloorplanTest290425,0f1fdbc4ee36b999074178473bc087c192ae5632065ed9535728eee104a7aade,https://media.rightmove.co.uk/81k/80211/159751598/80211_100540005086_FLP_00_0000.png,https://floorsbucket.s3.eu-north-1.amazonaws.com/processed_images_folder/user_FloorplanTest290425_property_331/floorid_0f1fdbc4ee36b999074178473bc087c192ae5632065ed9535728eee104a7aade/all_floors_json.json,https://floorsbucket.s3.eu-north-1.amazonaws.com/processed_images_folder/user_FloorplanTest290425_property_331/floorid_0f1fdbc4ee36b999074178473bc087c192ae5632065ed9535728eee104a7aade/all_floors.csv,https://floorsbucket.s3.eu-north-1.amazonaws.com/processed_images_folder/user_FloorplanTest290425_property_331/floorid_0f1fdbc4ee36b999074178473bc087c192ae5632065ed9535728eee104a7aade/total_area.csv,https://floorsbucket.s3.eu-north-1.amazonaws.com/processed_images_folder/user_FloorplanTest290425_property_331/floorid_0f1fdbc4ee36b999074178473bc087c192ae5632065ed9535728eee104a7aade/side_by_side_labelme.png,2025-04-29T17:51:29.710877+00:00
320,FloorplanTest290425,e1ebb88a0f6207dcc1062eaa967e262b733cf415200415f7cacba0eb97cc80c9,https://media.rightmove.co.uk/34k/33563/159380876/33563_WIN250109_FLP_00_0000.jpeg,https://floorsbucket.s3.eu-north-1.amazonaws.com/processed_images_folder/user_FloorplanTest290425_property_320/floorid_e1ebb88a0f6207dcc1062eaa967e262b733cf415200415f7cacba0eb97cc80c9/all_floors_json.json,https://floorsbucket.s3.eu-north-1.amazonaws.com/processed_images_folder/user_FloorplanTest290425_property_320/floorid_e1ebb88a0f6207dcc1062eaa967e262b733cf415200415f7cacba0eb97cc80c9/all_floors.csv,https://floorsbucket.s3.eu-north-1.amazonaws.com/processed_images_folder/user_FloorplanTest290425_property_320/floorid_e1ebb88a0f6207dcc1062eaa967e262b733cf415200415f7cacba0eb97cc80c9/total_area.csv,https://floorsbucket.s3.eu-north-1.amazonaws.com/processed_images_folder/user_FloorplanTest290425_property_320/floorid_e1ebb88a0f6207dcc1062eaa967e262b733cf415200415f7cacba0eb97cc80c9/side_by_side_labelme.png,2025-04-29T17:47:32.289690+00:00
303,FloorplanTest290425,d2ad7ab54b47354c93ffa20beaa4dc42b7a144e56fb3c047338533281f41e41c,https://media.rightmove.co.uk/41k/40310/157990805/40310_33661605_FLP_00_0000.jpeg,https://floorsbucket.s3.eu-north-1.amazonaws.com/processed_images_folder/user_FloorplanTest290425_property_303/floorid_d2ad7ab54b47354c93ffa20beaa4dc42b7a144e56fb3c047338533281f41e41c/all_floors_json.json,https://floorsbucket.s3.eu-north-1.amazonaws.com/processed_images_folder/user_FloorplanTest290425_property_303/floorid_d2ad7ab54b47354c93ffa20beaa4dc42b7a144e56fb3c047338533281f41e41c/all_floors.csv,https://floorsbucket.s3.eu-north-1.amazonaws.com/processed_images_folder/user_FloorplanTest290425_property_303/floorid_d2ad7ab54b47354c93ffa20beaa4dc42b7a144e56fb3c047338533281f41e41c/total_area.csv,https://floorsbucket.s3.eu-north-1.amazonaws.com/processed_images_folder/user_FloorplanTest290425_property_303/floorid_d2ad7ab54b47354c93ffa20beaa4dc42b7a144e56fb3c047338533281f41e41c/side_by_side_labelme.png,2025-04-29T15:57:22.433264+00:00
319,FloorplanTest290425,6ea2a3e8c8f8159d330696b12056d6d331b278bf1efd876600e0d700a6f4b7a4,https://media.rightmove.co.uk/38k/37958/159358367/37958_a1nQ500000JU71CIAT_FLP_00_0000.jpeg,https://floorsbucket.s3.eu-north-1.amazonaws.com/processed_images_folder/user_FloorplanTest290425_property_319/floorid_6ea2a3e8c8f8159d330696b12056d6d331b278bf1efd876600e0d700a6f4b7a4/all_floors_json.json,https://floorsbucket.s3.eu-north-1.amazonaws.com/processed_images_folder/user_FloorplanTest290425_property_319/floorid_6ea2a3e8c8f8159d330696b12056d6d331b278bf1efd876600e0d700a6f4b7a4/all_floors.csv,https://floorsbucket.s3.eu-north-1.amazonaws.com/processed_images_folder/user_FloorplanTest290425_property_319/floorid_6ea2a3e8c8f8159d330696b12056d6d331b278bf1efd876600e0d700a6f4b7a4/total_area.csv,https://floorsbucket.s3.eu-north-1.amazonaws.com/processed_images_folder/user_FloorplanTest290425_property_319/floorid_6ea2a3e8c8f8159d330696b12056d6d331b278bf1efd876600e0d700a6f4b7a4/side_by_side_labelme.png,2025-04-29T17:41:22.478245+00:00
313,FloorplanTest290425,97f9fa2b4745f0d8aa6f77e48d7b694161c8d54c97ec41ba980800ddf239b07b,https://media.rightmove.co.uk/2k/1983/159267707/1983_BIT111758_FLP_00_0000.jpeg,https://floorsbucket.s3.eu-north-1.amazonaws.com/processed_images_folder/user_FloorplanTest290425_property_313/floorid_97f9fa2b4745f0d8aa6f77e48d7b694161c8d54c97ec41ba980800ddf239b07b/all_floors_json.json,https://floorsbucket.s3.eu-north-1.amazonaws.com/processed_images_folder/user_FloorplanTest290425_property_313/floorid_97f9fa2b4745f0d8aa6f77e48d7b694161c8d54c97ec41ba980800ddf239b07b/all_floors.csv,https://floorsbucket.s3.eu-north-1.amazonaws.com/processed_images_folder/user_FloorplanTest290425_property_313/floorid_97f9fa2b4745f0d8aa6f77e48d7b694161c8d54c97ec41ba980800ddf239b07b/total_area.csv,https://floorsbucket.s3.eu-north-1.amazonaws.com/processed_images_folder/user_FloorplanTest290425_property_313/floorid_97f9fa2b4745f0d8aa6f77e48d7b694161c8d54c97ec41ba980800ddf239b07b/side_by_side_labelme.png,2025-04-29T16:59:08.527083+00:00
317,FloorplanTest290425,d4c1efa11c7817641452fa688ee8e0c88d6573bb86536c69755d7d2d3e58d3b1,https://media.rightmove.co.uk/272k/271250/159339404/271250_S1241396_FLP_00_0000.jpeg,https://floorsbucket.s3.eu-north-1.amazonaws.com/processed_images_folder/user_FloorplanTest290425_property_317/floorid_d4c1efa11c7817641452fa688ee8e0c88d6573bb86536c69755d7d2d3e58d3b1/all_floors_json.json,https://floorsbucket.s3.eu-north-1.amazonaws.com/processed_images_folder/user_FloorplanTest290425_property_317/floorid_d4c1efa11c7817641452fa688ee8e0c88d6573bb86536c69755d7d2d3e58d3b1/all_floors.csv,https://floorsbucket.s3.eu-north-1.amazonaws.com/processed_images_folder/user_FloorplanTest290425_property_317/floorid_d4c1efa11c7817641452fa688ee8e0c88d6573bb86536c69755d7d2d3e58d3b1/total_area.csv,https://floorsbucket.s3.eu-north-1.amazonaws.com/processed_images_folder/user_FloorplanTest290425_property_317/floorid_d4c1efa11c7817641452fa688ee8e0c88d6573bb86536c69755d7d2d3e58d3b1/side_by_side_labelme.png,2025-04-29T17:28:15.313470+00:00
314,FloorplanTest290425,94f89ececb495f85efd48c5e05a5a4f7bd47cee2a05f05b29c38dc9d87b4847d,https://media.rightmove.co.uk/267k/266045/148071167/266045_S950908_FLP_00_0000.jpeg,https://floorsbucket.s3.eu-north-1.amazonaws.com/processed_images_folder/user_FloorplanTest290425_property_314/floorid_94f89ececb495f85efd48c5e05a5a4f7bd47cee2a05f05b29c38dc9d87b4847d/all_floors_json.json,https://floorsbucket.s3.eu-north-1.amazonaws.com/processed_images_folder/user_FloorplanTest290425_property_314/floorid_94f89ececb495f85efd48c5e05a5a4f7bd47cee2a05f05b29c38dc9d87b4847d/all_floors.csv,https://floorsbucket.s3.eu-north-1.amazonaws.com/processed_images_folder/user_FloorplanTest290425_property_314/floorid_94f89ececb495f85efd48c5e05a5a4f7bd47cee2a05f05b29c38dc9d87b4847d/total_area.csv,https://floorsbucket.s3.eu-north-1.amazonaws.com/processed_images_folder/user_FloorplanTest290425_property_314/floorid_94f89ececb495f85efd48c5e05a5a4f7bd47cee2a05f05b29c38dc9d87b4847d/side_by_side_labelme.png,2025-04-29T17:05:09.433730+00:00
312,FloorplanTest290425,0a97266c5f06638cfeb9ad31f4c5811e6eae4dcb3879896683c48bba8d57c54b,https://media.rightmove.co.uk/8k/7152/155984222/7152_9da2e98b-57d8-4e0b-9f3c-b61d2307c846_FLP_00_0000.png,https://floorsbucket.s3.eu-north-1.amazonaws.com/processed_images_folder/user_FloorplanTest290425_property_312/floorid_0a97266c5f06638cfeb9ad31f4c5811e6eae4dcb3879896683c48bba8d57c54b/all_floors_json.json,https://floorsbucket.s3.eu-north-1.amazonaws.com/processed_images_folder/user_FloorplanTest290425_property_312/floorid_0a97266c5f06638cfeb9ad31f4c5811e6eae4dcb3879896683c48bba8d57c54b/all_floors.csv,https://floorsbucket.s3.eu-north-1.amazonaws.com/processed_images_folder/user_FloorplanTest290425_property_312/floorid_0a97266c5f06638cfeb9ad31f4c5811e6eae4dcb3879896683c48bba8d57c54b/total_area.csv,https://floorsbucket.s3.eu-north-1.amazonaws.com/processed_images_folder/user_FloorplanTest290425_property_312/floorid_0a97266c5f06638cfeb9ad31f4c5811e6eae4dcb3879896683c48bba8d57c54b/side_by_side_labelme.png,2025-04-29T16:53:01.659578+00:00
307,FloorplanTest290425,49bf3fbe10bc8e618726c4335dd54b920b5b031b6e8d66987949aa9578573ec2,https://media.rightmove.co.uk/1k/682/159205643/682_WIM250069_FLP_00_0000.jpeg,https://floorsbucket.s3.eu-north-1.amazonaws.com/processed_images_folder/user_FloorplanTest290425_property_307/floorid_49bf3fbe10bc8e618726c4335dd54b920b5b031b6e8d66987949aa9578573ec2/all_floors_json.json,https://floorsbucket.s3.eu-north-1.amazonaws.com/processed_images_folder/user_FloorplanTest290425_property_307/floorid_49bf3fbe10bc8e618726c4335dd54b920b5b031b6e8d66987949aa9578573ec2/all_floors.csv,https://floorsbucket.s3.eu-north-1.amazonaws.com/processed_images_folder/user_FloorplanTest290425_property_307/floorid_49bf3fbe10bc8e618726c4335dd54b920b5b031b6e8d66987949aa9578573ec2/total_area.csv,https://floorsbucket.s3.eu-north-1.amazonaws.com/processed_images_folder/user_FloorplanTest290425_property_307/floorid_49bf3fbe10bc8e618726c4335dd54b920b5b031b6e8d66987949aa9578573ec2/side_by_side_labelme.png,2025-04-29T16:47:00.090069+00:00
311,FloorplanTest290425,77518a4d3d76bbf8c8dc74932541d654500b24feccaa2529e90d379c5e4874ee,https://media.rightmove.co.uk/30k/29132/159280595/29132_33727934_FLP_00_0000.jpeg,https://floorsbucket.s3.eu-north-1.amazonaws.com/processed_images_folder/user_FloorplanTest290425_property_311/floorid_77518a4d3d76bbf8c8dc74932541d654500b24feccaa2529e90d379c5e4874ee/all_floors_json.json,https://floorsbucket.s3.eu-north-1.amazonaws.com/processed_images_folder/user_FloorplanTest290425_property_311/floorid_77518a4d3d76bbf8c8dc74932541d654500b24feccaa2529e90d379c5e4874ee/all_floors.csv,https://floorsbucket.s3.eu-north-1.amazonaws.com/processed_images_folder/user_FloorplanTest290425_property_311/floorid_77518a4d3d76bbf8c8dc74932541d654500b24feccaa2529e90d379c5e4874ee/total_area.csv,https://floorsbucket.s3.eu-north-1.amazonaws.com/processed_images_folder/user_FloorplanTest290425_property_311/floorid_77518a4d3d76bbf8c8dc74932541d654500b24feccaa2529e90d379c5e4874ee/side_by_side_labelme.png,2025-04-29T16:45:57.560732+00:00
310,FloorplanTest290425,5df7bbd55b0821a6ab23f808076b4a2a6f8068a220d75a1ef932dbdc405bb632,https://media.rightmove.co.uk/74k/73282/159284969/73282_10330_SR4U_FLP_00_0000.jpeg,https://floorsbucket.s3.eu-north-1.amazonaws.com/processed_images_folder/user_FloorplanTest290425_property_310/floorid_5df7bbd55b0821a6ab23f808076b4a2a6f8068a220d75a1ef932dbdc405bb632/all_floors_json.json,https://floorsbucket.s3.eu-north-1.amazonaws.com/processed_images_folder/user_FloorplanTest290425_property_310/floorid_5df7bbd55b0821a6ab23f808076b4a2a6f8068a220d75a1ef932dbdc405bb632/all_floors.csv,https://floorsbucket.s3.eu-north-1.amazonaws.com/processed_images_folder/user_FloorplanTest290425_property_310/floorid_5df7bbd55b0821a6ab23f808076b4a2a6f8068a220d75a1ef932dbdc405bb632/total_area.csv,https://floorsbucket.s3.eu-north-1.amazonaws.com/processed_images_folder/user_FloorplanTest290425_property_310/floorid_5df7bbd55b0821a6ab23f808076b4a2a6f8068a220d75a1ef932dbdc405bb632/side_by_side_labelme.png,2025-04-29T16:37:51.264509+00:00
309,FloorplanTest290425,3c87a0de77b9f72e802cf4e082f07cf92f7c22582c2b6f77d5559ef5c9f1d77a,https://media.rightmove.co.uk/10k/9040/158713406/9040_WOK250152_FLP_00_0000.jpeg,https://floorsbucket.s3.eu-north-1.amazonaws.com/processed_images_folder/user_FloorplanTest290425_property_309/floorid_3c87a0de77b9f72e802cf4e082f07cf92f7c22582c2b6f77d5559ef5c9f1d77a/all_floors_json.json,https://floorsbucket.s3.eu-north-1.amazonaws.com/processed_images_folder/user_FloorplanTest290425_property_309/floorid_3c87a0de77b9f72e802cf4e082f07cf92f7c22582c2b6f77d5559ef5c9f1d77a/all_floors.csv,https://floorsbucket.s3.eu-north-1.amazonaws.com/processed_images_folder/user_FloorplanTest290425_property_309/floorid_3c87a0de77b9f72e802cf4e082f07cf92f7c22582c2b6f77d5559ef5c9f1d77a/total_area.csv,https://floorsbucket.s3.eu-north-1.amazonaws.com/processed_images_folder/user_FloorplanTest290425_property_309/floorid_3c87a0de77b9f72e802cf4e082f07cf92f7c22582c2b6f77d5559ef5c9f1d77a/side_by_side_labelme.png,2025-04-29T16:30:52.601947+00:00
305,FloorplanTest290425,c5027de9209832a3a7f4dd35e25c83c963ddc35c55a8f4bd9d48edc80588851f,https://media.rightmove.co.uk/30k/29132/159193673/29132_33710580_FLP_00_0000.jpeg,https://floorsbucket.s3.eu-north-1.amazonaws.com/processed_images_folder/user_FloorplanTest290425_property_305/floorid_c5027de9209832a3a7f4dd35e25c83c963ddc35c55a8f4bd9d48edc80588851f/all_floors_json.json,https://floorsbucket.s3.eu-north-1.amazonaws.com/processed_images_folder/user_FloorplanTest290425_property_305/floorid_c5027de9209832a3a7f4dd35e25c83c963ddc35c55a8f4bd9d48edc80588851f/all_floors.csv,https://floorsbucket.s3.eu-north-1.amazonaws.com/processed_images_folder/user_FloorplanTest290425_property_305/floorid_c5027de9209832a3a7f4dd35e25c83c963ddc35c55a8f4bd9d48edc80588851f/total_area.csv,https://floorsbucket.s3.eu-north-1.amazonaws.com/processed_images_folder/user_FloorplanTest290425_property_305/floorid_c5027de9209832a3a7f4dd35e25c83c963ddc35c55a8f4bd9d48edc80588851f/side_by_side_labelme.png,2025-04-29T16:09:45.871041+00:00
308,FloorplanTest290425,01e54877a1b490473d83ccbafd42d53bd8e4c27df2b04e964fcc8aabb62ee5a8,https://media.rightmove.co.uk/179k/178409/159201143/178409_S1231714_FLP_00_0000.png,https://floorsbucket.s3.eu-north-1.amazonaws.com/processed_images_folder/user_FloorplanTest290425_property_308/floorid_01e54877a1b490473d83ccbafd42d53bd8e4c27df2b04e964fcc8aabb62ee5a8/all_floors_json.json,https://floorsbucket.s3.eu-north-1.amazonaws.com/processed_images_folder/user_FloorplanTest290425_property_308/floorid_01e54877a1b490473d83ccbafd42d53bd8e4c27df2b04e964fcc8aabb62ee5a8/all_floors.csv,https://floorsbucket.s3.eu-north-1.amazonaws.com/processed_images_folder/user_FloorplanTest290425_property_308/floorid_01e54877a1b490473d83ccbafd42d53bd8e4c27df2b04e964fcc8aabb62ee5a8/total_area.csv,https://floorsbucket.s3.eu-north-1.amazonaws.com/processed_images_folder/user_FloorplanTest290425_property_308/floorid_01e54877a1b490473d83ccbafd42d53bd8e4c27df2b04e964fcc8aabb62ee5a8/side_by_side_labelme.png,2025-04-29T16:24:39.025120+00:00
306,FloorplanTest290425,05466655d1a6366a64b66c2f31e40e9a0e3d96e70dc3c931d2536d0e7f125e91,https://media.rightmove.co.uk/38k/37958/159212486/37958_a1n8d000000i6qSAAQ_FLP_00_0000.jpeg,https://floorsbucket.s3.eu-north-1.amazonaws.com/processed_images_folder/user_FloorplanTest290425_property_306/floorid_05466655d1a6366a64b66c2f31e40e9a0e3d96e70dc3c931d2536d0e7f125e91/all_floors_json.json,https://floorsbucket.s3.eu-north-1.amazonaws.com/processed_images_folder/user_FloorplanTest290425_property_306/floorid_05466655d1a6366a64b66c2f31e40e9a0e3d96e70dc3c931d2536d0e7f125e91/all_floors.csv,https://floorsbucket.s3.eu-north-1.amazonaws.com/processed_images_folder/user_FloorplanTest290425_property_306/floorid_05466655d1a6366a64b66c2f31e40e9a0e3d96e70dc3c931d2536d0e7f125e91/total_area.csv,https://floorsbucket.s3.eu-north-1.amazonaws.com/processed_images_folder/user_FloorplanTest290425_property_306/floorid_05466655d1a6366a64b66c2f31e40e9a0e3d96e70dc3c931d2536d0e7f125e91/side_by_side_labelme.png,2025-04-29T16:18:34.066209+00:00
300,FloorplanTest290425,07143fbd756254012e58427fda2c73c580ef03ab37b5c956666dcac82dc99cc5,https://media.rightmove.co.uk/13k/12929/159234959/12929_PWCCC_689390_FLP_00_0000.jpeg,https://floorsbucket.s3.eu-north-1.amazonaws.com/processed_images_folder/user_FloorplanTest290425_property_300/floorid_07143fbd756254012e58427fda2c73c580ef03ab37b5c956666dcac82dc99cc5/all_floors_json.json,https://floorsbucket.s3.eu-north-1.amazonaws.com/processed_images_folder/user_FloorplanTest290425_property_300/floorid_07143fbd756254012e58427fda2c73c580ef03ab37b5c956666dcac82dc99cc5/all_floors.csv,https://floorsbucket.s3.eu-north-1.amazonaws.com/processed_images_folder/user_FloorplanTest290425_property_300/floorid_07143fbd756254012e58427fda2c73c580ef03ab37b5c956666dcac82dc99cc5/total_area.csv,https://floorsbucket.s3.eu-north-1.amazonaws.com/processed_images_folder/user_FloorplanTest290425_property_300/floorid_07143fbd756254012e58427fda2c73c580ef03ab37b5c956666dcac82dc99cc5/side_by_side_labelme.png,2025-04-29T15:36:14.140280+00:00
298,FloorplanTest290425,30260919d30a69b7c5368a22d919b6ef63a467c8609dfb0a8c937b5ba4fc1a3f,https://media.rightmove.co.uk/267k/266045/156762020/266045_S1179014_FLP_00_0001.jpeg,https://floorsbucket.s3.eu-north-1.amazonaws.com/processed_images_folder/user_FloorplanTest290425_property_298/floorid_30260919d30a69b7c5368a22d919b6ef63a467c8609dfb0a8c937b5ba4fc1a3f/all_floors_json.json,https://floorsbucket.s3.eu-north-1.amazonaws.com/processed_images_folder/user_FloorplanTest290425_property_298/floorid_30260919d30a69b7c5368a22d919b6ef63a467c8609dfb0a8c937b5ba4fc1a3f/all_floors.csv,https://floorsbucket.s3.eu-north-1.amazonaws.com/processed_images_folder/user_FloorplanTest290425_property_298/floorid_30260919d30a69b7c5368a22d919b6ef63a467c8609dfb0a8c937b5ba4fc1a3f/total_area.csv,https://floorsbucket.s3.eu-north-1.amazonaws.com/processed_images_folder/user_FloorplanTest290425_property_298/floorid_30260919d30a69b7c5368a22d919b6ef63a467c8609dfb0a8c937b5ba4fc1a3f/side_by_side_labelme.png,2025-04-29T15:19:03.199039+00:00
301,FloorplanTest290425,f5ada163654f13b9381e64ef3797688667023ccdf76f3214708b1a1921b6ee4a,https://media.rightmove.co.uk/87k/86777/159196154/86777_KNA230135_FLP_00_0000.jpeg,https://floorsbucket.s3.eu-north-1.amazonaws.com/processed_images_folder/user_FloorplanTest290425_property_301/floorid_f5ada163654f13b9381e64ef3797688667023ccdf76f3214708b1a1921b6ee4a/all_floors_json.json,https://floorsbucket.s3.eu-north-1.amazonaws.com/processed_images_folder/user_FloorplanTest290425_property_301/floorid_f5ada163654f13b9381e64ef3797688667023ccdf76f3214708b1a1921b6ee4a/all_floors.csv,https://floorsbucket.s3.eu-north-1.amazonaws.com/processed_images_folder/user_FloorplanTest290425_property_301/floorid_f5ada163654f13b9381e64ef3797688667023ccdf76f3214708b1a1921b6ee4a/total_area.csv,https://floorsbucket.s3.eu-north-1.amazonaws.com/processed_images_folder/user_FloorplanTest290425_property_301/floorid_f5ada163654f13b9381e64ef3797688667023ccdf76f3214708b1a1921b6ee4a/side_by_side_labelme.png,2025-04-29T15:43:28.244520+00:00
299,FloorplanTest290425,dcd528499fc37c4ea68c6b87774d2d22893a69e7b5b7344b227e16da0064af33,https://media.rightmove.co.uk/9k/8777/159224429/8777_HRP240153_FLP_00_0000.jpeg,https://floorsbucket.s3.eu-north-1.amazonaws.com/processed_images_folder/user_FloorplanTest290425_property_299/floorid_dcd528499fc37c4ea68c6b87774d2d22893a69e7b5b7344b227e16da0064af33/all_floors_json.json,https://floorsbucket.s3.eu-north-1.amazonaws.com/processed_images_folder/user_FloorplanTest290425_property_299/floorid_dcd528499fc37c4ea68c6b87774d2d22893a69e7b5b7344b227e16da0064af33/all_floors.csv,https://floorsbucket.s3.eu-north-1.amazonaws.com/processed_images_folder/user_FloorplanTest290425_property_299/floorid_dcd528499fc37c4ea68c6b87774d2d22893a69e7b5b7344b227e16da0064af33/total_area.csv,https://floorsbucket.s3.eu-north-1.amazonaws.com/processed_images_folder/user_FloorplanTest290425_property_299/floorid_dcd528499fc37c4ea68c6b87774d2d22893a69e7b5b7344b227e16da0064af33/side_by_side_labelme.png,2025-04-29T15:29:08.740602+00:00
293,FloorplanTest290425,276e01b5973faecc29831406744ecca290c6d4912262c2f26606890b67dbafda,https://media.rightmove.co.uk/36k/35126/159142460/35126_GFD250254_FLP_00_0000.jpeg,https://floorsbucket.s3.eu-north-1.amazonaws.com/processed_images_folder/user_FloorplanTest290425_property_293/floorid_276e01b5973faecc29831406744ecca290c6d4912262c2f26606890b67dbafda/all_floors_json.json,https://floorsbucket.s3.eu-north-1.amazonaws.com/processed_images_folder/user_FloorplanTest290425_property_293/floorid_276e01b5973faecc29831406744ecca290c6d4912262c2f26606890b67dbafda/all_floors.csv,https://floorsbucket.s3.eu-north-1.amazonaws.com/processed_images_folder/user_FloorplanTest290425_property_293/floorid_276e01b5973faecc29831406744ecca290c6d4912262c2f26606890b67dbafda/total_area.csv,https://floorsbucket.s3.eu-north-1.amazonaws.com/processed_images_folder/user_FloorplanTest290425_property_293/floorid_276e01b5973faecc29831406744ecca290c6d4912262c2f26606890b67dbafda/side_by_side_labelme.png,2025-04-29T15:14:13.195554+00:00
287,FloorplanTest290425,97f4774614af598d864d6215aeebe4347d0e4633e700abf8624c30f7c54f25b7,https://media.rightmove.co.uk/80k/79575/158593118/79575_ESTAT_000685_FLP_00_0000.jpeg,https://floorsbucket.s3.eu-north-1.amazonaws.com/processed_images_folder/user_FloorplanTest290425_property_287/floorid_97f4774614af598d864d6215aeebe4347d0e4633e700abf8624c30f7c54f25b7/all_floors_json.json,https://floorsbucket.s3.eu-north-1.amazonaws.com/processed_images_folder/user_FloorplanTest290425_property_287/floorid_97f4774614af598d864d6215aeebe4347d0e4633e700abf8624c30f7c54f25b7/all_floors.csv,https://floorsbucket.s3.eu-north-1.amazonaws.com/processed_images_folder/user_FloorplanTest290425_property_287/floorid_97f4774614af598d864d6215aeebe4347d0e4633e700abf8624c30f7c54f25b7/total_area.csv,https://floorsbucket.s3.eu-north-1.amazonaws.com/processed_images_folder/user_FloorplanTest290425_property_287/floorid_97f4774614af598d864d6215aeebe4347d0e4633e700abf8624c30f7c54f25b7/side_by_side_labelme.png,2025-04-29T15:12:10.926037+00:00
289,FloorplanTest290425,b952fb34c8a65d8a459662a087f51db05f02410153d1fdb66d75042f73690039,https://media.rightmove.co.uk/40k/39671/159161258/39671_FOUWO_690177_FLP_00_0000.jpeg,https://floorsbucket.s3.eu-north-1.amazonaws.com/processed_images_folder/user_FloorplanTest290425_property_289/floorid_b952fb34c8a65d8a459662a087f51db05f02410153d1fdb66d75042f73690039/all_floors_json.json,https://floorsbucket.s3.eu-north-1.amazonaws.com/processed_images_folder/user_FloorplanTest290425_property_289/floorid_b952fb34c8a65d8a459662a087f51db05f02410153d1fdb66d75042f73690039/all_floors.csv,https://floorsbucket.s3.eu-north-1.amazonaws.com/processed_images_folder/user_FloorplanTest290425_property_289/floorid_b952fb34c8a65d8a459662a087f51db05f02410153d1fdb66d75042f73690039/total_area.csv,https://floorsbucket.s3.eu-north-1.amazonaws.com/processed_images_folder/user_FloorplanTest290425_property_289/floorid_b952fb34c8a65d8a459662a087f51db05f02410153d1fdb66d75042f73690039/side_by_side_labelme.png,2025-04-29T15:10:57.991574+00:00
295,FloorplanTest290425,87a8976214c81feb3348da336aeaa6ad238f20942b275ed99a84ac1d91b393fc,https://media.rightmove.co.uk/12k/11612/159146288/11612_BUR240269_FLP_00_0001.jpeg,https://floorsbucket.s3.eu-north-1.amazonaws.com/processed_images_folder/user_FloorplanTest290425_property_295/floorid_87a8976214c81feb3348da336aeaa6ad238f20942b275ed99a84ac1d91b393fc/all_floors_json.json,https://floorsbucket.s3.eu-north-1.amazonaws.com/processed_images_folder/user_FloorplanTest290425_property_295/floorid_87a8976214c81feb3348da336aeaa6ad238f20942b275ed99a84ac1d91b393fc/all_floors.csv,https://floorsbucket.s3.eu-north-1.amazonaws.com/processed_images_folder/user_FloorplanTest290425_property_295/floorid_87a8976214c81feb3348da336aeaa6ad238f20942b275ed99a84ac1d91b393fc/total_area.csv,https://floorsbucket.s3.eu-north-1.amazonaws.com/processed_images_folder/user_FloorplanTest290425_property_295/floorid_87a8976214c81feb3348da336aeaa6ad238f20942b275ed99a84ac1d91b393fc/side_by_side_labelme.png,2025-04-29T15:08:07.786803+00:00
286,FloorplanTest290425,dc4fbc63fae5fc24ee9f2aa2343a0010fa3863b890d65b857d941749d4c7ac8e,https://media.rightmove.co.uk/50k/49305/159078620/49305_S1229078_FLP_00_0000.jpeg,https://floorsbucket.s3.eu-north-1.amazonaws.com/processed_images_folder/user_FloorplanTest290425_property_286/floorid_dc4fbc63fae5fc24ee9f2aa2343a0010fa3863b890d65b857d941749d4c7ac8e/all_floors_json.json,https://floorsbucket.s3.eu-north-1.amazonaws.com/processed_images_folder/user_FloorplanTest290425_property_286/floorid_dc4fbc63fae5fc24ee9f2aa2343a0010fa3863b890d65b857d941749d4c7ac8e/all_floors.csv,https://floorsbucket.s3.eu-north-1.amazonaws.com/processed_images_folder/user_FloorplanTest290425_property_286/floorid_dc4fbc63fae5fc24ee9f2aa2343a0010fa3863b890d65b857d941749d4c7ac8e/total_area.csv,https://floorsbucket.s3.eu-north-1.amazonaws.com/processed_images_folder/user_FloorplanTest290425_property_286/floorid_dc4fbc63fae5fc24ee9f2aa2343a0010fa3863b890d65b857d941749d4c7ac8e/side_by_side_labelme.png,2025-04-29T15:03:54.479103+00:00
291,FloorplanTest290425,57e147a3fec78bb59f89a82406bf95e7fa742bf7ecf2c29b4b1bdce530ca53a2,https://media.rightmove.co.uk/49k/48970/159151595/48970_WMS250049_FLP_00_0000.jpeg,https://floorsbucket.s3.eu-north-1.amazonaws.com/processed_images_folder/user_FloorplanTest290425_property_291/floorid_57e147a3fec78bb59f89a82406bf95e7fa742bf7ecf2c29b4b1bdce530ca53a2/all_floors_json.json,https://floorsbucket.s3.eu-north-1.amazonaws.com/processed_images_folder/user_FloorplanTest290425_property_291/floorid_57e147a3fec78bb59f89a82406bf95e7fa742bf7ecf2c29b4b1bdce530ca53a2/all_floors.csv,https://floorsbucket.s3.eu-north-1.amazonaws.com/processed_images_folder/user_FloorplanTest290425_property_291/floorid_57e147a3fec78bb59f89a82406bf95e7fa742bf7ecf2c29b4b1bdce530ca53a2/total_area.csv,https://floorsbucket.s3.eu-north-1.amazonaws.com/processed_images_folder/user_FloorplanTest290425_property_291/floorid_57e147a3fec78bb59f89a82406bf95e7fa742bf7ecf2c29b4b1bdce530ca53a2/side_by_side_labelme.png,2025-04-29T15:01:04.880466+00:00
294,FloorplanTest290425,a67cf43818b44217c3f4699a6ce05cfdbf04920da44d95dad483d49e5510128f,https://media.rightmove.co.uk/36k/35126/159141125/35126_GFD130078_FLP_00_0000.jpeg,https://floorsbucket.s3.eu-north-1.amazonaws.com/processed_images_folder/user_FloorplanTest290425_property_294/floorid_a67cf43818b44217c3f4699a6ce05cfdbf04920da44d95dad483d49e5510128f/all_floors_json.json,https://floorsbucket.s3.eu-north-1.amazonaws.com/processed_images_folder/user_FloorplanTest290425_property_294/floorid_a67cf43818b44217c3f4699a6ce05cfdbf04920da44d95dad483d49e5510128f/all_floors.csv,https://floorsbucket.s3.eu-north-1.amazonaws.com/processed_images_folder/user_FloorplanTest290425_property_294/floorid_a67cf43818b44217c3f4699a6ce05cfdbf04920da44d95dad483d49e5510128f/total_area.csv,https://floorsbucket.s3.eu-north-1.amazonaws.com/processed_images_folder/user_FloorplanTest290425_property_294/floorid_a67cf43818b44217c3f4699a6ce05cfdbf04920da44d95dad483d49e5510128f/side_by_side_labelme.png,2025-04-29T14:59:51.528836+00:00
285,FloorplanTest290425,2297dc730917e4eff822d75bb4465c3fa1add2c7c81899c9ac42743ef9fe991e,https://media.rightmove.co.uk/20k/19212/159080636/19212_RIP240053_FLP_00_0000.jpeg,https://floorsbucket.s3.eu-north-1.amazonaws.com/processed_images_folder/user_FloorplanTest290425_property_285/floorid_2297dc730917e4eff822d75bb4465c3fa1add2c7c81899c9ac42743ef9fe991e/all_floors_json.json,https://floorsbucket.s3.eu-north-1.amazonaws.com/processed_images_folder/user_FloorplanTest290425_property_285/floorid_2297dc730917e4eff822d75bb4465c3fa1add2c7c81899c9ac42743ef9fe991e/all_floors.csv,https://floorsbucket.s3.eu-north-1.amazonaws.com/processed_images_folder/user_FloorplanTest290425_property_285/floorid_2297dc730917e4eff822d75bb4465c3fa1add2c7c81899c9ac42743ef9fe991e/total_area.csv,https://floorsbucket.s3.eu-north-1.amazonaws.com/processed_images_folder/user_FloorplanTest290425_property_285/floorid_2297dc730917e4eff822d75bb4465c3fa1add2c7c81899c9ac42743ef9fe991e/side_by_side_labelme.png,2025-04-29T14:57:02.182390+00:00
288,FloorplanTest290425,076b3e52f3a9eb5e2e5acead61b1120cb19fd4b039a487d8fe92cb0fda08508e,https://media.rightmove.co.uk/8k/7819/159117539/7819_PWECC_688089_FLP_00_0000.jpeg,https://floorsbucket.s3.eu-north-1.amazonaws.com/processed_images_folder/user_FloorplanTest290425_property_288/floorid_076b3e52f3a9eb5e2e5acead61b1120cb19fd4b039a487d8fe92cb0fda08508e/all_floors_json.json,https://floorsbucket.s3.eu-north-1.amazonaws.com/processed_images_folder/user_FloorplanTest290425_property_288/floorid_076b3e52f3a9eb5e2e5acead61b1120cb19fd4b039a487d8fe92cb0fda08508e/all_floors.csv,https://floorsbucket.s3.eu-north-1.amazonaws.com/processed_images_folder/user_FloorplanTest290425_property_288/floorid_076b3e52f3a9eb5e2e5acead61b1120cb19fd4b039a487d8fe92cb0fda08508e/total_area.csv,https://floorsbucket.s3.eu-north-1.amazonaws.com/processed_images_folder/user_FloorplanTest290425_property_288/floorid_076b3e52f3a9eb5e2e5acead61b1120cb19fd4b039a487d8fe92cb0fda08508e/side_by_side_labelme.png,2025-04-29T14:54:59.840027+00:00
290,FloorplanTest290425,a04a10850e4a48beb9a10c4a489eb9c3aacb2a9d129ca24067ddd2478c5200a2,https://media.rightmove.co.uk/16k/15987/159160715/15987_1315911_FLP_00_0001.png,https://floorsbucket.s3.eu-north-1.amazonaws.com/processed_images_folder/user_FloorplanTest290425_property_290/floorid_a04a10850e4a48beb9a10c4a489eb9c3aacb2a9d129ca24067ddd2478c5200a2/all_floors_json.json,https://floorsbucket.s3.eu-north-1.amazonaws.com/processed_images_folder/user_FloorplanTest290425_property_290/floorid_a04a10850e4a48beb9a10c4a489eb9c3aacb2a9d129ca24067ddd2478c5200a2/all_floors.csv,https://floorsbucket.s3.eu-north-1.amazonaws.com/processed_images_folder/user_FloorplanTest290425_property_290/floorid_a04a10850e4a48beb9a10c4a489eb9c3aacb2a9d129ca24067ddd2478c5200a2/total_area.csv,https://floorsbucket.s3.eu-north-1.amazonaws.com/processed_images_folder/user_FloorplanTest290425_property_290/floorid_a04a10850e4a48beb9a10c4a489eb9c3aacb2a9d129ca24067ddd2478c5200a2/side_by_side_labelme.png,2025-04-29T14:53:48.645466+00:00
297,FloorplanTest290425,29d51f6de115399236fd5d9e6586d89cb55a3290ab9a1c3bdd59e1ed87cb631c,https://media.rightmove.co.uk/72k/71774/154387283/71774_WIN230555_FLP_00_0000.png,https://floorsbucket.s3.eu-north-1.amazonaws.com/processed_images_folder/user_FloorplanTest290425_property_297/floorid_29d51f6de115399236fd5d9e6586d89cb55a3290ab9a1c3bdd59e1ed87cb631c/all_floors_json.json,https://floorsbucket.s3.eu-north-1.amazonaws.com/processed_images_folder/user_FloorplanTest290425_property_297/floorid_29d51f6de115399236fd5d9e6586d89cb55a3290ab9a1c3bdd59e1ed87cb631c/all_floors.csv,https://floorsbucket.s3.eu-north-1.amazonaws.com/processed_images_folder/user_FloorplanTest290425_property_297/floorid_29d51f6de115399236fd5d9e6586d89cb55a3290ab9a1c3bdd59e1ed87cb631c/total_area.csv,https://floorsbucket.s3.eu-north-1.amazonaws.com/processed_images_folder/user_FloorplanTest290425_property_297/floorid_29d51f6de115399236fd5d9e6586d89cb55a3290ab9a1c3bdd59e1ed87cb631c/side_by_side_labelme.png,2025-04-29T14:51:45.798859+00:00
278,FloorplanTest290425,3f2af613cf266516271101146ce603d7942843b897cd2aba112d6eafbf6e4612,https://media.rightmove.co.uk/22k/21035/158578211/21035_298_FLP_00_0000.jpeg,https://floorsbucket.s3.eu-north-1.amazonaws.com/processed_images_folder/user_FloorplanTest290425_property_278/floorid_3f2af613cf266516271101146ce603d7942843b897cd2aba112d6eafbf6e4612/all_floors_json.json,https://floorsbucket.s3.eu-north-1.amazonaws.com/processed_images_folder/user_FloorplanTest290425_property_278/floorid_3f2af613cf266516271101146ce603d7942843b897cd2aba112d6eafbf6e4612/all_floors.csv,https://floorsbucket.s3.eu-north-1.amazonaws.com/processed_images_folder/user_FloorplanTest290425_property_278/floorid_3f2af613cf266516271101146ce603d7942843b897cd2aba112d6eafbf6e4612/total_area.csv,https://floorsbucket.s3.eu-north-1.amazonaws.com/processed_images_folder/user_FloorplanTest290425_property_278/floorid_3f2af613cf266516271101146ce603d7942843b897cd2aba112d6eafbf6e4612/side_by_side_labelme.png,2025-04-29T14:39:47.930890+00:00
277,FloorplanTest290425,170b81989d6ae368def837478f51c0ab60c1f32af8a523b2a65ffb89fbea4818,https://media.rightmove.co.uk/12k/11612/158865065/11612_BUR230044_FLP_00_0000.jpeg,https://floorsbucket.s3.eu-north-1.amazonaws.com/processed_images_folder/user_FloorplanTest290425_property_277/floorid_170b81989d6ae368def837478f51c0ab60c1f32af8a523b2a65ffb89fbea4818/all_floors_json.json,https://floorsbucket.s3.eu-north-1.amazonaws.com/processed_images_folder/user_FloorplanTest290425_property_277/floorid_170b81989d6ae368def837478f51c0ab60c1f32af8a523b2a65ffb89fbea4818/all_floors.csv,https://floorsbucket.s3.eu-north-1.amazonaws.com/processed_images_folder/user_FloorplanTest290425_property_277/floorid_170b81989d6ae368def837478f51c0ab60c1f32af8a523b2a65ffb89fbea4818/total_area.csv,https://floorsbucket.s3.eu-north-1.amazonaws.com/processed_images_folder/user_FloorplanTest290425_property_277/floorid_170b81989d6ae368def837478f51c0ab60c1f32af8a523b2a65ffb89fbea4818/side_by_side_labelme.png,2025-04-29T14:28:35.629141+00:00
276,FloorplanTest290425,a062faef607f3e178b0f7cddcc41ebb8642ad82ecb65ed958c9295dedb6b6e04,https://media.rightmove.co.uk/50k/49305/158876666/49305_S701192_FLP_00_0000.jpeg,https://floorsbucket.s3.eu-north-1.amazonaws.com/processed_images_folder/user_FloorplanTest290425_property_276/floorid_a062faef607f3e178b0f7cddcc41ebb8642ad82ecb65ed958c9295dedb6b6e04/all_floors_json.json,https://floorsbucket.s3.eu-north-1.amazonaws.com/processed_images_folder/user_FloorplanTest290425_property_276/floorid_a062faef607f3e178b0f7cddcc41ebb8642ad82ecb65ed958c9295dedb6b6e04/all_floors.csv,https://floorsbucket.s3.eu-north-1.amazonaws.com/processed_images_folder/user_FloorplanTest290425_property_276/floorid_a062faef607f3e178b0f7cddcc41ebb8642ad82ecb65ed958c9295dedb6b6e04/total_area.csv,https://floorsbucket.s3.eu-north-1.amazonaws.com/processed_images_folder/user_FloorplanTest290425_property_276/floorid_a062faef607f3e178b0f7cddcc41ebb8642ad82ecb65ed958c9295dedb6b6e04/side_by_side_labelme.png,2025-04-29T14:18:25.904398+00:00
274,FloorplanTest290425,25c8c854b4eeeb1de97ebb7ef513b6f8b5e4516f00b1f0ba4ebd3a0f79661f64,https://media.rightmove.co.uk/16k/15987/157463864/15987_1311733_FLP_00_0003.png,https://floorsbucket.s3.eu-north-1.amazonaws.com/processed_images_folder/user_FloorplanTest290425_property_274/floorid_25c8c854b4eeeb1de97ebb7ef513b6f8b5e4516f00b1f0ba4ebd3a0f79661f64/all_floors_json.json,https://floorsbucket.s3.eu-north-1.amazonaws.com/processed_images_folder/user_FloorplanTest290425_property_274/floorid_25c8c854b4eeeb1de97ebb7ef513b6f8b5e4516f00b1f0ba4ebd3a0f79661f64/all_floors.csv,https://floorsbucket.s3.eu-north-1.amazonaws.com/processed_images_folder/user_FloorplanTest290425_property_274/floorid_25c8c854b4eeeb1de97ebb7ef513b6f8b5e4516f00b1f0ba4ebd3a0f79661f64/total_area.csv,https://floorsbucket.s3.eu-north-1.amazonaws.com/processed_images_folder/user_FloorplanTest290425_property_274/floorid_25c8c854b4eeeb1de97ebb7ef513b6f8b5e4516f00b1f0ba4ebd3a0f79661f64/side_by_side_labelme.png,2025-04-29T14:03:28.592357+00:00
273,FloorplanTest290425,4bcaef9b684b3c5e63dcb06a0e1980f595606c679fe1fbdca33da239146f7b86,https://media.rightmove.co.uk/36k/35126/158812739/35126_GFD240202_FLP_00_0000.jpeg,https://floorsbucket.s3.eu-north-1.amazonaws.com/processed_images_folder/user_FloorplanTest290425_property_273/floorid_4bcaef9b684b3c5e63dcb06a0e1980f595606c679fe1fbdca33da239146f7b86/all_floors_json.json,https://floorsbucket.s3.eu-north-1.amazonaws.com/processed_images_folder/user_FloorplanTest290425_property_273/floorid_4bcaef9b684b3c5e63dcb06a0e1980f595606c679fe1fbdca33da239146f7b86/all_floors.csv,https://floorsbucket.s3.eu-north-1.amazonaws.com/processed_images_folder/user_FloorplanTest290425_property_273/floorid_4bcaef9b684b3c5e63dcb06a0e1980f595606c679fe1fbdca33da239146f7b86/total_area.csv,https://floorsbucket.s3.eu-north-1.amazonaws.com/processed_images_folder/user_FloorplanTest290425_property_273/floorid_4bcaef9b684b3c5e63dcb06a0e1980f595606c679fe1fbdca33da239146f7b86/side_by_side_labelme.png,2025-04-29T13:56:22.637888+00:00
272,FloorplanTest290425,6e277c5d2a49e4f29c9654072fd7e8a5f2319069b496e9b2eab8f45e95614ade,https://media.rightmove.co.uk/10k/9040/158818088/9040_WOK230790_FLP_00_0000.png,https://floorsbucket.s3.eu-north-1.amazonaws.com/processed_images_folder/user_FloorplanTest290425_property_272/floorid_6e277c5d2a49e4f29c9654072fd7e8a5f2319069b496e9b2eab8f45e95614ade/all_floors_json.json,https://floorsbucket.s3.eu-north-1.amazonaws.com/processed_images_folder/user_FloorplanTest290425_property_272/floorid_6e277c5d2a49e4f29c9654072fd7e8a5f2319069b496e9b2eab8f45e95614ade/all_floors.csv,https://floorsbucket.s3.eu-north-1.amazonaws.com/processed_images_folder/user_FloorplanTest290425_property_272/floorid_6e277c5d2a49e4f29c9654072fd7e8a5f2319069b496e9b2eab8f45e95614ade/total_area.csv,https://floorsbucket.s3.eu-north-1.amazonaws.com/processed_images_folder/user_FloorplanTest290425_property_272/floorid_6e277c5d2a49e4f29c9654072fd7e8a5f2319069b496e9b2eab8f45e95614ade/side_by_side_labelme.png,2025-04-29T13:51:19.853590+00:00
270,FloorplanTest290425,d499299402c473d2dd3267ab71a9935265f81ec91e8cc445654b0c117c0d5ae2,https://media.rightmove.co.uk/42k/41075/152138696/41075_GLD190269_FLP_01_0009.png,https://floorsbucket.s3.eu-north-1.amazonaws.com/processed_images_folder/user_FloorplanTest290425_property_270/floorid_d499299402c473d2dd3267ab71a9935265f81ec91e8cc445654b0c117c0d5ae2/all_floors_json.json,https://floorsbucket.s3.eu-north-1.amazonaws.com/processed_images_folder/user_FloorplanTest290425_property_270/floorid_d499299402c473d2dd3267ab71a9935265f81ec91e8cc445654b0c117c0d5ae2/all_floors.csv,https://floorsbucket.s3.eu-north-1.amazonaws.com/processed_images_folder/user_FloorplanTest290425_property_270/floorid_d499299402c473d2dd3267ab71a9935265f81ec91e8cc445654b0c117c0d5ae2/total_area.csv,https://floorsbucket.s3.eu-north-1.amazonaws.com/processed_images_folder/user_FloorplanTest290425_property_270/floorid_d499299402c473d2dd3267ab71a9935265f81ec91e8cc445654b0c117c0d5ae2/side_by_side_labelme.png,2025-04-29T13:46:31.208978+00:00
270,FloorplanTest290425,a50f8aa0615202a93ffc30830378f0d3117fd4a1c9277fc9b7fdb23a5c5115d9,https://media.rightmove.co.uk/42k/41075/152138696/41075_GLD190269_FLP_00_0009.png,https://floorsbucket.s3.eu-north-1.amazonaws.com/processed_images_folder/user_FloorplanTest290425_property_270/floorid_a50f8aa0615202a93ffc30830378f0d3117fd4a1c9277fc9b7fdb23a5c5115d9/all_floors_json.json,https://floorsbucket.s3.eu-north-1.amazonaws.com/processed_images_folder/user_FloorplanTest290425_property_270/floorid_a50f8aa0615202a93ffc30830378f0d3117fd4a1c9277fc9b7fdb23a5c5115d9/all_floors.csv,https://floorsbucket.s3.eu-north-1.amazonaws.com/processed_images_folder/user_FloorplanTest290425_property_270/floorid_a50f8aa0615202a93ffc30830378f0d3117fd4a1c9277fc9b7fdb23a5c5115d9/total_area.csv,https://floorsbucket.s3.eu-north-1.amazonaws.com/processed_images_folder/user_FloorplanTest290425_property_270/floorid_a50f8aa0615202a93ffc30830378f0d3117fd4a1c9277fc9b7fdb23a5c5115d9/side_by_side_labelme.png,2025-04-29T13:46:31.208978+00:00
269,FloorplanTest290425,f05cc55d24d87d3732e6b4ab3b7faaf6f605733ea97760f6a465c9ab7424a7d5,https://media.rightmove.co.uk/18k/17973/158856674/17973_WNS150353_FLP_00_0001.jpeg,https://floorsbucket.s3.eu-north-1.amazonaws.com/processed_images_folder/user_FloorplanTest290425_property_269/floorid_f05cc55d24d87d3732e6b4ab3b7faaf6f605733ea97760f6a465c9ab7424a7d5/all_floors_json.json,https://floorsbucket.s3.eu-north-1.amazonaws.com/processed_images_folder/user_FloorplanTest290425_property_269/floorid_f05cc55d24d87d3732e6b4ab3b7faaf6f605733ea97760f6a465c9ab7424a7d5/all_floors.csv,https://floorsbucket.s3.eu-north-1.amazonaws.com/processed_images_folder/user_FloorplanTest290425_property_269/floorid_f05cc55d24d87d3732e6b4ab3b7faaf6f605733ea97760f6a465c9ab7424a7d5/total_area.csv,https://floorsbucket.s3.eu-north-1.amazonaws.com/processed_images_folder/user_FloorplanTest290425_property_269/floorid_f05cc55d24d87d3732e6b4ab3b7faaf6f605733ea97760f6a465c9ab7424a7d5/side_by_side_labelme.png,2025-04-29T13:40:55.916337+00:00
267,FloorplanTest290425,3d5f9d73ef96710bd722bbbd3d8a8f383cde501f732201568017788dae7e7f9d,https://media.rightmove.co.uk/38k/37979/158790029/37979_a1nQ500000JCn0QIAT_FLP_00_0000.jpeg,https://floorsbucket.s3.eu-north-1.amazonaws.com/processed_images_folder/user_FloorplanTest290425_property_267/floorid_3d5f9d73ef96710bd722bbbd3d8a8f383cde501f732201568017788dae7e7f9d/all_floors_json.json,https://floorsbucket.s3.eu-north-1.amazonaws.com/processed_images_folder/user_FloorplanTest290425_property_267/floorid_3d5f9d73ef96710bd722bbbd3d8a8f383cde501f732201568017788dae7e7f9d/all_floors.csv,https://floorsbucket.s3.eu-north-1.amazonaws.com/processed_images_folder/user_FloorplanTest290425_property_267/floorid_3d5f9d73ef96710bd722bbbd3d8a8f383cde501f732201568017788dae7e7f9d/total_area.csv,https://floorsbucket.s3.eu-north-1.amazonaws.com/processed_images_folder/user_FloorplanTest290425_property_267/floorid_3d5f9d73ef96710bd722bbbd3d8a8f383cde501f732201568017788dae7e7f9d/side_by_side_labelme.png,2025-04-29T13:36:38.561826+00:00
266,FloorplanTest290425,71a7d60f1c8b8f2ffdc1fdb1f81c0a8676e213a3b51a8552120960199abcc1fa,https://media.rightmove.co.uk/72k/71947/157156637/71947_50a56668-a934-4512-a8e9-c5c11fbe441c_FLP_00_0000.jpeg,https://floorsbucket.s3.eu-north-1.amazonaws.com/processed_images_folder/user_FloorplanTest290425_property_266/floorid_71a7d60f1c8b8f2ffdc1fdb1f81c0a8676e213a3b51a8552120960199abcc1fa/all_floors_json.json,https://floorsbucket.s3.eu-north-1.amazonaws.com/processed_images_folder/user_FloorplanTest290425_property_266/floorid_71a7d60f1c8b8f2ffdc1fdb1f81c0a8676e213a3b51a8552120960199abcc1fa/all_floors.csv,https://floorsbucket.s3.eu-north-1.amazonaws.com/processed_images_folder/user_FloorplanTest290425_property_266/floorid_71a7d60f1c8b8f2ffdc1fdb1f81c0a8676e213a3b51a8552120960199abcc1fa/total_area.csv,https://floorsbucket.s3.eu-north-1.amazonaws.com/processed_images_folder/user_FloorplanTest290425_property_266/floorid_71a7d60f1c8b8f2ffdc1fdb1f81c0a8676e213a3b51a8552120960199abcc1fa/side_by_side_labelme.png,2025-04-29T13:34:40.659089+00:00
265,FloorplanTest290425,7c88aa3ff7b0ac52679614d76954af3be25f2ca9ecaf36fbc25e356885f9687b,https://media.rightmove.co.uk/5k/4905/158248280/4905_WOA130226_FLP_00_0000.jpeg,https://floorsbucket.s3.eu-north-1.amazonaws.com/processed_images_folder/user_FloorplanTest290425_property_265/floorid_7c88aa3ff7b0ac52679614d76954af3be25f2ca9ecaf36fbc25e356885f9687b/all_floors_json.json,https://floorsbucket.s3.eu-north-1.amazonaws.com/processed_images_folder/user_FloorplanTest290425_property_265/floorid_7c88aa3ff7b0ac52679614d76954af3be25f2ca9ecaf36fbc25e356885f9687b/all_floors.csv,https://floorsbucket.s3.eu-north-1.amazonaws.com/processed_images_folder/user_FloorplanTest290425_property_265/floorid_7c88aa3ff7b0ac52679614d76954af3be25f2ca9ecaf36fbc25e356885f9687b/total_area.csv,https://floorsbucket.s3.eu-north-1.amazonaws.com/processed_images_folder/user_FloorplanTest290425_property_265/floorid_7c88aa3ff7b0ac52679614d76954af3be25f2ca9ecaf36fbc25e356885f9687b/side_by_side_labelme.png,2025-04-29T13:31:57.157965+00:00
264,FloorplanTest290425,53f4b334bbd300c272d3cf98243ffbd8ae86c12ad233e5385d0dbc50f752623c,https://media.rightmove.co.uk/34k/33563/158736590/33563_WIN140205_FLP_00_0001.jpeg,https://floorsbucket.s3.eu-north-1.amazonaws.com/processed_images_folder/user_FloorplanTest290425_property_264/floorid_53f4b334bbd300c272d3cf98243ffbd8ae86c12ad233e5385d0dbc50f752623c/all_floors_json.json,https://floorsbucket.s3.eu-north-1.amazonaws.com/processed_images_folder/user_FloorplanTest290425_property_264/floorid_53f4b334bbd300c272d3cf98243ffbd8ae86c12ad233e5385d0dbc50f752623c/all_floors.csv,https://floorsbucket.s3.eu-north-1.amazonaws.com/processed_images_folder/user_FloorplanTest290425_property_264/floorid_53f4b334bbd300c272d3cf98243ffbd8ae86c12ad233e5385d0dbc50f752623c/total_area.csv,https://floorsbucket.s3.eu-north-1.amazonaws.com/processed_images_folder/user_FloorplanTest290425_property_264/floorid_53f4b334bbd300c272d3cf98243ffbd8ae86c12ad233e5385d0dbc50f752623c/side_by_side_labelme.png,2025-04-29T13:29:57.103088+00:00
263,FloorplanTest290425,1b364c2fe0b751048b0cf92ffd45fb18d3e3de307d214f9693d77e73219332b0,https://media.rightmove.co.uk/34k/33563/158743841/33563_WIN250007_FLP_00_0000.jpeg,https://floorsbucket.s3.eu-north-1.amazonaws.com/processed_images_folder/user_FloorplanTest290425_property_263/floorid_1b364c2fe0b751048b0cf92ffd45fb18d3e3de307d214f9693d77e73219332b0/all_floors_json.json,https://floorsbucket.s3.eu-north-1.amazonaws.com/processed_images_folder/user_FloorplanTest290425_property_263/floorid_1b364c2fe0b751048b0cf92ffd45fb18d3e3de307d214f9693d77e73219332b0/all_floors.csv,https://floorsbucket.s3.eu-north-1.amazonaws.com/processed_images_folder/user_FloorplanTest290425_property_263/floorid_1b364c2fe0b751048b0cf92ffd45fb18d3e3de307d214f9693d77e73219332b0/total_area.csv,https://floorsbucket.s3.eu-north-1.amazonaws.com/processed_images_folder/user_FloorplanTest290425_property_263/floorid_1b364c2fe0b751048b0cf92ffd45fb18d3e3de307d214f9693d77e73219332b0/side_by_side_labelme.png,2025-04-29T13:27:53.903553+00:00
261,FloorplanTest290425,034bcd31d54ea86095417bb228b7b34c08d88726b50d65dfbe5468fba8e34aed,https://media.rightmove.co.uk/10k/9040/156296654/9040_WOK140970_FLP_00_0001.jpeg,https://floorsbucket.s3.eu-north-1.amazonaws.com/processed_images_folder/user_FloorplanTest290425_property_261/floorid_034bcd31d54ea86095417bb228b7b34c08d88726b50d65dfbe5468fba8e34aed/all_floors_json.json,https://floorsbucket.s3.eu-north-1.amazonaws.com/processed_images_folder/user_FloorplanTest290425_property_261/floorid_034bcd31d54ea86095417bb228b7b34c08d88726b50d65dfbe5468fba8e34aed/all_floors.csv,https://floorsbucket.s3.eu-north-1.amazonaws.com/processed_images_folder/user_FloorplanTest290425_property_261/floorid_034bcd31d54ea86095417bb228b7b34c08d88726b50d65dfbe5468fba8e34aed/total_area.csv,https://floorsbucket.s3.eu-north-1.amazonaws.com/processed_images_folder/user_FloorplanTest290425_property_261/floorid_034bcd31d54ea86095417bb228b7b34c08d88726b50d65dfbe5468fba8e34aed/side_by_side_labelme.png,2025-04-29T13:23:48.002806+00:00
260,FloorplanTest290425,b2f3fe32444ad77acd4a275609478342bd0e30af8cf199b6494e6b153646e101,https://media.rightmove.co.uk/10k/9040/155520179/9040_WOK230854_FLP_00_0000.jpeg,https://floorsbucket.s3.eu-north-1.amazonaws.com/processed_images_folder/user_FloorplanTest290425_property_260/floorid_b2f3fe32444ad77acd4a275609478342bd0e30af8cf199b6494e6b153646e101/all_floors_json.json,https://floorsbucket.s3.eu-north-1.amazonaws.com/processed_images_folder/user_FloorplanTest290425_property_260/floorid_b2f3fe32444ad77acd4a275609478342bd0e30af8cf199b6494e6b153646e101/all_floors.csv,https://floorsbucket.s3.eu-north-1.amazonaws.com/processed_images_folder/user_FloorplanTest290425_property_260/floorid_b2f3fe32444ad77acd4a275609478342bd0e30af8cf199b6494e6b153646e101/total_area.csv,https://floorsbucket.s3.eu-north-1.amazonaws.com/processed_images_folder/user_FloorplanTest290425_property_260/floorid_b2f3fe32444ad77acd4a275609478342bd0e30af8cf199b6494e6b153646e101/side_by_side_labelme.png,2025-04-29T13:21:19.717789+00:00
259,FloorplanTest290425,3bfe74b865c90b469f467bb2686352ad2e5653c48137c8b757dd9c396a4f24b4,https://media.rightmove.co.uk/16k/15436/158165240/15436_28700965_FLP_00_0000.jpeg,https://floorsbucket.s3.eu-north-1.amazonaws.com/processed_images_folder/user_FloorplanTest290425_property_259/floorid_3bfe74b865c90b469f467bb2686352ad2e5653c48137c8b757dd9c396a4f24b4/all_floors_json.json,https://floorsbucket.s3.eu-north-1.amazonaws.com/processed_images_folder/user_FloorplanTest290425_property_259/floorid_3bfe74b865c90b469f467bb2686352ad2e5653c48137c8b757dd9c396a4f24b4/all_floors.csv,https://floorsbucket.s3.eu-north-1.amazonaws.com/processed_images_folder/user_FloorplanTest290425_property_259/floorid_3bfe74b865c90b469f467bb2686352ad2e5653c48137c8b757dd9c396a4f24b4/total_area.csv,https://floorsbucket.s3.eu-north-1.amazonaws.com/processed_images_folder/user_FloorplanTest290425_property_259/floorid_3bfe74b865c90b469f467bb2686352ad2e5653c48137c8b757dd9c396a4f24b4/side_by_side_labelme.png,2025-04-29T13:19:27.244527+00:00
257,FloorplanTest290425,c080fbac21985ab674a6e11d950c18eddd392f4aac58daf9bdff14763798cf3b,https://media.rightmove.co.uk/192k/191324/154099181/191324_RX393509_FLP_00_0000.jpeg,https://floorsbucket.s3.eu-north-1.amazonaws.com/processed_images_folder/user_FloorplanTest290425_property_257/floorid_c080fbac21985ab674a6e11d950c18eddd392f4aac58daf9bdff14763798cf3b/all_floors_json.json,https://floorsbucket.s3.eu-north-1.amazonaws.com/processed_images_folder/user_FloorplanTest290425_property_257/floorid_c080fbac21985ab674a6e11d950c18eddd392f4aac58daf9bdff14763798cf3b/all_floors.csv,https://floorsbucket.s3.eu-north-1.amazonaws.com/processed_images_folder/user_FloorplanTest290425_property_257/floorid_c080fbac21985ab674a6e11d950c18eddd392f4aac58daf9bdff14763798cf3b/total_area.csv,https://floorsbucket.s3.eu-north-1.amazonaws.com/processed_images_folder/user_FloorplanTest290425_property_257/floorid_c080fbac21985ab674a6e11d950c18eddd392f4aac58daf9bdff14763798cf3b/side_by_side_labelme.png,2025-04-29T13:15:36.976978+00:00
253,FloorplanTest290425,dce485362cb090a8cd953ae0d9dae1cc67a20a1cf8b20cf2c4b35bf54c15e23b,https://media.rightmove.co.uk/87k/86777/158701067/86777_KNA220532_FLP_00_0000.jpeg,https://floorsbucket.s3.eu-north-1.amazonaws.com/processed_images_folder/user_FloorplanTest290425_property_253/floorid_dce485362cb090a8cd953ae0d9dae1cc67a20a1cf8b20cf2c4b35bf54c15e23b/all_floors_json.json,https://floorsbucket.s3.eu-north-1.amazonaws.com/processed_images_folder/user_FloorplanTest290425_property_253/floorid_dce485362cb090a8cd953ae0d9dae1cc67a20a1cf8b20cf2c4b35bf54c15e23b/all_floors.csv,https://floorsbucket.s3.eu-north-1.amazonaws.com/processed_images_folder/user_FloorplanTest290425_property_253/floorid_dce485362cb090a8cd953ae0d9dae1cc67a20a1cf8b20cf2c4b35bf54c15e23b/total_area.csv,https://floorsbucket.s3.eu-north-1.amazonaws.com/processed_images_folder/user_FloorplanTest290425_property_253/floorid_dce485362cb090a8cd953ae0d9dae1cc67a20a1cf8b20cf2c4b35bf54c15e23b/side_by_side_labelme.png,2025-04-29T13:07:00.410844+00:00
252,FloorplanTest290425,2767c3111af2e27ba0b46b59d69c66dfc107079948b46bfdc9f0ca4b2b422dc7,https://media.rightmove.co.uk/55k/54899/158508347/54899_ef2e3c45-d5d0-4ca3-b7fe-718d5542617c_FLP_00_0000.jpeg,https://floorsbucket.s3.eu-north-1.amazonaws.com/processed_images_folder/user_FloorplanTest290425_property_252/floorid_2767c3111af2e27ba0b46b59d69c66dfc107079948b46bfdc9f0ca4b2b422dc7/all_floors_json.json,https://floorsbucket.s3.eu-north-1.amazonaws.com/processed_images_folder/user_FloorplanTest290425_property_252/floorid_2767c3111af2e27ba0b46b59d69c66dfc107079948b46bfdc9f0ca4b2b422dc7/all_floors.csv,https://floorsbucket.s3.eu-north-1.amazonaws.com/processed_images_folder/user_FloorplanTest290425_property_252/floorid_2767c3111af2e27ba0b46b59d69c66dfc107079948b46bfdc9f0ca4b2b422dc7/total_area.csv,https://floorsbucket.s3.eu-north-1.amazonaws.com/processed_images_folder/user_FloorplanTest290425_property_252/floorid_2767c3111af2e27ba0b46b59d69c66dfc107079948b46bfdc9f0ca4b2b422dc7/side_by_side_labelme.png,2025-04-29T13:05:00.526244+00:00
251,FloorplanTest290425,9920de4eafc20be7a8e08cf1a7c5ab6b5260db71817620652547a994f125412e,https://media.rightmove.co.uk/239k/238265/152076377/238265_S1064575_FLP_00_0000.jpeg,https://floorsbucket.s3.eu-north-1.amazonaws.com/processed_images_folder/user_FloorplanTest290425_property_251/floorid_9920de4eafc20be7a8e08cf1a7c5ab6b5260db71817620652547a994f125412e/all_floors_json.json,https://floorsbucket.s3.eu-north-1.amazonaws.com/processed_images_folder/user_FloorplanTest290425_property_251/floorid_9920de4eafc20be7a8e08cf1a7c5ab6b5260db71817620652547a994f125412e/all_floors.csv,https://floorsbucket.s3.eu-north-1.amazonaws.com/processed_images_folder/user_FloorplanTest290425_property_251/floorid_9920de4eafc20be7a8e08cf1a7c5ab6b5260db71817620652547a994f125412e/total_area.csv,https://floorsbucket.s3.eu-north-1.amazonaws.com/processed_images_folder/user_FloorplanTest290425_property_251/floorid_9920de4eafc20be7a8e08cf1a7c5ab6b5260db71817620652547a994f125412e/side_by_side_labelme.png,2025-04-29T13:01:27.088573+00:00
250,FloorplanTest290425,605ad15e0dd8eac9c6e6366d98b930c7ee994f3ffc2c8bc6934da3baacb29afe,https://media.rightmove.co.uk/85k/84800/158648825/84800_33695969_FLP_00_0000.jpeg,https://floorsbucket.s3.eu-north-1.amazonaws.com/processed_images_folder/user_FloorplanTest290425_property_250/floorid_605ad15e0dd8eac9c6e6366d98b930c7ee994f3ffc2c8bc6934da3baacb29afe/all_floors_json.json,https://floorsbucket.s3.eu-north-1.amazonaws.com/processed_images_folder/user_FloorplanTest290425_property_250/floorid_605ad15e0dd8eac9c6e6366d98b930c7ee994f3ffc2c8bc6934da3baacb29afe/all_floors.csv,https://floorsbucket.s3.eu-north-1.amazonaws.com/processed_images_folder/user_FloorplanTest290425_property_250/floorid_605ad15e0dd8eac9c6e6366d98b930c7ee994f3ffc2c8bc6934da3baacb29afe/total_area.csv,https://floorsbucket.s3.eu-north-1.amazonaws.com/processed_images_folder/user_FloorplanTest290425_property_250/floorid_605ad15e0dd8eac9c6e6366d98b930c7ee994f3ffc2c8bc6934da3baacb29afe/side_by_side_labelme.png,2025-04-29T12:58:43.979002+00:00
249,FloorplanTest290425,8554eb9d218853c834404be35b10871b7e252f7315c91c6dda71db236674891c,https://media.rightmove.co.uk/12k/11612/158614079/11612_BUR240316_FLP_00_0000.jpeg,https://floorsbucket.s3.eu-north-1.amazonaws.com/processed_images_folder/user_FloorplanTest290425_property_249/floorid_8554eb9d218853c834404be35b10871b7e252f7315c91c6dda71db236674891c/all_floors_json.json,https://floorsbucket.s3.eu-north-1.amazonaws.com/processed_images_folder/user_FloorplanTest290425_property_249/floorid_8554eb9d218853c834404be35b10871b7e252f7315c91c6dda71db236674891c/all_floors.csv,https://floorsbucket.s3.eu-north-1.amazonaws.com/processed_images_folder/user_FloorplanTest290425_property_249/floorid_8554eb9d218853c834404be35b10871b7e252f7315c91c6dda71db236674891c/total_area.csv,https://floorsbucket.s3.eu-north-1.amazonaws.com/processed_images_folder/user_FloorplanTest290425_property_249/floorid_8554eb9d218853c834404be35b10871b7e252f7315c91c6dda71db236674891c/side_by_side_labelme.png,2025-04-29T12:56:50.179786+00:00
246,FloorplanTest290425,4153fce4b9ad0f535ac50378290f29a2848008654d5a5a45d8a9efc78e4f5081,https://media.rightmove.co.uk/97k/96368/158607725/96368_HOR240204_FLP_00_0000.jpeg,https://floorsbucket.s3.eu-north-1.amazonaws.com/processed_images_folder/user_FloorplanTest290425_property_246/floorid_4153fce4b9ad0f535ac50378290f29a2848008654d5a5a45d8a9efc78e4f5081/all_floors_json.json,https://floorsbucket.s3.eu-north-1.amazonaws.com/processed_images_folder/user_FloorplanTest290425_property_246/floorid_4153fce4b9ad0f535ac50378290f29a2848008654d5a5a45d8a9efc78e4f5081/all_floors.csv,https://floorsbucket.s3.eu-north-1.amazonaws.com/processed_images_folder/user_FloorplanTest290425_property_246/floorid_4153fce4b9ad0f535ac50378290f29a2848008654d5a5a45d8a9efc78e4f5081/total_area.csv,https://floorsbucket.s3.eu-north-1.amazonaws.com/processed_images_folder/user_FloorplanTest290425_property_246/floorid_4153fce4b9ad0f535ac50378290f29a2848008654d5a5a45d8a9efc78e4f5081/side_by_side_labelme.png,2025-04-29T12:50:32.200641+00:00
244,FloorplanTest290425,babb814b6c58782c8a1151f415f1d657ad14ebfd268843c513ff9ea311d6a96d,https://media.rightmove.co.uk/41k/40310/158391395/40310_33681716_FLP_00_0000.jpeg,https://floorsbucket.s3.eu-north-1.amazonaws.com/processed_images_folder/user_FloorplanTest290425_property_244/floorid_babb814b6c58782c8a1151f415f1d657ad14ebfd268843c513ff9ea311d6a96d/all_floors_json.json,https://floorsbucket.s3.eu-north-1.amazonaws.com/processed_images_folder/user_FloorplanTest290425_property_244/floorid_babb814b6c58782c8a1151f415f1d657ad14ebfd268843c513ff9ea311d6a96d/all_floors.csv,https://floorsbucket.s3.eu-north-1.amazonaws.com/processed_images_folder/user_FloorplanTest290425_property_244/floorid_babb814b6c58782c8a1151f415f1d657ad14ebfd268843c513ff9ea311d6a96d/total_area.csv,https://floorsbucket.s3.eu-north-1.amazonaws.com/processed_images_folder/user_FloorplanTest290425_property_244/floorid_babb814b6c58782c8a1151f415f1d657ad14ebfd268843c513ff9ea311d6a96d/side_by_side_labelme.png,2025-04-29T12:46:50.241768+00:00
242,FloorplanTest290425,62fc61f8a1efdaa53ad6f6120508793377b69db8b9593dff57de77feab5ffa06,https://media.rightmove.co.uk/69k/68971/156809111/68971_GUI220347_FLP_00_0000.png,https://floorsbucket.s3.eu-north-1.amazonaws.com/processed_images_folder/user_FloorplanTest290425_property_242/floorid_62fc61f8a1efdaa53ad6f6120508793377b69db8b9593dff57de77feab5ffa06/all_floors_json.json,https://floorsbucket.s3.eu-north-1.amazonaws.com/processed_images_folder/user_FloorplanTest290425_property_242/floorid_62fc61f8a1efdaa53ad6f6120508793377b69db8b9593dff57de77feab5ffa06/all_floors.csv,https://floorsbucket.s3.eu-north-1.amazonaws.com/processed_images_folder/user_FloorplanTest290425_property_242/floorid_62fc61f8a1efdaa53ad6f6120508793377b69db8b9593dff57de77feab5ffa06/total_area.csv,https://floorsbucket.s3.eu-north-1.amazonaws.com/processed_images_folder/user_FloorplanTest290425_property_242/floorid_62fc61f8a1efdaa53ad6f6120508793377b69db8b9593dff57de77feab5ffa06/side_by_side_labelme.png,2025-04-29T12:41:37.216793+00:00
241,FloorplanTest290425,27df283eabddb652a56b9e8e30013cc1a247e3684942947c9f8340a10a1edbb2,https://media.rightmove.co.uk/16k/15984/158420027/15984_1314093_FLP_00_0000.png,https://floorsbucket.s3.eu-north-1.amazonaws.com/processed_images_folder/user_FloorplanTest290425_property_241/floorid_27df283eabddb652a56b9e8e30013cc1a247e3684942947c9f8340a10a1edbb2/all_floors_json.json,https://floorsbucket.s3.eu-north-1.amazonaws.com/processed_images_folder/user_FloorplanTest290425_property_241/floorid_27df283eabddb652a56b9e8e30013cc1a247e3684942947c9f8340a10a1edbb2/all_floors.csv,https://floorsbucket.s3.eu-north-1.amazonaws.com/processed_images_folder/user_FloorplanTest290425_property_241/floorid_27df283eabddb652a56b9e8e30013cc1a247e3684942947c9f8340a10a1edbb2/total_area.csv,https://floorsbucket.s3.eu-north-1.amazonaws.com/processed_images_folder/user_FloorplanTest290425_property_241/floorid_27df283eabddb652a56b9e8e30013cc1a247e3684942947c9f8340a10a1edbb2/side_by_side_labelme.png,2025-04-29T12:40:13.331193+00:00
240,FloorplanTest290425,07ad05d2952fbf69eb7cd47920e53b31a7a4ab6683caadb447fcc5e8e40dea06,https://media.rightmove.co.uk/103k/102539/158389037/102539_a2567e7b-9ed6-4396-8d3d-bd3e4ff01df9_FLP_00_0001.jpeg,https://floorsbucket.s3.eu-north-1.amazonaws.com/processed_images_folder/user_FloorplanTest290425_property_240/floorid_07ad05d2952fbf69eb7cd47920e53b31a7a4ab6683caadb447fcc5e8e40dea06/all_floors_json.json,https://floorsbucket.s3.eu-north-1.amazonaws.com/processed_images_folder/user_FloorplanTest290425_property_240/floorid_07ad05d2952fbf69eb7cd47920e53b31a7a4ab6683caadb447fcc5e8e40dea06/all_floors.csv,https://floorsbucket.s3.eu-north-1.amazonaws.com/processed_images_folder/user_FloorplanTest290425_property_240/floorid_07ad05d2952fbf69eb7cd47920e53b31a7a4ab6683caadb447fcc5e8e40dea06/total_area.csv,https://floorsbucket.s3.eu-north-1.amazonaws.com/processed_images_folder/user_FloorplanTest290425_property_240/floorid_07ad05d2952fbf69eb7cd47920e53b31a7a4ab6683caadb447fcc5e8e40dea06/side_by_side_labelme.png,2025-04-29T12:38:48.263514+00:00
239,FloorplanTest290425,ee45f73f4a7759e47811d6014620565b3e6c2ee29cb74cdbc498a576c8d46278,https://media.rightmove.co.uk/37k/36239/157156604/36239_GUS240366_FLP_00_0000.jpeg,https://floorsbucket.s3.eu-north-1.amazonaws.com/processed_images_folder/user_FloorplanTest290425_property_239/floorid_ee45f73f4a7759e47811d6014620565b3e6c2ee29cb74cdbc498a576c8d46278/all_floors_json.json,https://floorsbucket.s3.eu-north-1.amazonaws.com/processed_images_folder/user_FloorplanTest290425_property_239/floorid_ee45f73f4a7759e47811d6014620565b3e6c2ee29cb74cdbc498a576c8d46278/all_floors.csv,https://floorsbucket.s3.eu-north-1.amazonaws.com/processed_images_folder/user_FloorplanTest290425_property_239/floorid_ee45f73f4a7759e47811d6014620565b3e6c2ee29cb74cdbc498a576c8d46278/total_area.csv,https://floorsbucket.s3.eu-north-1.amazonaws.com/processed_images_folder/user_FloorplanTest290425_property_239/floorid_ee45f73f4a7759e47811d6014620565b3e6c2ee29cb74cdbc498a576c8d46278/side_by_side_labelme.png,2025-04-29T12:36:51.276491+00:00
238,FloorplanTest290425,88ce38020b81060a56eb64fbdcbd35d7a5db49a6a0b14ab42ff0f84b9228b0ce,https://media.rightmove.co.uk/254k/253016/158354267/253016_S1211586_FLP_00_0000.jpeg,https://floorsbucket.s3.eu-north-1.amazonaws.com/processed_images_folder/user_FloorplanTest290425_property_238/floorid_88ce38020b81060a56eb64fbdcbd35d7a5db49a6a0b14ab42ff0f84b9228b0ce/all_floors_json.json,https://floorsbucket.s3.eu-north-1.amazonaws.com/processed_images_folder/user_FloorplanTest290425_property_238/floorid_88ce38020b81060a56eb64fbdcbd35d7a5db49a6a0b14ab42ff0f84b9228b0ce/all_floors.csv,https://floorsbucket.s3.eu-north-1.amazonaws.com/processed_images_folder/user_FloorplanTest290425_property_238/floorid_88ce38020b81060a56eb64fbdcbd35d7a5db49a6a0b14ab42ff0f84b9228b0ce/total_area.csv,https://floorsbucket.s3.eu-north-1.amazonaws.com/processed_images_folder/user_FloorplanTest290425_property_238/floorid_88ce38020b81060a56eb64fbdcbd35d7a5db49a6a0b14ab42ff0f84b9228b0ce/side_by_side_labelme.png,2025-04-29T12:34:00.794765+00:00
237,FloorplanTest290425,7b0d3ebb15439487e6e4ce0191f68834bc9e21652c4fad211f01ac5ffdcf48d9,https://media.rightmove.co.uk/37k/36239/158353511/36239_GUS250022_FLP_00_0000.jpeg,https://floorsbucket.s3.eu-north-1.amazonaws.com/processed_images_folder/user_FloorplanTest290425_property_237/floorid_7b0d3ebb15439487e6e4ce0191f68834bc9e21652c4fad211f01ac5ffdcf48d9/all_floors_json.json,https://floorsbucket.s3.eu-north-1.amazonaws.com/processed_images_folder/user_FloorplanTest290425_property_237/floorid_7b0d3ebb15439487e6e4ce0191f68834bc9e21652c4fad211f01ac5ffdcf48d9/all_floors.csv,https://floorsbucket.s3.eu-north-1.amazonaws.com/processed_images_folder/user_FloorplanTest290425_property_237/floorid_7b0d3ebb15439487e6e4ce0191f68834bc9e21652c4fad211f01ac5ffdcf48d9/total_area.csv,https://floorsbucket.s3.eu-north-1.amazonaws.com/processed_images_folder/user_FloorplanTest290425_property_237/floorid_7b0d3ebb15439487e6e4ce0191f68834bc9e21652c4fad211f01ac5ffdcf48d9/side_by_side_labelme.png,2025-04-29T12:32:06.224857+00:00
235,FloorplanTest290425,ac3ce60101c42d73b02efadb473672900d514d489e29824daf35e7b917d7c4e5,https://media.rightmove.co.uk/10k/9040/158352788/9040_WOK250078_FLP_00_0000.jpeg,https://floorsbucket.s3.eu-north-1.amazonaws.com/processed_images_folder/user_FloorplanTest290425_property_235/floorid_ac3ce60101c42d73b02efadb473672900d514d489e29824daf35e7b917d7c4e5/all_floors_json.json,https://floorsbucket.s3.eu-north-1.amazonaws.com/processed_images_folder/user_FloorplanTest290425_property_235/floorid_ac3ce60101c42d73b02efadb473672900d514d489e29824daf35e7b917d7c4e5/all_floors.csv,https://floorsbucket.s3.eu-north-1.amazonaws.com/processed_images_folder/user_FloorplanTest290425_property_235/floorid_ac3ce60101c42d73b02efadb473672900d514d489e29824daf35e7b917d7c4e5/total_area.csv,https://floorsbucket.s3.eu-north-1.amazonaws.com/processed_images_folder/user_FloorplanTest290425_property_235/floorid_ac3ce60101c42d73b02efadb473672900d514d489e29824daf35e7b917d7c4e5/side_by_side_labelme.png,2025-04-29T12:27:12.994166+00:00
233,FloorplanTest290425,1c8ad74c63f79b50592d6fbc2af467a1650cdfdfbfa2062643e71e992c669c11,https://media.rightmove.co.uk/8k/7153/154759076/7153_PULWE_503323_FLP_00_0000.jpeg,https://floorsbucket.s3.eu-north-1.amazonaws.com/processed_images_folder/user_FloorplanTest290425_property_233/floorid_1c8ad74c63f79b50592d6fbc2af467a1650cdfdfbfa2062643e71e992c669c11/all_floors_json.json,https://floorsbucket.s3.eu-north-1.amazonaws.com/processed_images_folder/user_FloorplanTest290425_property_233/floorid_1c8ad74c63f79b50592d6fbc2af467a1650cdfdfbfa2062643e71e992c669c11/all_floors.csv,https://floorsbucket.s3.eu-north-1.amazonaws.com/processed_images_folder/user_FloorplanTest290425_property_233/floorid_1c8ad74c63f79b50592d6fbc2af467a1650cdfdfbfa2062643e71e992c669c11/total_area.csv,https://floorsbucket.s3.eu-north-1.amazonaws.com/processed_images_folder/user_FloorplanTest290425_property_233/floorid_1c8ad74c63f79b50592d6fbc2af467a1650cdfdfbfa2062643e71e992c669c11/side_by_side_labelme.png,2025-04-29T12:23:16.703056+00:00
232,FloorplanTest290425,6a188a44fb1ee52148ae3c9ba076862e06ad2b050f4d1a9d1c594cce989ed3c2,https://media.rightmove.co.uk/49k/48620/158366828/48620_CLV744732_FLP_00_0000.jpeg,https://floorsbucket.s3.eu-north-1.amazonaws.com/processed_images_folder/user_FloorplanTest290425_property_232/floorid_6a188a44fb1ee52148ae3c9ba076862e06ad2b050f4d1a9d1c594cce989ed3c2/all_floors_json.json,https://floorsbucket.s3.eu-north-1.amazonaws.com/processed_images_folder/user_FloorplanTest290425_property_232/floorid_6a188a44fb1ee52148ae3c9ba076862e06ad2b050f4d1a9d1c594cce989ed3c2/all_floors.csv,https://floorsbucket.s3.eu-north-1.amazonaws.com/processed_images_folder/user_FloorplanTest290425_property_232/floorid_6a188a44fb1ee52148ae3c9ba076862e06ad2b050f4d1a9d1c594cce989ed3c2/total_area.csv,https://floorsbucket.s3.eu-north-1.amazonaws.com/processed_images_folder/user_FloorplanTest290425_property_232/floorid_6a188a44fb1ee52148ae3c9ba076862e06ad2b050f4d1a9d1c594cce989ed3c2/side_by_side_labelme.png,2025-04-29T12:21:55.392983+00:00
230,FloorplanTest290425,208f2b829c9814fa6e0cb71ca954768813842ef125b468e9cae1e64672af6e1a,https://media.rightmove.co.uk/162k/161522/158034488/161522_HPA240537_FLP_00_0000.jpeg,https://floorsbucket.s3.eu-north-1.amazonaws.com/processed_images_folder/user_FloorplanTest290425_property_230/floorid_208f2b829c9814fa6e0cb71ca954768813842ef125b468e9cae1e64672af6e1a/all_floors_json.json,https://floorsbucket.s3.eu-north-1.amazonaws.com/processed_images_folder/user_FloorplanTest290425_property_230/floorid_208f2b829c9814fa6e0cb71ca954768813842ef125b468e9cae1e64672af6e1a/all_floors.csv,https://floorsbucket.s3.eu-north-1.amazonaws.com/processed_images_folder/user_FloorplanTest290425_property_230/floorid_208f2b829c9814fa6e0cb71ca954768813842ef125b468e9cae1e64672af6e1a/total_area.csv,https://floorsbucket.s3.eu-north-1.amazonaws.com/processed_images_folder/user_FloorplanTest290425_property_230/floorid_208f2b829c9814fa6e0cb71ca954768813842ef125b468e9cae1e64672af6e1a/side_by_side_labelme.png,2025-04-29T12:17:15.562322+00:00
229,FloorplanTest290425,60271678c8f75e6d4017840f7b80901dbac971c434952944d54d95316604b863,https://media.rightmove.co.uk/50k/49305/158256791/49305_S1209360_FLP_00_0000.jpeg,https://floorsbucket.s3.eu-north-1.amazonaws.com/processed_images_folder/user_FloorplanTest290425_property_229/floorid_60271678c8f75e6d4017840f7b80901dbac971c434952944d54d95316604b863/all_floors_json.json,https://floorsbucket.s3.eu-north-1.amazonaws.com/processed_images_folder/user_FloorplanTest290425_property_229/floorid_60271678c8f75e6d4017840f7b80901dbac971c434952944d54d95316604b863/all_floors.csv,https://floorsbucket.s3.eu-north-1.amazonaws.com/processed_images_folder/user_FloorplanTest290425_property_229/floorid_60271678c8f75e6d4017840f7b80901dbac971c434952944d54d95316604b863/total_area.csv,https://floorsbucket.s3.eu-north-1.amazonaws.com/processed_images_folder/user_FloorplanTest290425_property_229/floorid_60271678c8f75e6d4017840f7b80901dbac971c434952944d54d95316604b863/side_by_side_labelme.png,2025-04-29T12:14:44.798558+00:00
228,FloorplanTest290425,c254fd0f6c566129b46d13967df21f02d99edb506c636ad2bfdb5a0046245a59,https://media.rightmove.co.uk/12k/11612/158264951/11612_BUR240187_FLP_00_0000.jpeg,https://floorsbucket.s3.eu-north-1.amazonaws.com/processed_images_folder/user_FloorplanTest290425_property_228/floorid_c254fd0f6c566129b46d13967df21f02d99edb506c636ad2bfdb5a0046245a59/all_floors_json.json,https://floorsbucket.s3.eu-north-1.amazonaws.com/processed_images_folder/user_FloorplanTest290425_property_228/floorid_c254fd0f6c566129b46d13967df21f02d99edb506c636ad2bfdb5a0046245a59/all_floors.csv,https://floorsbucket.s3.eu-north-1.amazonaws.com/processed_images_folder/user_FloorplanTest290425_property_228/floorid_c254fd0f6c566129b46d13967df21f02d99edb506c636ad2bfdb5a0046245a59/total_area.csv,https://floorsbucket.s3.eu-north-1.amazonaws.com/processed_images_folder/user_FloorplanTest290425_property_228/floorid_c254fd0f6c566129b46d13967df21f02d99edb506c636ad2bfdb5a0046245a59/side_by_side_labelme.png,2025-04-29T12:12:58.670723+00:00
227,FloorplanTest290425,a7b027663f7889172b7141b9fcf2290a248ecec59df1da3dd875e044ae0910b8,https://media.rightmove.co.uk/16k/15436/157114469/15436_28607650_FLP_00_0000.jpeg,https://floorsbucket.s3.eu-north-1.amazonaws.com/processed_images_folder/user_FloorplanTest290425_property_227/floorid_a7b027663f7889172b7141b9fcf2290a248ecec59df1da3dd875e044ae0910b8/all_floors_json.json,https://floorsbucket.s3.eu-north-1.amazonaws.com/processed_images_folder/user_FloorplanTest290425_property_227/floorid_a7b027663f7889172b7141b9fcf2290a248ecec59df1da3dd875e044ae0910b8/all_floors.csv,https://floorsbucket.s3.eu-north-1.amazonaws.com/processed_images_folder/user_FloorplanTest290425_property_227/floorid_a7b027663f7889172b7141b9fcf2290a248ecec59df1da3dd875e044ae0910b8/total_area.csv,https://floorsbucket.s3.eu-north-1.amazonaws.com/processed_images_folder/user_FloorplanTest290425_property_227/floorid_a7b027663f7889172b7141b9fcf2290a248ecec59df1da3dd875e044ae0910b8/side_by_side_labelme.png,2025-04-29T12:10:42.992093+00:00
225,FloorplanTest290425,c5d06144bf025bd06bd28cc5dcf73261c80f60e4197afee799956eda0ed602a6,https://media.rightmove.co.uk/10k/9040/158262095/9040_WOK240569_FLP_00_0000.jpeg,https://floorsbucket.s3.eu-north-1.amazonaws.com/processed_images_folder/user_FloorplanTest290425_property_225/floorid_c5d06144bf025bd06bd28cc5dcf73261c80f60e4197afee799956eda0ed602a6/all_floors_json.json,https://floorsbucket.s3.eu-north-1.amazonaws.com/processed_images_folder/user_FloorplanTest290425_property_225/floorid_c5d06144bf025bd06bd28cc5dcf73261c80f60e4197afee799956eda0ed602a6/all_floors.csv,https://floorsbucket.s3.eu-north-1.amazonaws.com/processed_images_folder/user_FloorplanTest290425_property_225/floorid_c5d06144bf025bd06bd28cc5dcf73261c80f60e4197afee799956eda0ed602a6/total_area.csv,https://floorsbucket.s3.eu-north-1.amazonaws.com/processed_images_folder/user_FloorplanTest290425_property_225/floorid_c5d06144bf025bd06bd28cc5dcf73261c80f60e4197afee799956eda0ed602a6/side_by_side_labelme.png,2025-04-29T12:07:37.178478+00:00
224,FloorplanTest290425,b8e1e4f1d17bab4d09d32fd06b2f29a99ddcff3b54cb97bc514a07901aca11bd,https://media.rightmove.co.uk/16k/15984/152943413/15984_1220188_FLP_00_0003.png,https://floorsbucket.s3.eu-north-1.amazonaws.com/processed_images_folder/user_FloorplanTest290425_property_224/floorid_b8e1e4f1d17bab4d09d32fd06b2f29a99ddcff3b54cb97bc514a07901aca11bd/all_floors_json.json,https://floorsbucket.s3.eu-north-1.amazonaws.com/processed_images_folder/user_FloorplanTest290425_property_224/floorid_b8e1e4f1d17bab4d09d32fd06b2f29a99ddcff3b54cb97bc514a07901aca11bd/all_floors.csv,https://floorsbucket.s3.eu-north-1.amazonaws.com/processed_images_folder/user_FloorplanTest290425_property_224/floorid_b8e1e4f1d17bab4d09d32fd06b2f29a99ddcff3b54cb97bc514a07901aca11bd/total_area.csv,https://floorsbucket.s3.eu-north-1.amazonaws.com/processed_images_folder/user_FloorplanTest290425_property_224/floorid_b8e1e4f1d17bab4d09d32fd06b2f29a99ddcff3b54cb97bc514a07901aca11bd/side_by_side_labelme.png,2025-04-29T12:06:23.674625+00:00
222,FloorplanTest290425,9b9345fc076726b7a117f162094d2449f72c643a754a049bc14a4b11781b10fe,https://media.rightmove.co.uk/20k/19212/158261315/19212_RIP210132_FLP_00_0000.jpeg,https://floorsbucket.s3.eu-north-1.amazonaws.com/processed_images_folder/user_FloorplanTest290425_property_222/floorid_9b9345fc076726b7a117f162094d2449f72c643a754a049bc14a4b11781b10fe/all_floors_json.json,https://floorsbucket.s3.eu-north-1.amazonaws.com/processed_images_folder/user_FloorplanTest290425_property_222/floorid_9b9345fc076726b7a117f162094d2449f72c643a754a049bc14a4b11781b10fe/all_floors.csv,https://floorsbucket.s3.eu-north-1.amazonaws.com/processed_images_folder/user_FloorplanTest290425_property_222/floorid_9b9345fc076726b7a117f162094d2449f72c643a754a049bc14a4b11781b10fe/total_area.csv,https://floorsbucket.s3.eu-north-1.amazonaws.com/processed_images_folder/user_FloorplanTest290425_property_222/floorid_9b9345fc076726b7a117f162094d2449f72c643a754a049bc14a4b11781b10fe/side_by_side_labelme.png,2025-04-29T12:00:54.103843+00:00
220,FloorplanTest290425,b5b552aff2345885e0d1803da98b1804ddeb4d2e4b77c20a0b466356cfaa71ea,https://media.rightmove.co.uk/18k/17973/158281094/17973_WNS250031_FLP_00_0000.jpeg,https://floorsbucket.s3.eu-north-1.amazonaws.com/processed_images_folder/user_FloorplanTest290425_property_220/floorid_b5b552aff2345885e0d1803da98b1804ddeb4d2e4b77c20a0b466356cfaa71ea/all_floors_json.json,https://floorsbucket.s3.eu-north-1.amazonaws.com/processed_images_folder/user_FloorplanTest290425_property_220/floorid_b5b552aff2345885e0d1803da98b1804ddeb4d2e4b77c20a0b466356cfaa71ea/all_floors.csv,https://floorsbucket.s3.eu-north-1.amazonaws.com/processed_images_folder/user_FloorplanTest290425_property_220/floorid_b5b552aff2345885e0d1803da98b1804ddeb4d2e4b77c20a0b466356cfaa71ea/total_area.csv,https://floorsbucket.s3.eu-north-1.amazonaws.com/processed_images_folder/user_FloorplanTest290425_property_220/floorid_b5b552aff2345885e0d1803da98b1804ddeb4d2e4b77c20a0b466356cfaa71ea/side_by_side_labelme.png,2025-04-29T11:56:47.942443+00:00
215,FloorplanTest290425,c36b0b79bcfd537c86a45ad61a97942ce59d322e64bfadb94ba310e16928a0ff,https://media.rightmove.co.uk/5k/4172/87080874/4172_100031013581_FLP_00_0000.png,https://floorsbucket.s3.eu-north-1.amazonaws.com/processed_images_folder/user_FloorplanTest290425_property_215/floorid_c36b0b79bcfd537c86a45ad61a97942ce59d322e64bfadb94ba310e16928a0ff/all_floors_json.json,https://floorsbucket.s3.eu-north-1.amazonaws.com/processed_images_folder/user_FloorplanTest290425_property_215/floorid_c36b0b79bcfd537c86a45ad61a97942ce59d322e64bfadb94ba310e16928a0ff/all_floors.csv,https://floorsbucket.s3.eu-north-1.amazonaws.com/processed_images_folder/user_FloorplanTest290425_property_215/floorid_c36b0b79bcfd537c86a45ad61a97942ce59d322e64bfadb94ba310e16928a0ff/total_area.csv,https://floorsbucket.s3.eu-north-1.amazonaws.com/processed_images_folder/user_FloorplanTest290425_property_215/floorid_c36b0b79bcfd537c86a45ad61a97942ce59d322e64bfadb94ba310e16928a0ff/side_by_side_labelme.png,2025-04-29T11:18:08.326867+00:00
219,FloorplanTest290425,77b22a888acc81b7de8fda073cacf7ba0cc589ddf51f98678a286b176b67377f,https://media.rightmove.co.uk/49k/48698/158119058/48698_WES200087_FLP_00_0000.jpeg,https://floorsbucket.s3.eu-north-1.amazonaws.com/processed_images_folder/user_FloorplanTest290425_property_219/floorid_77b22a888acc81b7de8fda073cacf7ba0cc589ddf51f98678a286b176b67377f/all_floors_json.json,https://floorsbucket.s3.eu-north-1.amazonaws.com/processed_images_folder/user_FloorplanTest290425_property_219/floorid_77b22a888acc81b7de8fda073cacf7ba0cc589ddf51f98678a286b176b67377f/all_floors.csv,https://floorsbucket.s3.eu-north-1.amazonaws.com/processed_images_folder/user_FloorplanTest290425_property_219/floorid_77b22a888acc81b7de8fda073cacf7ba0cc589ddf51f98678a286b176b67377f/total_area.csv,https://floorsbucket.s3.eu-north-1.amazonaws.com/processed_images_folder/user_FloorplanTest290425_property_219/floorid_77b22a888acc81b7de8fda073cacf7ba0cc589ddf51f98678a286b176b67377f/side_by_side_labelme.png,2025-04-29T11:31:19.865478+00:00
218,FloorplanTest290425,16660541df279280f0a063503ef0db91432aff548bebbf9294364cb99adfff18,https://media.rightmove.co.uk/20k/19212/158112233/19212_RIP210257_FLP_00_0000.jpeg,https://floorsbucket.s3.eu-north-1.amazonaws.com/processed_images_folder/user_FloorplanTest290425_property_218/floorid_16660541df279280f0a063503ef0db91432aff548bebbf9294364cb99adfff18/all_floors_json.json,https://floorsbucket.s3.eu-north-1.amazonaws.com/processed_images_folder/user_FloorplanTest290425_property_218/floorid_16660541df279280f0a063503ef0db91432aff548bebbf9294364cb99adfff18/all_floors.csv,https://floorsbucket.s3.eu-north-1.amazonaws.com/processed_images_folder/user_FloorplanTest290425_property_218/floorid_16660541df279280f0a063503ef0db91432aff548bebbf9294364cb99adfff18/total_area.csv,https://floorsbucket.s3.eu-north-1.amazonaws.com/processed_images_folder/user_FloorplanTest290425_property_218/floorid_16660541df279280f0a063503ef0db91432aff548bebbf9294364cb99adfff18/side_by_side_labelme.png,2025-04-29T11:27:19.898190+00:00
217,FloorplanTest290425,6df19ae40d67e4e4bf8fae610df0fd4bcef9f37dc1b4075418869e52fcdebf03,https://media.rightmove.co.uk/16k/15436/158149382/15436_28698681_FLP_00_0000.jpeg,https://floorsbucket.s3.eu-north-1.amazonaws.com/processed_images_folder/user_FloorplanTest290425_property_217/floorid_6df19ae40d67e4e4bf8fae610df0fd4bcef9f37dc1b4075418869e52fcdebf03/all_floors_json.json,https://floorsbucket.s3.eu-north-1.amazonaws.com/processed_images_folder/user_FloorplanTest290425_property_217/floorid_6df19ae40d67e4e4bf8fae610df0fd4bcef9f37dc1b4075418869e52fcdebf03/all_floors.csv,https://floorsbucket.s3.eu-north-1.amazonaws.com/processed_images_folder/user_FloorplanTest290425_property_217/floorid_6df19ae40d67e4e4bf8fae610df0fd4bcef9f37dc1b4075418869e52fcdebf03/total_area.csv,https://floorsbucket.s3.eu-north-1.amazonaws.com/processed_images_folder/user_FloorplanTest290425_property_217/floorid_6df19ae40d67e4e4bf8fae610df0fd4bcef9f37dc1b4075418869e52fcdebf03/side_by_side_labelme.png,2025-04-29T11:24:18.842710+00:00
216,FloorplanTest290425,34a9e5502035113a0a59cad16ebc72bb59455a4337d3defddf0eb53f1af099b2,https://media.rightmove.co.uk/12k/11612/158149802/11612_BUR100211_FLP_00_0000.jpeg,https://floorsbucket.s3.eu-north-1.amazonaws.com/processed_images_folder/user_FloorplanTest290425_property_216/floorid_34a9e5502035113a0a59cad16ebc72bb59455a4337d3defddf0eb53f1af099b2/all_floors_json.json,https://floorsbucket.s3.eu-north-1.amazonaws.com/processed_images_folder/user_FloorplanTest290425_property_216/floorid_34a9e5502035113a0a59cad16ebc72bb59455a4337d3defddf0eb53f1af099b2/all_floors.csv,https://floorsbucket.s3.eu-north-1.amazonaws.com/processed_images_folder/user_FloorplanTest290425_property_216/floorid_34a9e5502035113a0a59cad16ebc72bb59455a4337d3defddf0eb53f1af099b2/total_area.csv,https://floorsbucket.s3.eu-north-1.amazonaws.com/processed_images_folder/user_FloorplanTest290425_property_216/floorid_34a9e5502035113a0a59cad16ebc72bb59455a4337d3defddf0eb53f1af099b2/side_by_side_labelme.png,2025-04-29T11:21:48.642364+00:00
213,FloorplanTest290425,e20489be133b5dc53b9fc82086f8a2411a9fda81e96626b249c3fe237e278927,https://media.rightmove.co.uk/97k/96368/157624415/96368_HOR240273_FLP_00_0000.jpeg,https://floorsbucket.s3.eu-north-1.amazonaws.com/processed_images_folder/user_FloorplanTest290425_property_213/floorid_e20489be133b5dc53b9fc82086f8a2411a9fda81e96626b249c3fe237e278927/all_floors_json.json,https://floorsbucket.s3.eu-north-1.amazonaws.com/processed_images_folder/user_FloorplanTest290425_property_213/floorid_e20489be133b5dc53b9fc82086f8a2411a9fda81e96626b249c3fe237e278927/all_floors.csv,https://floorsbucket.s3.eu-north-1.amazonaws.com/processed_images_folder/user_FloorplanTest290425_property_213/floorid_e20489be133b5dc53b9fc82086f8a2411a9fda81e96626b249c3fe237e278927/total_area.csv,https://floorsbucket.s3.eu-north-1.amazonaws.com/processed_images_folder/user_FloorplanTest290425_property_213/floorid_e20489be133b5dc53b9fc82086f8a2411a9fda81e96626b249c3fe237e278927/side_by_side_labelme.png,2025-04-29T11:12:23.656981+00:00
212,FloorplanTest290425,08c0e213249b33325f88070e2fe0efd162e62c07360dce5b170247b1d0b58c30,https://media.rightmove.co.uk/16k/15987/157632305/15987_1309699_FLP_00_0003.png,https://floorsbucket.s3.eu-north-1.amazonaws.com/processed_images_folder/user_FloorplanTest290425_property_212/floorid_08c0e213249b33325f88070e2fe0efd162e62c07360dce5b170247b1d0b58c30/all_floors_json.json,https://floorsbucket.s3.eu-north-1.amazonaws.com/processed_images_folder/user_FloorplanTest290425_property_212/floorid_08c0e213249b33325f88070e2fe0efd162e62c07360dce5b170247b1d0b58c30/all_floors.csv,https://floorsbucket.s3.eu-north-1.amazonaws.com/processed_images_folder/user_FloorplanTest290425_property_212/floorid_08c0e213249b33325f88070e2fe0efd162e62c07360dce5b170247b1d0b58c30/total_area.csv,https://floorsbucket.s3.eu-north-1.amazonaws.com/processed_images_folder/user_FloorplanTest290425_property_212/floorid_08c0e213249b33325f88070e2fe0efd162e62c07360dce5b170247b1d0b58c30/side_by_side_labelme.png,2025-04-29T10:57:18.316862+00:00
2,2347033588400,2f6b4f7847dd3d0cbb8047cb172e2e4d433f9845481cf7f39407ce477882f1d0,https://media.rightmove.co.uk/16k/15987/157632305/15987_1309699_FLP_00_0003.png,https://floorsbucket.s3.eu-north-1.amazonaws.com/processed_images_folder/user_2347033588400_property_2/floorid_2f6b4f7847dd3d0cbb8047cb172e2e4d433f9845481cf7f39407ce477882f1d0/all_floors_json.json,https://floorsbucket.s3.eu-north-1.amazonaws.com/processed_images_folder/user_2347033588400_property_2/floorid_2f6b4f7847dd3d0cbb8047cb172e2e4d433f9845481cf7f39407ce477882f1d0/all_floors.csv,https://floorsbucket.s3.eu-north-1.amazonaws.com/processed_images_folder/user_2347033588400_property_2/floorid_2f6b4f7847dd3d0cbb8047cb172e2e4d433f9845481cf7f39407ce477882f1d0/total_area.csv,https://floorsbucket.s3.eu-north-1.amazonaws.com/processed_images_folder/user_2347033588400_property_2/floorid_2f6b4f7847dd3d0cbb8047cb172e2e4d433f9845481cf7f39407ce477882f1d0/side_by_side_labelme.png,2025-04-29T09:56:49.066569+00:00
44,8,cd18079e8cd8bdee19da980d6d4ccedd511c43811f14d346820498a99bf68120,https://media.rightmove.co.uk/58k/57272/158399288/57272_1314651_FLP_00_0000.png,https://floorsbucket.s3.eu-north-1.amazonaws.com/processed_images_folder/user_8_property_44/floorid_0/all_floors_json.json,https://floorsbucket.s3.eu-north-1.amazonaws.com/processed_images_folder/user_8_property_44/floorid_0/all_floors.csv,https://floorsbucket.s3.eu-north-1.amazonaws.com/processed_images_folder/user_8_property_44/floorid_fp1/total_area.csv,https://floorsbucket.s3.eu-north-1.amazonaws.com/processed_images_folder/user_8_property_44/floorid_0/side_by_side_labelme.png,2025-04-12T12:35:31.906963+00:00
35,8,46989ebfb72019fec7151fb4d3ef3d54a89d2b9682cbafbb21bfa064cdfaaaf3,https://media.rightmove.co.uk/10k/9040/158352788/9040_WOK250078_FLP_00_0000.jpeg,https://floorsbucket.s3.eu-north-1.amazonaws.com/processed_images_folder/user_8_property_35/floorid_0/all_floors_json.json,https://floorsbucket.s3.eu-north-1.amazonaws.com/processed_images_folder/user_8_property_35/floorid_0/all_floors.csv,https://floorsbucket.s3.eu-north-1.amazonaws.com/processed_images_folder/user_8_property_35/floorid_fp1/total_area.csv,https://floorsbucket.s3.eu-north-1.amazonaws.com/processed_images_folder/user_8_property_35/floorid_0/side_by_side_labelme.png,2025-04-12T12:35:31.907581+00:00
43,8,f3afac2dfdafa1f91b65b550a7c76475d7b94bb4b330d2684af510a98fe84732,https://media.rightmove.co.uk/69k/68971/156809111/68971_GUI220347_FLP_00_0000.png,https://floorsbucket.s3.eu-north-1.amazonaws.com/processed_images_folder/user_8_property_43/floorid_0/all_floors_json.json,https://floorsbucket.s3.eu-north-1.amazonaws.com/processed_images_folder/user_8_property_43/floorid_0/all_floors.csv,https://floorsbucket.s3.eu-north-1.amazonaws.com/processed_images_folder/user_8_property_43/floorid_fp1/total_area.csv,https://floorsbucket.s3.eu-north-1.amazonaws.com/processed_images_folder/user_8_property_43/floorid_0/side_by_side_labelme.png,2025-04-12T12:35:31.907556+00:00
54,8,f036e92018a51ab099b147e958c5290b1f9cf383ae443c55e0a163cc3480897d,https://media.rightmove.co.uk/85k/84800/158648825/84800_33695969_FLP_00_0000.jpeg,https://floorsbucket.s3.eu-north-1.amazonaws.com/processed_images_folder/user_8_property_54/floorid_0/all_floors_json.json,https://floorsbucket.s3.eu-north-1.amazonaws.com/processed_images_folder/user_8_property_54/floorid_0/all_floors.csv,https://floorsbucket.s3.eu-north-1.amazonaws.com/processed_images_folder/user_8_property_54/floorid_fp1/total_area.csv,https://floorsbucket.s3.eu-north-1.amazonaws.com/processed_images_folder/user_8_property_54/floorid_0/side_by_side_labelme.png,2025-04-12T12:35:31.907532+00:00
26,8,1c076789450602e9d6c9a8029b07eb6ea4e8852ba08716317d022cbd15ed5c67,https://media.rightmove.co.uk/50k/49305/158256791/49305_S1209360_FLP_00_0000.jpeg,https://floorsbucket.s3.eu-north-1.amazonaws.com/processed_images_folder/user_8_property_26/floorid_0/all_floors_json.json,https://floorsbucket.s3.eu-north-1.amazonaws.com/processed_images_folder/user_8_property_26/floorid_0/all_floors.csv,https://floorsbucket.s3.eu-north-1.amazonaws.com/processed_images_folder/user_8_property_26/floorid_fp1/total_area.csv,https://floorsbucket.s3.eu-north-1.amazonaws.com/processed_images_folder/user_8_property_26/floorid_0/side_by_side_labelme.png,2025-04-12T12:35:31.907507+00:00
41,8,5234e1b2987ef39e5aba21844555305b0a1731b8956b9379defc104c31c804ef,https://media.rightmove.co.uk/16k/15984/158420027/15984_1314093_FLP_00_0000.png,https://floorsbucket.s3.eu-north-1.amazonaws.com/processed_images_folder/user_8_property_41/floorid_0/all_floors_json.json,https://floorsbucket.s3.eu-north-1.amazonaws.com/processed_images_folder/user_8_property_41/floorid_0/all_floors.csv,https://floorsbucket.s3.eu-north-1.amazonaws.com/processed_images_folder/user_8_property_41/floorid_fp1/total_area.csv,https://floorsbucket.s3.eu-north-1.amazonaws.com/processed_images_folder/user_8_property_41/floorid_0/side_by_side_labelme.png,2025-04-12T12:35:31.907482+00:00
53,8,287796b7c24a8d9caf240d3bade594badfb554b5b926a6f5d1a1fd0dff8840df,https://media.rightmove.co.uk/12k/11612/158614079/11612_BUR240316_FLP_00_0000.jpeg,https://floorsbucket.s3.eu-north-1.amazonaws.com/processed_images_folder/user_8_property_53/floorid_0/all_floors_json.json,https://floorsbucket.s3.eu-north-1.amazonaws.com/processed_images_folder/user_8_property_53/floorid_0/all_floors.csv,https://floorsbucket.s3.eu-north-1.amazonaws.com/processed_images_folder/user_8_property_53/floorid_fp1/total_area.csv,https://floorsbucket.s3.eu-north-1.amazonaws.com/processed_images_folder/user_8_property_53/floorid_0/side_by_side_labelme.png,2025-04-12T12:35:31.907457+00:00
34,8,c22767a61764921e2d999a21aebfe14e3aa9831770df2c98edfb4510bc352821,https://media.rightmove.co.uk/87k/86777/158352755/86777_KNA250072_FLP_00_0000.jpeg,https://floorsbucket.s3.eu-north-1.amazonaws.com/processed_images_folder/user_8_property_34/floorid_0/all_floors_json.json,https://floorsbucket.s3.eu-north-1.amazonaws.com/processed_images_folder/user_8_property_34/floorid_0/all_floors.csv,https://floorsbucket.s3.eu-north-1.amazonaws.com/processed_images_folder/user_8_property_34/floorid_fp1/total_area.csv,https://floorsbucket.s3.eu-north-1.amazonaws.com/processed_images_folder/user_8_property_34/floorid_0/side_by_side_labelme.png,2025-04-12T12:35:31.907432+00:00
25,8,c017819f855888de24a7e19b5086bc22f61e560baeaebc4cde30c05ce084a4ce,https://media.rightmove.co.uk/12k/11612/158264951/11612_BUR240187_FLP_00_0000.jpeg,https://floorsbucket.s3.eu-north-1.amazonaws.com/processed_images_folder/user_8_property_25/floorid_0/all_floors_json.json,https://floorsbucket.s3.eu-north-1.amazonaws.com/processed_images_folder/user_8_property_25/floorid_0/all_floors.csv,https://floorsbucket.s3.eu-north-1.amazonaws.com/processed_images_folder/user_8_property_25/floorid_fp1/total_area.csv,https://floorsbucket.s3.eu-north-1.amazonaws.com/processed_images_folder/user_8_property_25/floorid_0/side_by_side_labelme.png,2025-04-12T12:35:31.907407+00:00
33,8,4241f323c23f79f61c47e3149d9be462f6321729f46734a6107fc3197a696aca,https://media.rightmove.co.uk/8k/7153/154759076/7153_PULWE_503323_FLP_00_0000.jpeg,https://floorsbucket.s3.eu-north-1.amazonaws.com/processed_images_folder/user_8_property_33/floorid_0/all_floors_json.json,https://floorsbucket.s3.eu-north-1.amazonaws.com/processed_images_folder/user_8_property_33/floorid_0/all_floors.csv,https://floorsbucket.s3.eu-north-1.amazonaws.com/processed_images_folder/user_8_property_33/floorid_fp1/total_area.csv,https://floorsbucket.s3.eu-north-1.amazonaws.com/processed_images_folder/user_8_property_33/floorid_0/side_by_side_labelme.png,2025-04-12T12:35:31.907333+00:00
39,8,1142de7215c7609df994f25c7eae614e773961c7ad9205fe902e62e1119bda5b,https://media.rightmove.co.uk/37k/36239/157156604/36239_GUS240366_FLP_00_0000.jpeg,https://floorsbucket.s3.eu-north-1.amazonaws.com/processed_images_folder/user_8_property_39/floorid_0/all_floors_json.json,https://floorsbucket.s3.eu-north-1.amazonaws.com/processed_images_folder/user_8_property_39/floorid_0/all_floors.csv,https://floorsbucket.s3.eu-north-1.amazonaws.com/processed_images_folder/user_8_property_39/floorid_fp1/total_area.csv,https://floorsbucket.s3.eu-north-1.amazonaws.com/processed_images_folder/user_8_property_39/floorid_0/side_by_side_labelme.png,2025-04-12T12:35:31.907284+00:00
61,8,a342965865ce0a8fdd691c45e23b7e16592114fcfd32ed755eb8d1183f8eb1be,https://media.rightmove.co.uk/108k/107488/153638363/107488_Eaton_FLP_00_0000.jpeg,https://floorsbucket.s3.eu-north-1.amazonaws.com/processed_images_folder/user_8_property_61/floorid_0/all_floors_json.json,https://floorsbucket.s3.eu-north-1.amazonaws.com/processed_images_folder/user_8_property_61/floorid_0/all_floors.csv,https://floorsbucket.s3.eu-north-1.amazonaws.com/processed_images_folder/user_8_property_61/floorid_fp1/total_area.csv,https://floorsbucket.s3.eu-north-1.amazonaws.com/processed_images_folder/user_8_property_61/floorid_0/side_by_side_labelme.png,2025-04-12T12:35:31.907259+00:00
38,8,b37d5726802f50a5d926f3a843bf192145e19007a03f143fe5677ee93d932476,https://media.rightmove.co.uk/254k/253016/158354267/253016_S1211586_FLP_00_0000.jpeg,https://floorsbucket.s3.eu-north-1.amazonaws.com/processed_images_folder/user_8_property_38/floorid_0/all_floors_json.json,https://floorsbucket.s3.eu-north-1.amazonaws.com/processed_images_folder/user_8_property_38/floorid_0/all_floors.csv,https://floorsbucket.s3.eu-north-1.amazonaws.com/processed_images_folder/user_8_property_38/floorid_fp1/total_area.csv,https://floorsbucket.s3.eu-north-1.amazonaws.com/processed_images_folder/user_8_property_38/floorid_0/side_by_side_labelme.png,2025-04-12T12:35:31.907186+00:00
59,8,8c08fb7af9904d45fa62f8ed7bdbd009940ff7710b3b48a2e78b0f8a3b071ef3,https://media.rightmove.co.uk/87k/86777/158701067/86777_KNA220532_FLP_00_0000.jpeg,https://floorsbucket.s3.eu-north-1.amazonaws.com/processed_images_folder/user_8_property_59/floorid_0/all_floors_json.json,https://floorsbucket.s3.eu-north-1.amazonaws.com/processed_images_folder/user_8_property_59/floorid_0/all_floors.csv,https://floorsbucket.s3.eu-north-1.amazonaws.com/processed_images_folder/user_8_property_59/floorid_fp1/total_area.csv,https://floorsbucket.s3.eu-north-1.amazonaws.com/processed_images_folder/user_8_property_59/floorid_0/side_by_side_labelme.png,2025-04-12T12:35:31.907161+00:00
58,10,36d66ac30000d49570d9b703dc67c565d05485bb9f80d53817945cc3474488e1,https://media.rightmove.co.uk/55k/54899/158508347/54899_ef2e3c45-d5d0-4ca3-b7fe-718d5542617c_FLP_00_0000.jpeg,https://floorsbucket.s3.eu-north-1.amazonaws.com/processed_images_folder/user_10_property_58/floorid_0/all_floors_json.json,https://floorsbucket.s3.eu-north-1.amazonaws.com/processed_images_folder/user_10_property_58/floorid_0/all_floors.csv,https://floorsbucket.s3.eu-north-1.amazonaws.com/processed_images_folder/user_10_property_58/floorid_fp1/total_area.csv,https://floorsbucket.s3.eu-north-1.amazonaws.com/processed_images_folder/user_10_property_58/floorid_0/side_by_side_labelme.png,2025-04-12T12:35:31.907112+00:00
46,8,299ad050b82340ff80f88dc9a5b1c4281e1e4088a0a9bfb11a6e75ec1f03e2b3,https://media.rightmove.co.uk/41k/40310/158391395/40310_33681716_FLP_00_0000.jpeg,https://floorsbucket.s3.eu-north-1.amazonaws.com/processed_images_folder/user_8_property_46/floorid_0/all_floors_json.json,https://floorsbucket.s3.eu-north-1.amazonaws.com/processed_images_folder/user_8_property_46/floorid_0/all_floors.csv,https://floorsbucket.s3.eu-north-1.amazonaws.com/processed_images_folder/user_8_property_46/floorid_fp1/total_area.csv,https://floorsbucket.s3.eu-north-1.amazonaws.com/processed_images_folder/user_8_property_46/floorid_0/side_by_side_labelme.png,2025-04-12T12:35:31.907085+00:00
37,8,fd42d17311a793a54b5bca5070f1efa076b47be30944813524b06e30e507ebc0,https://media.rightmove.co.uk/37k/36239/158353511/36239_GUS250022_FLP_00_0000.jpeg,https://floorsbucket.s3.eu-north-1.amazonaws.com/processed_images_folder/user_8_property_37/floorid_0/all_floors_json.json,https://floorsbucket.s3.eu-north-1.amazonaws.com/processed_images_folder/user_8_property_37/floorid_0/all_floors.csv,https://floorsbucket.s3.eu-north-1.amazonaws.com/processed_images_folder/user_8_property_37/floorid_fp1/total_area.csv,https://floorsbucket.s3.eu-north-1.amazonaws.com/processed_images_folder/user_8_property_37/floorid_0/side_by_side_labelme.png,2025-04-12T12:35:31.907061+00:00
27,8,74d0289fa45728c7a8f7bf0de6166f79c17e0a85f74247186fd31e322831c443,https://media.rightmove.co.uk/162k/161522/158034488/161522_HPA240537_FLP_00_0000.jpeg,https://floorsbucket.s3.eu-north-1.amazonaws.com/processed_images_folder/user_8_property_27/floorid_0/all_floors_json.json,https://floorsbucket.s3.eu-north-1.amazonaws.com/processed_images_folder/user_8_property_27/floorid_0/all_floors.csv,https://floorsbucket.s3.eu-north-1.amazonaws.com/processed_images_folder/user_8_property_27/floorid_fp1/total_area.csv,https://floorsbucket.s3.eu-north-1.amazonaws.com/processed_images_folder/user_8_property_27/floorid_0/side_by_side_labelme.png,2025-04-12T12:35:31.906937+00:00
55,8,87b0d348292c278c53afc088fe7185331f3c173d9957656257409697ebf86290,https://media.rightmove.co.uk/239k/238265/152076377/238265_S1064575_FLP_00_0000.jpeg,https://floorsbucket.s3.eu-north-1.amazonaws.com/processed_images_folder/user_8_property_55/floorid_0/all_floors_json.json,https://floorsbucket.s3.eu-north-1.amazonaws.com/processed_images_folder/user_8_property_55/floorid_0/all_floors.csv,https://floorsbucket.s3.eu-north-1.amazonaws.com/processed_images_folder/user_8_property_55/floorid_fp1/total_area.csv,https://floorsbucket.s3.eu-north-1.amazonaws.com/processed_images_folder/user_8_property_55/floorid_0/side_by_side_labelme.png,2025-04-12T12:35:31.906912+00:00
20,8,5ae2e2623b626a39fd2cef2f22366414a172f61d8f8dfaeb04ddac250d88499c,https://media.rightmove.co.uk/151k/150398/157665278/150398_MOD103295_FLP_00_0000.jpeg,https://floorsbucket.s3.eu-north-1.amazonaws.com/processed_images_folder/user_8_property_20/floorid_0/all_floors_json.json,https://floorsbucket.s3.eu-north-1.amazonaws.com/processed_images_folder/user_8_property_20/floorid_0/all_floors.csv,https://floorsbucket.s3.eu-north-1.amazonaws.com/processed_images_folder/user_8_property_20/floorid_fp1/total_area.csv,https://floorsbucket.s3.eu-north-1.amazonaws.com/processed_images_folder/user_8_property_20/floorid_0/side_by_side_labelme.png,2025-04-12T12:35:31.906287+00:00
24,8,a01f4f6fe1b8c76545afc309ef7f742cc6fa0eeb4593ce69131f9c3efcf25323,https://media.rightmove.co.uk/16k/15436/157114469/15436_28607650_FLP_00_0000.jpeg,https://floorsbucket.s3.eu-north-1.amazonaws.com/processed_images_folder/user_8_property_24/floorid_0/all_floors_json.json,https://floorsbucket.s3.eu-north-1.amazonaws.com/processed_images_folder/user_8_property_24/floorid_0/all_floors.csv,https://floorsbucket.s3.eu-north-1.amazonaws.com/processed_images_folder/user_8_property_24/floorid_fp1/total_area.csv,https://floorsbucket.s3.eu-north-1.amazonaws.com/processed_images_folder/user_8_property_24/floorid_0/side_by_side_labelme.png,2025-04-12T12:35:31.906889+00:00
22,8,16c56c25a2896907c314bbd5724ea8010497a78113113be74e736df7bb84e6be,https://media.rightmove.co.uk/10k/9040/158262095/9040_WOK240569_FLP_00_0000.jpeg,https://floorsbucket.s3.eu-north-1.amazonaws.com/processed_images_folder/user_8_property_22/floorid_0/all_floors_json.json,https://floorsbucket.s3.eu-north-1.amazonaws.com/processed_images_folder/user_8_property_22/floorid_0/all_floors.csv,https://floorsbucket.s3.eu-north-1.amazonaws.com/processed_images_folder/user_8_property_22/floorid_fp1/total_area.csv,https://floorsbucket.s3.eu-north-1.amazonaws.com/processed_images_folder/user_8_property_22/floorid_0/side_by_side_labelme.png,2025-04-12T12:35:31.906848+00:00
19,8,a3909c00dccf3f502c8d02ce5278a1efedc18c3376d7fde3446963b39a7fea64,https://media.rightmove.co.uk/20k/19212/158261315/19212_RIP210132_FLP_00_0000.jpeg,https://floorsbucket.s3.eu-north-1.amazonaws.com/processed_images_folder/user_8_property_19/floorid_0/all_floors_json.json,https://floorsbucket.s3.eu-north-1.amazonaws.com/processed_images_folder/user_8_property_19/floorid_0/all_floors.csv,https://floorsbucket.s3.eu-north-1.amazonaws.com/processed_images_folder/user_8_property_19/floorid_fp1/total_area.csv,https://floorsbucket.s3.eu-north-1.amazonaws.com/processed_images_folder/user_8_property_19/floorid_0/side_by_side_labelme.png,2025-04-12T12:35:31.906786+00:00
18,8,bfbf05d0787e2b76598d5374dea945c36301bb00c4c44f151241b711404873d0,https://media.rightmove.co.uk/34k/33563/158285186/33563_WIN190557_FLP_00_0000.jpeg,https://floorsbucket.s3.eu-north-1.amazonaws.com/processed_images_folder/user_8_property_18/floorid_0/all_floors_json.json,https://floorsbucket.s3.eu-north-1.amazonaws.com/processed_images_folder/user_8_property_18/floorid_0/all_floors.csv,https://floorsbucket.s3.eu-north-1.amazonaws.com/processed_images_folder/user_8_property_18/floorid_fp1/total_area.csv,https://floorsbucket.s3.eu-north-1.amazonaws.com/processed_images_folder/user_8_property_18/floorid_0/side_by_side_labelme.png,2025-04-12T12:35:31.906765+00:00
17,8,bfa3f5ae89de0afc9ac25a19d48fa7cdac2dbb64463ab4a5a7a3f8e7351a88fd,https://media.rightmove.co.uk/18k/17973/158281094/17973_WNS250031_FLP_00_0000.jpeg,https://floorsbucket.s3.eu-north-1.amazonaws.com/processed_images_folder/user_8_property_17/floorid_0/all_floors_json.json,https://floorsbucket.s3.eu-north-1.amazonaws.com/processed_images_folder/user_8_property_17/floorid_0/all_floors.csv,https://floorsbucket.s3.eu-north-1.amazonaws.com/processed_images_folder/user_8_property_17/floorid_fp1/total_area.csv,https://floorsbucket.s3.eu-north-1.amazonaws.com/processed_images_folder/user_8_property_17/floorid_0/side_by_side_labelme.png,2025-04-12T12:35:31.906745+00:00
10,2,2fc3ca6ccf4ff56a619f5c7e606ddcb9c051c3dfa75d87f81e1ea958f0baa0d5,https://media.rightmove.co.uk/49k/48698/158119058/48698_WES200087_FLP_00_0000.jpeg,https://floorsbucket.s3.eu-north-1.amazonaws.com/processed_images_folder/user_2_property_10/floorid_0/all_floors_json.json,https://floorsbucket.s3.eu-north-1.amazonaws.com/processed_images_folder/user_2_property_10/floorid_0/all_floors.csv,https://floorsbucket.s3.eu-north-1.amazonaws.com/processed_images_folder/user_2_property_10/floorid_fp1/total_area.csv,https://floorsbucket.s3.eu-north-1.amazonaws.com/processed_images_folder/user_2_property_10/floorid_0/side_by_side_labelme.png,2025-04-12T12:35:31.906619+00:00
14,8,ddcfe306bd73dda74fab95f99486ba1039c1c91b389a0f5ab65c940ac4ef533e,https://media.rightmove.co.uk/20k/19212/158112233/19212_RIP210257_FLP_00_0000.jpeg,https://floorsbucket.s3.eu-north-1.amazonaws.com/processed_images_folder/user_8_property_14/floorid_0/all_floors_json.json,https://floorsbucket.s3.eu-north-1.amazonaws.com/processed_images_folder/user_8_property_14/floorid_0/all_floors.csv,https://floorsbucket.s3.eu-north-1.amazonaws.com/processed_images_folder/user_8_property_14/floorid_fp1/total_area.csv,https://floorsbucket.s3.eu-north-1.amazonaws.com/processed_images_folder/user_8_property_14/floorid_0/side_by_side_labelme.png,2025-04-12T12:35:31.906703+00:00
13,8,496f06e6fbbf913053eea16b7a3151579e07ff6ee9e0499aa4b6351184e402d1,https://media.rightmove.co.uk/16k/15436/158149382/15436_28698681_FLP_00_0000.jpeg,https://floorsbucket.s3.eu-north-1.amazonaws.com/processed_images_folder/user_8_property_13/floorid_0/all_floors_json.json,https://floorsbucket.s3.eu-north-1.amazonaws.com/processed_images_folder/user_8_property_13/floorid_0/all_floors.csv,https://floorsbucket.s3.eu-north-1.amazonaws.com/processed_images_folder/user_8_property_13/floorid_fp1/total_area.csv,https://floorsbucket.s3.eu-north-1.amazonaws.com/processed_images_folder/user_8_property_13/floorid_0/side_by_side_labelme.png,2025-04-12T12:35:31.906682+00:00
12,8,955a626d1bd122a00b8014c331de8185c668705a7c6725a51bb40108ca994b69,https://media.rightmove.co.uk/12k/11612/158149802/11612_BUR100211_FLP_00_0000.jpeg,https://floorsbucket.s3.eu-north-1.amazonaws.com/processed_images_folder/user_8_property_12/floorid_0/all_floors_json.json,https://floorsbucket.s3.eu-north-1.amazonaws.com/processed_images_folder/user_8_property_12/floorid_0/all_floors.csv,https://floorsbucket.s3.eu-north-1.amazonaws.com/processed_images_folder/user_8_property_12/floorid_fp1/total_area.csv,https://floorsbucket.s3.eu-north-1.amazonaws.com/processed_images_folder/user_8_property_12/floorid_0/side_by_side_labelme.png,2025-04-12T12:35:31.906661+00:00
11,8,0822f22b9621bb401e7a3f855c75b0bbbc8e791e93ed69d3b4443b95e60e5487,https://media.rightmove.co.uk/5k/4172/87080874/4172_100031013581_FLP_00_0000.png,https://floorsbucket.s3.eu-north-1.amazonaws.com/processed_images_folder/user_8_property_11/floorid_0/all_floors_json.json,https://floorsbucket.s3.eu-north-1.amazonaws.com/processed_images_folder/user_8_property_11/floorid_0/all_floors.csv,https://floorsbucket.s3.eu-north-1.amazonaws.com/processed_images_folder/user_8_property_11/floorid_fp1/total_area.csv,https://floorsbucket.s3.eu-north-1.amazonaws.com/processed_images_folder/user_8_property_11/floorid_0/side_by_side_labelme.png,2025-04-12T12:35:31.906640+00:00
6,2,1e2c042f8be20bfd9223c8a2b200e47992b2e1d81ff0b7a42167a64406075c5b,https://media.rightmove.co.uk/5k/4172/87080874/4172_100031013581_FLP_00_0000.png,https://floorsbucket.s3.eu-north-1.amazonaws.com/processed_images_folder/user_2_property_6/floorid_fp_0/all_floors_json.json,https://floorsbucket.s3.eu-north-1.amazonaws.com/processed_images_folder/user_2_property_6/floorid_fp_0/all_floors.csv,https://floorsbucket.s3.eu-north-1.amazonaws.com/processed_images_folder/user_2_property_6/floorid_fp1/total_area.csv,https://floorsbucket.s3.eu-north-1.amazonaws.com/processed_images_folder/user_2_property_6/floorid_fp_0/side_by_side_labelme.png,2025-04-12T12:35:31.906473+00:00
210,2,72635fa71cf64a6cff69f8fbe5c78810d6af949a4457f58b46f6eb4b8f26ba11,https://media.rightmove.co.uk/85k/84073/157593251/84073_1312423_FLP_00_0001.png,https://floorsbucket.s3.eu-north-1.amazonaws.com/processed_images_folder/user_2347033588400_property_210/floorid_fp1/all_floors_json.json,https://floorsbucket.s3.eu-north-1.amazonaws.com/processed_images_folder/user_2347033588400_property_210/floorid_fp1/all_floors.csv,https://floorsbucket.s3.eu-north-1.amazonaws.com/processed_images_folder/user_2347033588400_property_210/floorid_fp1/total_area.csv,https://floorsbucket.s3.eu-north-1.amazonaws.com/processed_images_folder/user_2347033588400_property_210/floorid_fp1/side_by_side_labelme.png,2025-04-12T12:35:31.906429+00:00
167,8,a61d034aaf144cf1e6c72e7628d9eea5fbe70cc3da3c83f77d9410710c6281d3,https://media.rightmove.co.uk/170k/169772/87115674/169772_SUR230021_FLP_00_0000.jpeg,https://floorsbucket.s3.eu-north-1.amazonaws.com/processed_images_folder/user_447841869529_property_167/floorid_missing_fp_key/all_floors_json.json,https://floorsbucket.s3.eu-north-1.amazonaws.com/processed_images_folder/user_447841869529_property_167/floorid_missing_fp_key/all_floors.csv,https://floorsbucket.s3.eu-north-1.amazonaws.com/processed_images_folder/user_447841869529_property_167/floorid_fp1/total_area.csv,https://floorsbucket.s3.eu-north-1.amazonaws.com/processed_images_folder/user_447841869529_property_167/floorid_missing_fp_key/side_by_side_labelme.png,2025-04-12T12:35:31.905483+00:00
50,8,7342d2d86922c4e404cb45bb5c95a658ab8ab613366f0ebe8db3de1874bd8551,https://media.rightmove.co.uk/97k/96368/158607725/96368_HOR240204_FLP_00_0000.jpeg,https://floorsbucket.s3.eu-north-1.amazonaws.com/processed_images_folder/user_447841869529_property_50/floorid_missing_fp_key/all_floors_json.json,https://floorsbucket.s3.eu-north-1.amazonaws.com/processed_images_folder/user_447841869529_property_50/floorid_missing_fp_key/all_floors.csv,https://floorsbucket.s3.eu-north-1.amazonaws.com/processed_images_folder/user_8_property_50/floorid_fp1/total_area.csv,https://floorsbucket.s3.eu-north-1.amazonaws.com/processed_images_folder/user_447841869529_property_50/floorid_missing_fp_key/side_by_side_labelme.png,2025-04-12T12:35:31.906373+00:00
209,8,9be1f22d8e2acad2328cdc295a2423dc7ba9e8cb0ae14ac24c317b13914f2c6a,https://media.rightmove.co.uk/23k/22316/158449970/22316_33685434_FLP_00_0000.jpeg,https://floorsbucket.s3.eu-north-1.amazonaws.com/processed_images_folder/user_447841869529_property_209/floorid_missing_fp_key/all_floors_json.json,https://floorsbucket.s3.eu-north-1.amazonaws.com/processed_images_folder/user_447841869529_property_209/floorid_missing_fp_key/all_floors.csv,https://floorsbucket.s3.eu-north-1.amazonaws.com/processed_images_folder/user_447841869529_property_209/floorid_fp1/total_area.csv,https://floorsbucket.s3.eu-north-1.amazonaws.com/processed_images_folder/user_447841869529_property_209/floorid_missing_fp_key/side_by_side_labelme.png,2025-04-12T12:35:31.906352+00:00
208,8,3634c44090b569a30e4603ea051c39bfbd246b579fadf2be3be35dab7ea735e5,https://media.rightmove.co.uk/26k/25305/159995732/25305_RDS250020_FLP_00_0000.jpeg,https://floorsbucket.s3.eu-north-1.amazonaws.com/processed_images_folder/user_447841869529_property_208/floorid_missing_fp_key/all_floors_json.json,https://floorsbucket.s3.eu-north-1.amazonaws.com/processed_images_folder/user_447841869529_property_208/floorid_missing_fp_key/all_floors.csv,https://floorsbucket.s3.eu-north-1.amazonaws.com/processed_images_folder/user_447841869529_property_208/floorid_fp1/total_area.csv,https://floorsbucket.s3.eu-north-1.amazonaws.com/processed_images_folder/user_447841869529_property_208/floorid_missing_fp_key/side_by_side_labelme.png,2025-04-12T12:35:31.906331+00:00
207,8,7f2ad9dca2cd222b96ad99fc3481294a693e27c55d4421eb3f16016517c11d83,https://media.rightmove.co.uk/91k/90121/159995672/90121_102289002065_FLP_00_0000.png,https://floorsbucket.s3.eu-north-1.amazonaws.com/processed_images_folder/user_447841869529_property_207/floorid_missing_fp_key/all_floors_json.json,https://floorsbucket.s3.eu-north-1.amazonaws.com/processed_images_folder/user_447841869529_property_207/floorid_missing_fp_key/all_floors.csv,https://floorsbucket.s3.eu-north-1.amazonaws.com/processed_images_folder/user_447841869529_property_207/floorid_fp1/total_area.csv,https://floorsbucket.s3.eu-north-1.amazonaws.com/processed_images_folder/user_447841869529_property_207/floorid_missing_fp_key/side_by_side_labelme.png,2025-04-12T12:35:31.906309+00:00
140,8,a9f96b25f4bc01577bfec90d6c547035bb4db4fd37d6f17ab7004eb158097ec0,https://media.rightmove.co.uk/1k/682/159205643/682_WIM250069_FLP_00_0000.jpeg,https://floorsbucket.s3.eu-north-1.amazonaws.com/processed_images_folder/user_447841869529_property_140/floorid_missing_fp_key/all_floors_json.json,https://floorsbucket.s3.eu-north-1.amazonaws.com/processed_images_folder/user_447841869529_property_140/floorid_missing_fp_key/all_floors.csv,https://floorsbucket.s3.eu-north-1.amazonaws.com/processed_images_folder/user_447841869529_property_140/floorid_fp1/total_area.csv,https://floorsbucket.s3.eu-north-1.amazonaws.com/processed_images_folder/user_447841869529_property_140/floorid_missing_fp_key/side_by_side_labelme.png,2025-04-12T12:35:31.906245+00:00
203,8,060230c55e42db2c863ef6470edb5a3df1f89241e07e5d5dba7eeb0ec63dccab,https://media.rightmove.co.uk/12k/11612/157158725/11612_BUR230217_FLP_00_0001.jpeg,https://floorsbucket.s3.eu-north-1.amazonaws.com/processed_images_folder/user_447841869529_property_203/floorid_missing_fp_key/all_floors_json.json,https://floorsbucket.s3.eu-north-1.amazonaws.com/processed_images_folder/user_447841869529_property_203/floorid_missing_fp_key/all_floors.csv,https://floorsbucket.s3.eu-north-1.amazonaws.com/processed_images_folder/user_447841869529_property_203/floorid_fp1/total_area.csv,https://floorsbucket.s3.eu-north-1.amazonaws.com/processed_images_folder/user_447841869529_property_203/floorid_missing_fp_key/side_by_side_labelme.png,2025-04-12T12:35:31.906183+00:00
202,8,5c66392a4aefa3deeb31930ac9e104b52427d6de18a0e7c262be582b172e8328,https://media.rightmove.co.uk/36k/35126/159954443/35126_GFD250395_FLP_00_0000.jpeg,https://floorsbucket.s3.eu-north-1.amazonaws.com/processed_images_folder/user_447841869529_property_202/floorid_missing_fp_key/all_floors_json.json,https://floorsbucket.s3.eu-north-1.amazonaws.com/processed_images_folder/user_447841869529_property_202/floorid_missing_fp_key/all_floors.csv,https://floorsbucket.s3.eu-north-1.amazonaws.com/processed_images_folder/user_447841869529_property_202/floorid_fp1/total_area.csv,https://floorsbucket.s3.eu-north-1.amazonaws.com/processed_images_folder/user_447841869529_property_202/floorid_missing_fp_key/side_by_side_labelme.png,2025-04-12T12:35:31.906161+00:00
201,8,08e56186675a4140e263f45241ebf5abec3e56c8be3e81942e2edcf82e39e582,https://media.rightmove.co.uk/25k/24902/159944000/24902_5749236_FLP_00_0000.png,https://floorsbucket.s3.eu-north-1.amazonaws.com/processed_images_folder/user_447841869529_property_201/floorid_missing_fp_key/all_floors_json.json,https://floorsbucket.s3.eu-north-1.amazonaws.com/processed_images_folder/user_447841869529_property_201/floorid_missing_fp_key/all_floors.csv,https://floorsbucket.s3.eu-north-1.amazonaws.com/processed_images_folder/user_447841869529_property_201/floorid_fp1/total_area.csv,https://floorsbucket.s3.eu-north-1.amazonaws.com/processed_images_folder/user_447841869529_property_201/floorid_missing_fp_key/side_by_side_labelme.png,2025-04-12T12:35:31.906138+00:00
196,8,24b96ba5d05b38e02dcdbb2344d4114452f580294794a2059ed4ddd08ec500cf,https://media.rightmove.co.uk/65k/64272/151387085/64272_BUR240185_FLP_00_0000.jpeg,https://floorsbucket.s3.eu-north-1.amazonaws.com/processed_images_folder/user_447841869529_property_196/floorid_missing_fp_key/all_floors_json.json,https://floorsbucket.s3.eu-north-1.amazonaws.com/processed_images_folder/user_447841869529_property_196/floorid_missing_fp_key/all_floors.csv,https://floorsbucket.s3.eu-north-1.amazonaws.com/processed_images_folder/user_447841869529_property_196/floorid_fp1/total_area.csv,https://floorsbucket.s3.eu-north-1.amazonaws.com/processed_images_folder/user_447841869529_property_196/floorid_missing_fp_key/side_by_side_labelme.png,2025-04-12T12:35:31.906013+00:00
194,8,255532bcfaa8c37b0bf8e8f7a4e7331584e1af631f4f885449114de59804e3d9,https://media.rightmove.co.uk/204k/203807/157163843/203807_389464_FLP_00_0000.jpeg,https://floorsbucket.s3.eu-north-1.amazonaws.com/processed_images_folder/user_447841869529_property_194/floorid_missing_fp_key/all_floors_json.json,https://floorsbucket.s3.eu-north-1.amazonaws.com/processed_images_folder/user_447841869529_property_194/floorid_missing_fp_key/all_floors.csv,https://floorsbucket.s3.eu-north-1.amazonaws.com/processed_images_folder/user_447841869529_property_194/floorid_fp1/total_area.csv,https://floorsbucket.s3.eu-north-1.amazonaws.com/processed_images_folder/user_447841869529_property_194/floorid_missing_fp_key/side_by_side_labelme.png,2025-04-12T12:35:31.905972+00:00
192,8,8542009c20c8e506e6d433e06a52534b6b28317999a90dc8be0151e6a707afb8,https://media.rightmove.co.uk/38k/37958/159915851/37958_a1nQ500000KHyfYIAT_FLP_00_0000.jpeg,https://floorsbucket.s3.eu-north-1.amazonaws.com/processed_images_folder/user_447841869529_property_192/floorid_missing_fp_key/all_floors_json.json,https://floorsbucket.s3.eu-north-1.amazonaws.com/processed_images_folder/user_447841869529_property_192/floorid_missing_fp_key/all_floors.csv,https://floorsbucket.s3.eu-north-1.amazonaws.com/processed_images_folder/user_447841869529_property_192/floorid_fp1/total_area.csv,https://floorsbucket.s3.eu-north-1.amazonaws.com/processed_images_folder/user_447841869529_property_192/floorid_missing_fp_key/side_by_side_labelme.png,2025-04-12T12:35:31.905951+00:00
191,8,bd434c666df3cf588289f5dc8ad3d5c242baccdfc8d8e9a291d905c8e6983b26,https://media.rightmove.co.uk/278k/277880/159852158/277880_260944_FLP_00_0000.png,https://floorsbucket.s3.eu-north-1.amazonaws.com/processed_images_folder/user_447841869529_property_191/floorid_missing_fp_key/all_floors_json.json,https://floorsbucket.s3.eu-north-1.amazonaws.com/processed_images_folder/user_447841869529_property_191/floorid_missing_fp_key/all_floors.csv,https://floorsbucket.s3.eu-north-1.amazonaws.com/processed_images_folder/user_447841869529_property_191/floorid_fp1/total_area.csv,https://floorsbucket.s3.eu-north-1.amazonaws.com/processed_images_folder/user_447841869529_property_191/floorid_missing_fp_key/side_by_side_labelme.png,2025-04-12T12:35:31.905930+00:00
189,8,f87015323076e49a876ea572f48717e02a34f7cada4cfd338580aff60a59fa70,https://media.rightmove.co.uk/10k/9040/159867827/9040_WOK170940_FLP_00_0000.jpeg,https://floorsbucket.s3.eu-north-1.amazonaws.com/processed_images_folder/user_447841869529_property_189/floorid_missing_fp_key/all_floors_json.json,https://floorsbucket.s3.eu-north-1.amazonaws.com/processed_images_folder/user_447841869529_property_189/floorid_missing_fp_key/all_floors.csv,https://floorsbucket.s3.eu-north-1.amazonaws.com/processed_images_folder/user_447841869529_property_189/floorid_fp1/total_area.csv,https://floorsbucket.s3.eu-north-1.amazonaws.com/processed_images_folder/user_447841869529_property_189/floorid_missing_fp_key/side_by_side_labelme.png,2025-04-12T12:35:31.905881+00:00
188,8,c012effe8d081bcaa005f024c3b1700185cf1edb71381396e058be709f9c8478,https://media.rightmove.co.uk/37k/36857/159853952/36857_CC789787_FLP_00_0000.jpeg,https://floorsbucket.s3.eu-north-1.amazonaws.com/processed_images_folder/user_447841869529_property_188/floorid_missing_fp_key/all_floors_json.json,https://floorsbucket.s3.eu-north-1.amazonaws.com/processed_images_folder/user_447841869529_property_188/floorid_missing_fp_key/all_floors.csv,https://floorsbucket.s3.eu-north-1.amazonaws.com/processed_images_folder/user_447841869529_property_188/floorid_fp1/total_area.csv,https://floorsbucket.s3.eu-north-1.amazonaws.com/processed_images_folder/user_447841869529_property_188/floorid_missing_fp_key/side_by_side_labelme.png,2025-04-12T12:35:31.905860+00:00
185,8,040c618e00e59f6b72cf26349f7fbc8d97206064a98da614c6d8cd721dcabbf5,https://media.rightmove.co.uk/10k/9040/158496335/9040_WOK220794_FLP_00_0000.jpeg,https://floorsbucket.s3.eu-north-1.amazonaws.com/processed_images_folder/user_447841869529_property_185/floorid_missing_fp_key/all_floors_json.json,https://floorsbucket.s3.eu-north-1.amazonaws.com/processed_images_folder/user_447841869529_property_185/floorid_missing_fp_key/all_floors.csv,https://floorsbucket.s3.eu-north-1.amazonaws.com/processed_images_folder/user_447841869529_property_185/floorid_fp1/total_area.csv,https://floorsbucket.s3.eu-north-1.amazonaws.com/processed_images_folder/user_447841869529_property_185/floorid_missing_fp_key/side_by_side_labelme.png,2025-04-12T12:35:31.905818+00:00
184,8,00546bdb161e6752c8f71cb064773775ff45947aab15f760ed9e1540dd3af34d,https://media.rightmove.co.uk/49k/48698/159789851/48698_WES250013_FLP_00_0000.jpeg,https://floorsbucket.s3.eu-north-1.amazonaws.com/processed_images_folder/user_447841869529_property_184/floorid_missing_fp_key/all_floors_json.json,https://floorsbucket.s3.eu-north-1.amazonaws.com/processed_images_folder/user_447841869529_property_184/floorid_missing_fp_key/all_floors.csv,https://floorsbucket.s3.eu-north-1.amazonaws.com/processed_images_folder/user_447841869529_property_184/floorid_fp1/total_area.csv,https://floorsbucket.s3.eu-north-1.amazonaws.com/processed_images_folder/user_447841869529_property_184/floorid_missing_fp_key/side_by_side_labelme.png,2025-04-12T12:35:31.905756+00:00
182,8,7b75c6b7651f3e9bcc9f3d08d32722d21bbacebc0a940266a4c7b4048ed4d13f,https://media.rightmove.co.uk/8k/7153/156971483/7153_PULWE_674992_FLP_00_0000.jpeg,https://floorsbucket.s3.eu-north-1.amazonaws.com/processed_images_folder/user_447841869529_property_182/floorid_missing_fp_key/all_floors_json.json,https://floorsbucket.s3.eu-north-1.amazonaws.com/processed_images_folder/user_447841869529_property_182/floorid_missing_fp_key/all_floors.csv,https://floorsbucket.s3.eu-north-1.amazonaws.com/processed_images_folder/user_447841869529_property_182/floorid_fp1/total_area.csv,https://floorsbucket.s3.eu-north-1.amazonaws.com/processed_images_folder/user_447841869529_property_182/floorid_missing_fp_key/side_by_side_labelme.png,2025-04-12T12:35:31.905736+00:00
179,8,cc8ada72de3ca66ce0b71ab9fbe1f99692719f948b40088eb46c322f798bd5eb,https://media.rightmove.co.uk/72k/71947/159804539/71947_0bb852cc-1e65-4f40-80b6-dc4772c6a6fd_FLP_00_000,https://floorsbucket.s3.eu-north-1.amazonaws.com/processed_images_folder/user_447841869529_property_179/floorid_missing_fp_key/all_floors_json.json,https://floorsbucket.s3.eu-north-1.amazonaws.com/processed_images_folder/user_447841869529_property_179/floorid_missing_fp_key/all_floors.csv,https://floorsbucket.s3.eu-north-1.amazonaws.com/processed_images_folder/user_447841869529_property_179/floorid_fp1/total_area.csv,https://floorsbucket.s3.eu-north-1.amazonaws.com/processed_images_folder/user_447841869529_property_179/floorid_missing_fp_key/side_by_side_labelme.png,2025-04-12T12:35:31.905692+00:00
175,8,3c9030a594387a44aecce371e2b1542ac95dd78f387cb7b3f0d8ad15751620bb,https://media.rightmove.co.uk/272k/271250/87124500/271250_S1252546_FLP_00_0000.jpeg,https://floorsbucket.s3.eu-north-1.amazonaws.com/processed_images_folder/user_447841869529_property_175/floorid_missing_fp_key/all_floors_json.json,https://floorsbucket.s3.eu-north-1.amazonaws.com/processed_images_folder/user_447841869529_property_175/floorid_missing_fp_key/all_floors.csv,https://floorsbucket.s3.eu-north-1.amazonaws.com/processed_images_folder/user_447841869529_property_175/floorid_fp1/total_area.csv,https://floorsbucket.s3.eu-north-1.amazonaws.com/processed_images_folder/user_447841869529_property_175/floorid_missing_fp_key/side_by_side_labelme.png,2025-04-12T12:35:31.905631+00:00
173,8,23d66fcecd36accc0192df3a39ce924fda1a293f3f2e543f11ca4283609d3d9a,https://media.rightmove.co.uk/40k/39671/151914251/39671_FOUWO_653259_FLP_00_0000.png,https://floorsbucket.s3.eu-north-1.amazonaws.com/processed_images_folder/user_447841869529_property_173/floorid_missing_fp_key/all_floors_json.json,https://floorsbucket.s3.eu-north-1.amazonaws.com/processed_images_folder/user_447841869529_property_173/floorid_missing_fp_key/all_floors.csv,https://floorsbucket.s3.eu-north-1.amazonaws.com/processed_images_folder/user_447841869529_property_173/floorid_fp1/total_area.csv,https://floorsbucket.s3.eu-north-1.amazonaws.com/processed_images_folder/user_447841869529_property_173/floorid_missing_fp_key/side_by_side_labelme.png,2025-04-12T12:35:31.905610+00:00
171,8,9714c4c577f4bd064e2c257895705efcd890070845270dfccca96752681c9972,https://media.rightmove.co.uk/18k/17780/87114834/17780_WBF210409_FLP_00_0000.jpeg,https://floorsbucket.s3.eu-north-1.amazonaws.com/processed_images_folder/user_447841869529_property_171/floorid_missing_fp_key/all_floors_json.json,https://floorsbucket.s3.eu-north-1.amazonaws.com/processed_images_folder/user_447841869529_property_171/floorid_missing_fp_key/all_floors.csv,https://floorsbucket.s3.eu-north-1.amazonaws.com/processed_images_folder/user_447841869529_property_171/floorid_fp1/total_area.csv,https://floorsbucket.s3.eu-north-1.amazonaws.com/processed_images_folder/user_447841869529_property_171/floorid_missing_fp_key/side_by_side_labelme.png,2025-04-12T12:35:31.905568+00:00
172,8,2686938e1718e205bddd0b99accdf151a8887f4323793714af6fe3f04b1b132d,https://media.rightmove.co.uk/179k/178409/159753059/178409_S1252000_FLP_00_0000.jpeg,https://floorsbucket.s3.eu-north-1.amazonaws.com/processed_images_folder/user_447841869529_property_172/floorid_missing_fp_key/all_floors_json.json,https://floorsbucket.s3.eu-north-1.amazonaws.com/processed_images_folder/user_447841869529_property_172/floorid_missing_fp_key/all_floors.csv,https://floorsbucket.s3.eu-north-1.amazonaws.com/processed_images_folder/user_447841869529_property_172/floorid_fp1/total_area.csv,https://floorsbucket.s3.eu-north-1.amazonaws.com/processed_images_folder/user_447841869529_property_172/floorid_missing_fp_key/side_by_side_labelme.png,2025-04-12T12:35:31.905547+00:00
170,8,a1f50ba08859647ee4197f79b5bc912c8a20c1fcc5e8c4226fcb7dff93d65262,https://media.rightmove.co.uk/85k/84878/155257670/84878_33524696_FLP_00_0001.jpeg,https://floorsbucket.s3.eu-north-1.amazonaws.com/processed_images_folder/user_447841869529_property_170/floorid_missing_fp_key/all_floors_json.json,https://floorsbucket.s3.eu-north-1.amazonaws.com/processed_images_folder/user_447841869529_property_170/floorid_missing_fp_key/all_floors.csv,https://floorsbucket.s3.eu-north-1.amazonaws.com/processed_images_folder/user_447841869529_property_170/floorid_fp1/total_area.csv,https://floorsbucket.s3.eu-north-1.amazonaws.com/processed_images_folder/user_447841869529_property_170/floorid_missing_fp_key/side_by_side_labelme.png,2025-04-12T12:35:31.905527+00:00
168,8,8b21dafaa9c133ab944fbc57f95d2cfee54c92cecafd7e33c40f53f69176e331,https://media.rightmove.co.uk/81k/80211/159751598/80211_100540005086_FLP_00_0000.png,https://floorsbucket.s3.eu-north-1.amazonaws.com/processed_images_folder/user_447841869529_property_168/floorid_missing_fp_key/all_floors_json.json,https://floorsbucket.s3.eu-north-1.amazonaws.com/processed_images_folder/user_447841869529_property_168/floorid_missing_fp_key/all_floors.csv,https://floorsbucket.s3.eu-north-1.amazonaws.com/processed_images_folder/user_447841869529_property_168/floorid_fp1/total_area.csv,https://floorsbucket.s3.eu-north-1.amazonaws.com/processed_images_folder/user_447841869529_property_168/floorid_missing_fp_key/side_by_side_labelme.png,2025-04-12T12:35:31.905505+00:00
101,2,a4fe668323485114cd3cbcb42151d244266c8721dd89dbf3bc253dd130e250f6,https://media.rightmove.co.uk/22k/21035/158578211/21035_298_FLP_00_0000.jpeg,https://floorsbucket.s3.eu-north-1.amazonaws.com/processed_images_folder/user_2347033588400_property_101/floorid_missing_fp_key/all_floors_json.json,https://floorsbucket.s3.eu-north-1.amazonaws.com/processed_images_folder/user_2347033588400_property_101/floorid_missing_fp_key/all_floors.csv,https://floorsbucket.s3.eu-north-1.amazonaws.com/processed_images_folder/user_2_property_101/floorid_fp1/total_area.csv,https://floorsbucket.s3.eu-north-1.amazonaws.com/processed_images_folder/user_2347033588400_property_101/floorid_missing_fp_key/side_by_side_labelme.png,2025-04-12T12:35:31.905406+00:00
3,2,415a2987b42c68a830c048271e6cceb44012d2114cff8fb3e7a7ef7a96fa0baf,https://media.rightmove.co.uk/97k/96368/157624415/96368_HOR240273_FLP_00_0000.jpeg,https://floorsbucket.s3.eu-north-1.amazonaws.com/processed_images_folder/user_2347033588400_property_3/floorid_missing_fp_key/all_floors_json.json,https://floorsbucket.s3.eu-north-1.amazonaws.com/processed_images_folder/user_2347033588400_property_3/floorid_missing_fp_key/all_floors.csv,https://floorsbucket.s3.eu-north-1.amazonaws.com/processed_images_folder/user_2_property_3/floorid_fp1/total_area.csv,https://floorsbucket.s3.eu-north-1.amazonaws.com/processed_images_folder/user_2347033588400_property_3/floorid_missing_fp_key/side_by_side_labelme.png,2025-04-12T12:35:31.905343+00:00
