property_id,user_id,floorplan_id,area_name,square_meters,square_feet,total_floors,total_named_rooms,total_segments,total_points,total_objects,total_door_objects,total_window_objects,total_stair_objects,list_of_objects,total_actual_pixels,metric_scale,imperial_scale,input_image_tokens,input_text_tokens,output_text_tokens,created_at
351,FloorplanTest290425,19262d04a3f361d91b831cc6f1e2aefcd374a6b72d3ac2133d7d014686f3bd51,Total floor area: approx 85.5 sq metres (921 sq feet),85.5,921.0,2,13,12,107,31,12,11,3,"['door', 'door', 'door', 'door', 'door', 'door', 'door', 'stair', 'bathtub', 'toilet_bowl', 'window', 'window', 'window', 'vanity', 'window', 'window', 'door2', 'door', 'door', 'door', 'door', 'stair', 'stair', 'stove', 'sink', 'window', 'window', 'window', 'window', 'window', 'window']",460496.0,0.00018566936520621243,0.002000017372572183,3825,12491,2190,2025-04-29T19:14:29.740894+00:00
286,FloorplanTest290425,dc4fbc63fae5fc24ee9f2aa2343a0010fa3863b890d65b857d941749d4c7ac8e,Ground Floor Area 667 sq ft - 62 sq m,62.0,667.0,,,,,,,,,,,,,,,,2025-04-29T15:03:54.479103+00:00
286,FloorplanTest290425,dc4fbc63fae5fc24ee9f2aa2343a0010fa3863b890d65b857d941749d4c7ac8e,First Floor Area 484 sq ft - 45 sq m,45.0,484.0,,,,,,,,,,,,,,,,2025-04-29T15:03:54.479103+00:00
286,FloorplanTest290425,dc4fbc63fae5fc24ee9f2aa2343a0010fa3863b890d65b857d941749d4c7ac8e,Second Floor Area 320 sq ft - 30 sq m,30.0,320.0,,,,,,,,,,,,,,,,2025-04-29T15:03:54.479103+00:00
168,8,8b21dafaa9c133ab944fbc57f95d2cfee54c92cecafd7e33c40f53f69176e331,Total Floor Area (Calculated),134.0,1442.0,3,21,18,180,34,13,9,3,"['door', 'door', 'door2', 'stair', 'bathtub', 'toilet_bowl', 'vanity', 'window', 'window', 'window', 'window', 'door', 'door', 'door', 'door', 'door', 'door', 'door', 'door', 'stair', 'stove', 'sink', 'toilet_bowl', 'window', 'window', 'vanity', 'window', 'door', 'door', 'stair', 'toilet_bowl', 'window', 'sink', 'window']",989330.5,0.00013544513183410398,0.0014575513440655068,10200,19616,2241,2025-04-12T12:35:31.905505+00:00
170,8,a1f50ba08859647ee4197f79b5bc912c8a20c1fcc5e8c4226fcb7dff93d65262,Outbuilding: 19.2 sq. m (206.7 sq. ft),19.2,206.7,,,,,,,,,,,,,,,,2025-04-12T12:35:31.905527+00:00
172,8,2686938e1718e205bddd0b99accdf151a8887f4323793714af6fe3f04b1b132d,Approximate Gross Internal Area 1808 sq ft - 168 sq m,168.0,1808.0,,,,,,,,,,,,,,,,2025-04-12T12:35:31.905547+00:00
172,8,2686938e1718e205bddd0b99accdf151a8887f4323793714af6fe3f04b1b132d,Ground Floor Area 1153 sq ft - 107 sq m,107.0,1153.0,,,,,,,,,,,,,,,,2025-04-12T12:35:31.905547+00:00
172,8,2686938e1718e205bddd0b99accdf151a8887f4323793714af6fe3f04b1b132d,First Floor Area 655 sq ft - 61 sq m,61.0,655.0,,,,,,,,,,,,,,,,2025-04-12T12:35:31.905547+00:00
172,8,2686938e1718e205bddd0b99accdf151a8887f4323793714af6fe3f04b1b132d,Total Floor Area (Calculated),336.0,3616.0,2,36,31,188,63,31,18,3,"['door', 'door', 'door', 'door', 'door', 'door', 'door', 'door', 'door', 'door', 'door', 'door', 'door2', 'door2', 'stair', 'stair', 'bathtub', 'sink', 'toilet_bowl', 'toilet_bowl', 'vanity', 'vanity', 'window', 'window', 'window', 'window', 'window', 'window', 'window', 'door', 'door', 'door', 'door', 'door', 'door', 'door', 'door', 'door', 'door', 'door', 'door', 'door', 'door', 'door2', 'door2', 'door-s', 'stair', 'stove', 'sink', 'window', 'window', 'window', 'vanity', 'toilet_bowl', 'window', 'window', 'window', 'window', 'window', 'window', 'window', 'bed', 'window']",580415.0,0.0005788961346622675,0.006230025068270117,14025,24318,2976,2025-04-12T12:35:31.905547+00:00
173,8,23d66fcecd36accc0192df3a39ce924fda1a293f3f2e543f11ca4283609d3d9a,Ground Floor: approx 56.1 sq. metres (604.3 sq. feet),56.1,604.3,,,,,,,,,,,,,,,,2025-04-12T12:35:31.905610+00:00
173,8,23d66fcecd36accc0192df3a39ce924fda1a293f3f2e543f11ca4283609d3d9a,First Floor: approx 56.4 sq. metres (606.9 sq. feet),56.4,606.9,,,,,,,,,,,,,,,,2025-04-12T12:35:31.905610+00:00
173,8,23d66fcecd36accc0192df3a39ce924fda1a293f3f2e543f11ca4283609d3d9a,Total area: approx 112.5 sq. metres (1211.2 sq. feet),112.5,1211.2,2,13,13,113,41,14,12,4,"['door', 'door', 'door', 'door', 'door', 'door', 'door', 'door2', 'stair', 'stair', 'shower', 'bathtub', 'toilet_bowl', 'toilet_bowl', 'vanity', 'window', 'vanity', 'window', 'window', 'window', 'window', 'window', 'window', 'door', 'door', 'door', 'door', 'door', 'door2', 'stair', 'stair', 'toilet_bowl', 'stove', 'sink', 'vanity', 'window', 'window', 'window', 'window', 'window', 'shower']",1578008.5,7.129239164427821e-05,0.000767549731195998,5355,13188,1858,2025-04-12T12:35:31.905610+00:00
175,8,3c9030a594387a44aecce371e2b1542ac95dd78f387cb7b3f0d8ad15751620bb,Approximate Gross Internal Area: 177.5 sq m / 1911 sq ft,177.5,1911.0,,,,,,,,,,,,,,,,2025-04-12T12:35:31.905631+00:00
179,8,cc8ada72de3ca66ce0b71ab9fbe1f99692719f948b40088eb46c322f798bd5eb,Approximate Total Internal Floor Area: 2170 sq ft - 201.59 sq m (including eaves storage & restricted height area),201.59,2170.0,4,26,23,231,51,21,12,5,"['door', 'door', 'stair', 'stair', 'stair', 'window', 'window', 'window', 'window', 'window', 'door', 'door', 'door', 'door', 'shower', 'door', 'door', 'door', 'door', 'door', 'door', 'door', 'door', 'stair', 'toilet_bowl', 'sink', 'stove', 'vanity', 'window', 'window', 'bed', 'window', 'door', 'door', 'door', 'door', 'door-s', 'door2', 'door-s', 'stair', 'shower', 'shower', 'bathtub', 'toilet_bowl', 'toilet_bowl', 'vanity', 'window', 'vanity', 'window', 'window', 'window']",1120161.0,0.00017996520143086575,0.0019372215244058666,10455,21017,3257,2025-04-12T12:35:31.905692+00:00
179,8,cc8ada72de3ca66ce0b71ab9fbe1f99692719f948b40088eb46c322f798bd5eb,Approximate Gross Internal Floor Area of Eaves Storage & Restricted Height: 253 sq ft - 23.52 sq m,23.52,253.0,,,,,,,,,,,,,,,,2025-04-12T12:35:31.905692+00:00
286,FloorplanTest290425,dc4fbc63fae5fc24ee9f2aa2343a0010fa3863b890d65b857d941749d4c7ac8e,Approximate Gross Internal Area 1471 sq ft - 137 sq m,137.0,1471.0,,,,,,,,,,,,,,,,2025-04-29T15:03:54.479103+00:00
286,FloorplanTest290425,dc4fbc63fae5fc24ee9f2aa2343a0010fa3863b890d65b857d941749d4c7ac8e,Total Floor Area (Calculated),274.0,2942.0,3,25,23,185,58,24,20,4,"['door', 'door', 'door', 'door', 'door', 'stair', 'stair', 'shower', 'bathtub', 'toilet_bowl', 'window', 'window', 'window', 'window', 'window', 'window', 'window', 'window', 'vanity', 'door2', 'door', 'door', 'door', 'door', 'door', 'door2', 'door', 'door-s', 'door2', 'door2', 'stair', 'sink', 'stove', 'toilet_bowl', 'vanity', 'window', 'window', 'window', 'window', 'window', 'window', 'window', 'window', 'window', 'door2', 'door', 'door', 'door', 'door2', 'door2', 'door', 'door2', 'stair', 'toilet_bowl', 'vanity', 'window', 'window', 'window']",537164.0,0.0005100863051135221,0.005476912078992636,11220,21353,3265,2025-04-29T15:03:54.479103+00:00
288,FloorplanTest290425,076b3e52f3a9eb5e2e5acead61b1120cb19fd4b039a487d8fe92cb0fda08508e,Total Floor Area (Calculated),235.6,2536.0,2,15,15,132,40,16,14,2,"['door', 'door', 'door', 'door', 'door', 'door', 'stair', 'vanity', 'toilet_bowl', 'shower', 'window', 'window', 'window', 'window', 'window', 'shower', 'window', 'window', 'door2', 'door', 'door', 'door', 'door', 'door', 'door', 'door', 'door', 'door-s', 'stair', 'sink', 'stove', 'toilet_bowl', 'vanity', 'window', 'window', 'window', 'window', 'window', 'window', 'window']",955908.0,0.00024646723324838794,0.002652974972486892,3315,9528,2541,2025-04-29T14:54:59.840027+00:00
300,FloorplanTest290425,07143fbd756254012e58427fda2c73c580ef03ab37b5c956666dcac82dc99cc5,Total Floor Area (Calculated),163.7,1762.0,2,23,21,141,44,18,14,2,"['door', 'door', 'door', 'door', 'door', 'door', 'door', 'stair', 'bathtub', 'vanity', 'vanity', 'toilet_bowl', 'window', 'window', 'window', 'window', 'toilet_bowl', 'window', 'window', 'window', 'window', 'door', 'door', 'door2', 'door', 'door', 'door', 'door', 'door', 'door', 'door', 'door', 'stair', 'sink', 'sink', 'stove', 'toilet_bowl', 'window', 'vanity', 'window', 'window', 'window', 'window', 'window']",860703.5,0.00019019325470385562,0.002047162582701244,8415,18108,2786,2025-04-29T15:36:14.140280+00:00
278,FloorplanTest290425,3f2af613cf266516271101146ce603d7942843b897cd2aba112d6eafbf6e4612,2nd Floor: approx. Gross Internal Floor Area 311.29 sq ft / 28.92 sqm,28.92,311.29,1,5,5,46,13,4,4,0,"['door', 'door', 'door', 'door', 'stove', 'vanity', 'toilet_bowl', 'bathtub', 'window', 'window', 'window', 'window', 'sink']",2374450.0,1.2179662658720968e-05,0.0001310998336456864,3060,6490,639,2025-04-29T14:39:47.930890+00:00
278,FloorplanTest290425,3f2af613cf266516271101146ce603d7942843b897cd2aba112d6eafbf6e4612,Total Floor Area (Calculated),28.92,311.29,1,5,5,46,13,4,4,0,"['door', 'door', 'door', 'door', 'stove', 'vanity', 'toilet_bowl', 'bathtub', 'window', 'window', 'window', 'window', 'sink']",2374450.0,1.2179662658720968e-05,0.0001310998336456864,3060,6490,639,2025-04-29T14:39:47.930890+00:00
337,FloorplanTest290425,6fad1cfb777c85e0e2462e31a6fbde425ed867e0004d638b772b1fa4a17af4bd,Total: 256.6 sq m / 2762 sq ft,256.6,2762.0,4,19,17,149,69,25,20,2,"['door2', 'door', 'door2', 'sink', 'window', 'window', 'window', 'window', 'window', 'vanity', 'toilet_bowl', 'vanity', 'shower', 'door', 'door', 'bathtub', 'stove', 'toilet_bowl', 'sink', 'vanity', 'window', 'window', 'door', 'door', 'door', 'door', 'door2', 'door', 'door', 'door', 'door', 'door', 'door', 'door', 'door', 'door', 'door2', 'door', 'door-s', 'door', 'door2', 'door2', 'stair', 'stair', 'sink', 'stove', 'toilet_bowl', 'bathtub', 'window', 'vanity', 'window', 'toilet_bowl', 'toilet_bowl', 'window', 'window', 'window', 'window', 'vanity', 'window', 'window', 'window', 'window', 'vanity', 'stove', 'toilet_bowl', 'window', 'window', 'sink', 'window']",597105.0,0.0004297401629529145,0.004625652104738698,7905,19619,2985,2025-04-29T18:24:02.394541+00:00
191,8,bd434c666df3cf588289f5dc8ad3d5c242baccdfc8d8e9a291d905c8e6983b26,Total Floor Area: 151.8 sq.m (1634 sq.ft.) approx,151.8,1634.0,2,14,14,81,41,20,10,2,"['door', 'door', 'door', 'door', 'door', 'stair', 'toilet_bowl', 'window', 'vanity', 'window', 'window', 'window', 'window', 'window', 'bathtub', 'window', 'door2', 'door2', 'door', 'door', 'door', 'door', 'door', 'door', 'door2', 'door', 'door', 'door', 'door', 'door2', 'door2', 'stair', 'stove', 'sink', 'toilet_bowl', 'stove', 'window', 'window', 'vanity', 'window', 'bathtub']",57298.5,0.002649284012670489,0.02851732593348866,5355,11738,2054,2025-04-12T12:35:31.905930+00:00
184,8,00546bdb161e6752c8f71cb064773775ff45947aab15f760ed9e1540dd3af34d,Annex (Approx.) 239 sq ft / 22.23 sq m,22.23,239.0,,,,,,,,,,,,,,,,2025-04-12T12:35:31.905756+00:00
185,8,040c618e00e59f6b72cf26349f7fbc8d97206064a98da614c6d8cd721dcabbf5,Gross Internal Floor Area: 134.8 m2 ... 1450.0 ft2,134.8,1450.0,3,22,22,158,43,18,11,4,"['door', 'door', 'door', 'door', 'door', 'door', 'door', 'door2', 'door2', 'stair', 'stair', 'shower', 'bathtub', 'toilet_bowl', 'toilet_bowl', 'window', 'vanity', 'vanity', 'window', 'window', 'window', 'window', 'window', 'window', 'door', 'door', 'door2', 'door2', 'door', 'door', 'door', 'door2', 'door', 'stair', 'stair', 'sink', 'stove', 'toilet_bowl', 'vanity', 'window', 'window', 'window', 'window']",1285700.5,0.00010484556862193024,0.0011277898701913859,9690,19689,2532,2025-04-12T12:35:31.905818+00:00
185,8,040c618e00e59f6b72cf26349f7fbc8d97206064a98da614c6d8cd721dcabbf5,Total Floor Area (Calculated),134.8,1450.0,3,22,22,158,43,18,11,4,"['door', 'door', 'door', 'door', 'door', 'door', 'door', 'door2', 'door2', 'stair', 'stair', 'shower', 'bathtub', 'toilet_bowl', 'toilet_bowl', 'window', 'vanity', 'vanity', 'window', 'window', 'window', 'window', 'window', 'window', 'door', 'door', 'door2', 'door2', 'door', 'door', 'door', 'door2', 'door', 'stair', 'stair', 'sink', 'stove', 'toilet_bowl', 'vanity', 'window', 'window', 'window', 'window']",1285700.5,0.00010484556862193024,0.0011277898701913859,9690,19689,2532,2025-04-12T12:35:31.905818+00:00
188,8,c012effe8d081bcaa005f024c3b1700185cf1edb71381396e058be709f9c8478,Approximate Gross Internal Area 1432 sq ft - 133 sq m (Including Garage),133.0,1432.0,,,,,,,,,,,,,,,,2025-04-12T12:35:31.905860+00:00
188,8,c012effe8d081bcaa005f024c3b1700185cf1edb71381396e058be709f9c8478,Total Floor Area (Calculated),151.5,1631.0,2,16,15,130,38,16,9,3,"['door', 'door', 'door', 'door', 'door', 'door', 'door', 'stair', 'stair', 'shower', 'vanity', 'toilet_bowl', 'toilet_bowl', 'vanity', 'bathtub', 'window', 'window', 'window', 'window', 'window', 'door', 'door', 'door2', 'door', 'door', 'door', 'door', 'door', 'door2', 'stair', 'sink', 'vanity', 'stove', 'toilet_bowl', 'window', 'window', 'window', 'window']",1568508.5,0.0001526035721196283,0.0016428345781996081,6375,15119,2532,2025-04-12T12:35:31.905860+00:00
189,8,f87015323076e49a876ea572f48717e02a34f7cada4cfd338580aff60a59fa70,Approximate Gross Internal Area,146.7,1579.0,,,,,,,,,,,,,,,,2025-04-12T12:35:31.905881+00:00
196,8,24b96ba5d05b38e02dcdbb2344d4114452f580294794a2059ed4ddd08ec500cf,Approximate Area,244.3,2630.0,,,,,,,,,,,,,,,,2025-04-12T12:35:31.906013+00:00
196,8,24b96ba5d05b38e02dcdbb2344d4114452f580294794a2059ed4ddd08ec500cf,Garage,31.2,336.0,,,,,,,,,,,,,,,,2025-04-12T12:35:31.906013+00:00
308,FloorplanTest290425,01e54877a1b490473d83ccbafd42d53bd8e4c27df2b04e964fcc8aabb62ee5a8,First Floor: 68.4 sq m / 736 sq ft,68.4,736.0,,,,,,,,,,,,,,,,2025-04-29T16:24:39.025120+00:00
294,FloorplanTest290425,a67cf43818b44217c3f4699a6ce05cfdbf04920da44d95dad483d49e5510128f,Approximate Area,157.9,1700.0,,,,,,,,,,,,,,,,2025-04-29T14:59:51.528836+00:00
294,FloorplanTest290425,a67cf43818b44217c3f4699a6ce05cfdbf04920da44d95dad483d49e5510128f,Outbuildings,19.2,207.0,,,,,,,,,,,,,,,,2025-04-29T14:59:51.528836+00:00
308,FloorplanTest290425,01e54877a1b490473d83ccbafd42d53bd8e4c27df2b04e964fcc8aabb62ee5a8,Garage: 24 sq m / 258 sq ft,24.0,258.0,,,,,,,,,,,,,,,,2025-04-29T16:24:39.025120+00:00
295,FloorplanTest290425,87a8976214c81feb3348da336aeaa6ad238f20942b275ed99a84ac1d91b393fc,Limited Use Area(s) = 77 sq ft / 7.1 sq m,7.1,77.0,,,,,,,,,,,,,,,,2025-04-29T15:08:07.786803+00:00
295,FloorplanTest290425,87a8976214c81feb3348da336aeaa6ad238f20942b275ed99a84ac1d91b393fc,Outbuilding = 74 sq ft / 6.8 sq m,6.8,74.0,,,,,,,,,,,,,,,,2025-04-29T15:08:07.786803+00:00
314,FloorplanTest290425,94f89ececb495f85efd48c5e05a5a4f7bd47cee2a05f05b29c38dc9d87b4847d,Approximate Gross Internal Area = 164.9 sq m / 1775 sq ft,164.9,1775.0,,,,,,,,,,,,,,,,2025-04-29T17:05:09.433730+00:00
314,FloorplanTest290425,94f89ececb495f85efd48c5e05a5a4f7bd47cee2a05f05b29c38dc9d87b4847d,Garage = 88.9 sq m / 957 sq ft,88.9,957.0,,,,,,,,,,,,,,,,2025-04-29T17:05:09.433730+00:00
314,FloorplanTest290425,94f89ececb495f85efd48c5e05a5a4f7bd47cee2a05f05b29c38dc9d87b4847d,Annexe = 39.9 sq m / 429 sq ft,39.9,429.0,,,,,,,,,,,,,,,,2025-04-29T17:05:09.433730+00:00
306,FloorplanTest290425,05466655d1a6366a64b66c2f31e40e9a0e3d96e70dc3c931d2536d0e7f125e91,Garage = 128 sq ft / 11.8 sq m,11.8,128.0,,,,,,,,,,,,,,,,2025-04-29T16:18:34.066209+00:00
299,FloorplanTest290425,dcd528499fc37c4ea68c6b87774d2d22893a69e7b5b7344b227e16da0064af33,First Floor: approx 67.1 sq m / 722 sq ft,67.1,722.0,,,,,,,,,,,,,,,,2025-04-29T15:29:08.740602+00:00
308,FloorplanTest290425,01e54877a1b490473d83ccbafd42d53bd8e4c27df2b04e964fcc8aabb62ee5a8,Ground Floor: 98.5 sq m / 1060 sq ft,98.5,1060.0,,,,,,,,,,,,,,,,2025-04-29T16:24:39.025120+00:00
314,FloorplanTest290425,94f89ececb495f85efd48c5e05a5a4f7bd47cee2a05f05b29c38dc9d87b4847d,Total = 293.7 sq m / 3161 sq ft (Excluding External Store),293.7,3161.0,4,23,22,157,63,24,22,4,"['door', 'door', 'door', 'door', 'door', 'door', 'door', 'stair', 'bathtub', 'bathtub', 'toilet_bowl', 'toilet_bowl', 'vanity', 'vanity', 'window', 'window', 'window', 'window', 'window', 'window', 'window', 'window', 'window', 'door', 'door', 'door', 'door', 'door', 'door', 'door', 'door', 'door', 'door', 'door', 'door', 'door', 'door-s', 'door2', 'stair', 'vanity', 'sink', 'toilet_bowl', 'window', 'sink', 'stove', 'window', 'window', 'window', 'window', 'window', 'window', 'window', 'window', 'window', 'window', 'shower', 'bathtub', 'door', 'door2', 'stair', 'window', 'window', 'stair']",521615.0,0.0005630589611111644,0.006060025114308446,9945,22960,3041,2025-04-29T17:05:09.433730+00:00
276,FloorplanTest290425,a062faef607f3e178b0f7cddcc41ebb8642ad82ecb65ed958c9295dedb6b6e04,Ground Floor: 73.63 sq m / 793 sq ft (Excluding Decked Seating Area),73.63,793.0,,,,,,,,,,,,,,,,2025-04-29T14:18:25.904398+00:00
276,FloorplanTest290425,a062faef607f3e178b0f7cddcc41ebb8642ad82ecb65ed958c9295dedb6b6e04,First Floor: 53.9 sq m / 579 sq ft,53.9,579.0,,,,,,,,,,,,,,,,2025-04-29T14:18:25.904398+00:00
276,FloorplanTest290425,a062faef607f3e178b0f7cddcc41ebb8642ad82ecb65ed958c9295dedb6b6e04,Studio / Home Office: 17.7 sq m / 183 sq ft,17.7,183.0,,,,,,,,,,,,,,,,2025-04-29T14:18:25.904398+00:00
276,FloorplanTest290425,a062faef607f3e178b0f7cddcc41ebb8642ad82ecb65ed958c9295dedb6b6e04,Total = 145.23 sq m / 1574 sq ft,145.23,1574.0,2,18,16,118,24,9,11,1,"['door', 'door', 'door', 'door2', 'door', 'door2', 'door-s', 'door2', 'stair', 'bathtub', 'window', 'toilet_bowl', 'vanity', 'window', 'window', 'window', 'window', 'window', 'window', 'door2', 'window', 'window', 'window', 'window']",210288.0,0.000690624286692536,0.007484972989424028,8415,14276,1984,2025-04-29T14:18:25.904398+00:00
293,FloorplanTest290425,276e01b5973faecc29831406744ecca290c6d4912262c2f26606890b67dbafda,Total = 1138 sq ft / 105.6 sq m,105.6,1138.0,2,19,18,126,50,16,12,2,"['door', 'door', 'door', 'door', 'door', 'door', 'stair', 'shower', 'shower', 'shower', 'vanity', 'vanity', 'vanity', 'toilet_bowl', 'window', 'window', 'toilet_bowl', 'window', 'toilet_bowl', 'window', 'window', 'window', 'window', 'door', 'door', 'door', 'door', 'door', 'door', 'door', 'door', 'door', 'door', 'stair', 'shower', 'sink', 'shower', 'stove', 'vanity', 'vanity', 'shower', 'vanity', 'toilet_bowl', 'toilet_bowl', 'window', 'window', 'window', 'window', 'toilet_bowl', 'window']",661150.5,0.00015972157625230562,0.0017212419865068544,7905,16583,2355,2025-04-29T15:14:13.195554+00:00
6,2,1e2c042f8be20bfd9223c8a2b200e47992b2e1d81ff0b7a42167a64406075c5b,Approximate Gross Internal Area: 1312 sq ft / 121.9 sq mt,121.9,1312.0,2,18,16,173,39,17,14,1,"['door', 'door', 'door', 'door', 'door', 'door', 'door', 'door', 'bathtub', 'vanity', 'toilet_bowl', 'window', 'window', 'window', 'window', 'window', 'window', 'window', 'window', 'window', 'door2', 'door2', 'door', 'door', 'door', 'door', 'door', 'door', 'door', 'stair', 'stove', 'vanity', 'toilet_bowl', 'sink', 'window', 'window', 'window', 'window', 'window']",707329.5,0.00017233835150378996,0.0018548639636831207,6375,15801,2458,2025-04-12T12:35:31.906473+00:00
201,8,08e56186675a4140e263f45241ebf5abec3e56c8be3e81942e2edcf82e39e582,Approximate Area = 1866 sq ft / 173.3 sq m (excludes covered area),173.3,1866.0,,,,,,,,,,,,,,,,2025-04-12T12:35:31.906138+00:00
201,8,08e56186675a4140e263f45241ebf5abec3e56c8be3e81942e2edcf82e39e582,Garage = 342 sq ft / 31.8 sq m,31.8,342.0,,,,,,,,,,,,,,,,2025-04-12T12:35:31.906138+00:00
201,8,08e56186675a4140e263f45241ebf5abec3e56c8be3e81942e2edcf82e39e582,Outbuilding = 168 sq ft / 15.6 sq m,15.6,168.0,,,,,,,,,,,,,,,,2025-04-12T12:35:31.906138+00:00
201,8,08e56186675a4140e263f45241ebf5abec3e56c8be3e81942e2edcf82e39e582,Total = 2376 sq ft / 220.7 sq m,220.7,2376.0,1,21,20,136,54,25,18,0,"['door2', 'door', 'door', 'door', 'door', 'door', 'door', 'door', 'door', 'door', 'door', 'door', 'door', 'door', 'door', 'door', 'door', 'door', 'door', 'door2', 'door', 'door-s', 'door2', 'door2', 'door', 'bathtub', 'bathtub', 'toilet_bowl', 'sink', 'window', 'window', 'shower', 'window', 'sink', 'toilet_bowl', 'vanity', 'window', 'window', 'window', 'window', 'window', 'window', 'window', 'window', 'window', 'window', 'window', 'toilet_bowl', 'window', 'window', 'window', 'vanity', 'vanity', 'window']",681474.5,0.00032385657863940616,0.003486557457395691,5610,15144,3105,2025-04-12T12:35:31.906138+00:00
202,8,5c66392a4aefa3deeb31930ac9e104b52427d6de18a0e7c262be582b172e8328,Ground Floor Approximate Floor Area,83.0,893.0,,,,,,,,,,,,,,,,2025-04-12T12:35:31.906161+00:00
202,8,5c66392a4aefa3deeb31930ac9e104b52427d6de18a0e7c262be582b172e8328,First Floor Approximate Floor Area,54.0,581.0,,,,,,,,,,,,,,,,2025-04-12T12:35:31.906161+00:00
202,8,5c66392a4aefa3deeb31930ac9e104b52427d6de18a0e7c262be582b172e8328,Second Floor Approximate Floor Area,35.0,377.0,,,,,,,,,,,,,,,,2025-04-12T12:35:31.906161+00:00
202,8,5c66392a4aefa3deeb31930ac9e104b52427d6de18a0e7c262be582b172e8328,Garage Approximate Floor Area,10.0,108.0,,,,,,,,,,,,,,,,2025-04-12T12:35:31.906161+00:00
202,8,5c66392a4aefa3deeb31930ac9e104b52427d6de18a0e7c262be582b172e8328,Total Floor Area (Calculated),182.0,1959.0,3,22,18,210,56,19,23,4,"['door', 'door', 'door', 'door', 'door', 'door', 'stair', 'stair', 'bathtub', 'vanity', 'toilet_bowl', 'window', 'window', 'window', 'window', 'window', 'window', 'window', 'door', 'door', 'door', 'door', 'door', 'door2', 'door', 'door', 'door', 'door-s', 'stair', 'vanity', 'stove', 'toilet_bowl', 'window', 'window', 'sink', 'window', 'window', 'window', 'window', 'window', 'window', 'window', 'window', 'window', 'window', 'door', 'door', 'door', 'stair', 'vanity', 'toilet_bowl', 'bathtub', 'window', 'window', 'window', 'window']",788318.5,0.0002308711516982032,0.0024850361877845058,6630,17729,3367,2025-04-12T12:35:31.906161+00:00
203,8,060230c55e42db2c863ef6470edb5a3df1f89241e07e5d5dba7eeb0ec63dccab,Garage: 152 sq ft / 14.1 sq m,14.1,152.0,,,,,,,,,,,,,,,,2025-04-12T12:35:31.906183+00:00
140,8,a9f96b25f4bc01577bfec90d6c547035bb4db4fd37d6f17ab7004eb158097ec0,Approximate Floor Area: 144.9 sq m / 1560 sq ft (Excluding Eaves / Shed),144.9,1560.0,3,20,18,200,45,17,12,4,"['door', 'door', 'door', 'door', 'stair', 'shower', 'toilet_bowl', 'bathtub', 'window', 'window', 'window', 'window', 'window', 'window', 'door2', 'door', 'door', 'door', 'door', 'door', 'door', 'door', 'door-s', 'door', 'stair', 'sink', 'stove', 'vanity', 'toilet_bowl', 'window', 'window', 'window', 'window', 'shower', 'door', 'door', 'door', 'stair', 'stair', 'vanity', 'toilet_bowl', 'window', 'window', 'bathtub', 'shower']",864796.0,0.00016755396648458133,0.0018038936350306893,8160,18014,2734,2025-04-12T12:35:31.906245+00:00
140,8,a9f96b25f4bc01577bfec90d6c547035bb4db4fd37d6f17ab7004eb158097ec0,Total Floor Area (Calculated),144.9,1560.0,3,20,18,200,45,17,12,4,"['door', 'door', 'door', 'door', 'stair', 'shower', 'toilet_bowl', 'bathtub', 'window', 'window', 'window', 'window', 'window', 'window', 'door2', 'door', 'door', 'door', 'door', 'door', 'door', 'door', 'door-s', 'door', 'stair', 'sink', 'stove', 'vanity', 'toilet_bowl', 'window', 'window', 'window', 'window', 'shower', 'door', 'door', 'door', 'stair', 'stair', 'vanity', 'toilet_bowl', 'window', 'window', 'bathtub', 'shower']",864796.0,0.00016755396648458133,0.0018038936350306893,8160,18014,2734,2025-04-12T12:35:31.906245+00:00
208,8,3634c44090b569a30e4603ea051c39bfbd246b579fadf2be3be35dab7ea735e5,Ground Floor: approx 103.53 sq metres (1114.22 sq feet),103.53,1114.22,,,,,,,,,,,,,,,,2025-04-12T12:35:31.906331+00:00
208,8,3634c44090b569a30e4603ea051c39bfbd246b579fadf2be3be35dab7ea735e5,Total area: approx 196.6 sq metres (2115.7 sq feet),196.6,2115.7,3,25,25,208,65,32,18,2,"['door2', 'door2', 'door', 'door', 'door2', 'door', 'door2', 'door2', 'door', 'door', 'door', 'door', 'door2', 'door', 'door', 'door', 'door', 'door', 'door', 'stair', 'bathtub', 'shower', 'toilet_bowl', 'shower', 'toilet_bowl', 'vanity', 'window', 'window', 'vanity', 'toilet_bowl', 'vanity', 'window', 'window', 'window', 'window', 'window', 'window', 'door2', 'window', 'window', 'door2', 'door2', 'door', 'door', 'door', 'door', 'door', 'door', 'door', 'door', 'door', 'door', 'stair', 'stove', 'toilet_bowl', 'sink', 'vanity', 'window', 'window', 'window', 'window', 'window', 'window', 'window', 'window']",1024575.0,0.00019188443988971037,0.002064953761315667,9690,21199,3217,2025-04-12T12:35:31.906331+00:00
50,8,7342d2d86922c4e404cb45bb5c95a658ab8ab613366f0ebe8db3de1874bd8551,Total Floor Area (Calculated),130.0,1404.0,2,17,17,135,43,19,12,2,"['door', 'door', 'door', 'door', 'door', 'door', 'door', 'door', 'stair', 'bathtub', 'bathtub', 'vanity', 'toilet_bowl', 'vanity', 'toilet_bowl', 'window', 'window', 'window', 'window', 'window', 'door', 'door2', 'door2', 'door', 'door', 'door', 'door2', 'door', 'door', 'door', 'door', 'stair', 'sink', 'stove', 'toilet_bowl', 'vanity', 'window', 'window', 'window', 'window', 'window', 'window', 'window']",950600.5,0.00013675566128988991,0.001476961141930811,6375,15458,2233,2025-04-12T12:35:31.906373+00:00
297,FloorplanTest290425,29d51f6de115399236fd5d9e6586d89cb55a3290ab9a1c3bdd59e1ed87cb631c,Approximate Area = 1763 sq ft / 163.7 sq m,163.7,1763.0,,,,,,,,,,,,,,,,2025-04-29T14:51:45.798859+00:00
297,FloorplanTest290425,29d51f6de115399236fd5d9e6586d89cb55a3290ab9a1c3bdd59e1ed87cb631c,Garage = 314 sq ft / 29.1 sq m,29.1,314.0,,,,,,,,,,,,,,,,2025-04-29T14:51:45.798859+00:00
297,FloorplanTest290425,29d51f6de115399236fd5d9e6586d89cb55a3290ab9a1c3bdd59e1ed87cb631c,Outbuilding = 24 sq ft / 2.2 sq m,2.2,24.0,,,,,,,,,,,,,,,,2025-04-29T14:51:45.798859+00:00
297,FloorplanTest290425,29d51f6de115399236fd5d9e6586d89cb55a3290ab9a1c3bdd59e1ed87cb631c,Total = 2101 sq ft / 195 sq m,195.0,2101.0,3,26,25,189,66,25,26,2,"['door', 'door', 'door', 'door', 'door', 'door', 'door', 'door2', 'door2', 'door2', 'door2', 'stair', 'shower', 'vanity', 'toilet_bowl', 'bathtub', 'vanity', 'toilet_bowl', 'window', 'window', 'window', 'window', 'window', 'window', 'window', 'window', 'window', 'window', 'bathtub', 'shower', 'door', 'door', 'sink', 'window', 'window', 'door', 'door2', 'door', 'door', 'door', 'door2', 'door', 'door2', 'door2', 'door', 'door', 'door', 'stair', 'toilet_bowl', 'sink', 'stove', 'vanity', 'window', 'window', 'window', 'window', 'window', 'window', 'window', 'window', 'window', 'window', 'window', 'window', 'window', 'window']",1106476.5,0.00017623510305008738,0.0018988202641447875,10710,21662,3141,2025-04-29T14:51:45.798859+00:00
287,FloorplanTest290425,97f4774614af598d864d6215aeebe4347d0e4633e700abf8624c30f7c54f25b7,Ground Floor: approx 1356 sq ft/126 sq metres,126.0,1356.0,3,14,14,180,32,11,8,4,"['door', 'door', 'door', 'door', 'stair', 'stair', 'bathtub', 'toilet_bowl', 'window', 'window', 'window', 'window', 'vanity', 'door', 'door', 'door', 'door', 'door', 'stair', 'sink', 'stove', 'window', 'toilet_bowl', 'window', 'door', 'door', 'stair', 'shower', 'window', 'toilet_bowl', 'vanity', 'window']",669691.5,0.00018814633305036722,0.002024812917589666,6630,15548,2369,2025-04-29T15:12:10.926037+00:00
287,FloorplanTest290425,97f4774614af598d864d6215aeebe4347d0e4633e700abf8624c30f7c54f25b7,Total Floor Area (Calculated),126.0,1356.0,3,14,14,180,32,11,8,4,"['door', 'door', 'door', 'door', 'stair', 'stair', 'bathtub', 'toilet_bowl', 'window', 'window', 'window', 'window', 'vanity', 'door', 'door', 'door', 'door', 'door', 'stair', 'sink', 'stove', 'window', 'toilet_bowl', 'window', 'door', 'door', 'stair', 'shower', 'window', 'toilet_bowl', 'vanity', 'window']",669691.5,0.00018814633305036722,0.002024812917589666,6630,15548,2369,2025-04-29T15:12:10.926037+00:00
50,8,7342d2d86922c4e404cb45bb5c95a658ab8ab613366f0ebe8db3de1874bd8551,Approximate Area: 1404 sq ft / 130 sq m,130.0,1404.0,2,17,17,135,43,19,12,2,"['door', 'door', 'door', 'door', 'door', 'door', 'door', 'door', 'stair', 'bathtub', 'bathtub', 'vanity', 'toilet_bowl', 'vanity', 'toilet_bowl', 'window', 'window', 'window', 'window', 'window', 'door', 'door2', 'door2', 'door', 'door', 'door', 'door2', 'door', 'door', 'door', 'door', 'stair', 'sink', 'stove', 'toilet_bowl', 'vanity', 'window', 'window', 'window', 'window', 'window', 'window', 'window']",950600.5,0.00013675566128988991,0.001476961141930811,6375,15458,2233,2025-04-12T12:35:31.906373+00:00
210,2,72635fa71cf64a6cff69f8fbe5c78810d6af949a4457f58b46f6eb4b8f26ba11,Approximate Floor Area = 497 sq ft / 46.2 sq m including limited use area (7 sq ft / 0.7 sq m),46.2,497.0,1,5,5,42,16,5,5,0,"['door', 'door', 'door', 'door', 'door', 'stove', 'sink', 'bathtub', 'vanity', 'toilet_bowl', 'window', 'window', 'window', 'vanity', 'window', 'window']",2096859.5,2.2032949751759716e-05,0.00023702112611741512,3060,6882,716,2025-04-12T12:35:31.906429+00:00
210,2,72635fa71cf64a6cff69f8fbe5c78810d6af949a4457f58b46f6eb4b8f26ba11,Total Floor Area (Calculated),46.2,497.0,1,5,5,42,16,5,5,0,"['door', 'door', 'door', 'door', 'door', 'stove', 'sink', 'bathtub', 'vanity', 'toilet_bowl', 'window', 'window', 'window', 'vanity', 'window', 'window']",2096859.5,2.2032949751759716e-05,0.00023702112611741512,3060,6882,716,2025-04-12T12:35:31.906429+00:00
318,FloorplanTest290425,a7ed9490a4d0d64ae6fa5056f393c4b716af2eb9b0e7c17e4baf5aa4869b873f,Shed: 77 (2.30),2.3,77.0,,,,,,,,,,,,,,,,2025-04-29T17:34:21.513879+00:00
171,8,9714c4c577f4bd064e2c257895705efcd890070845270dfccca96752681c9972,Approximate Area: 1398 sq ft / 129.8 sq m,129.8,1398.0,,,,,,,,,,,,,,,,2025-04-12T12:35:31.905568+00:00
209,8,9be1f22d8e2acad2328cdc295a2423dc7ba9e8cb0ae14ac24c317b13914f2c6a,Approximate Area = 1474 sq ft / 137 sq m,137.0,1474.0,3,22,20,165,60,22,15,4,"['door', 'door', 'door2', 'door', 'door', 'stair', 'stair', 'shower', 'shower', 'toilet_bowl', 'vanity', 'vanity', 'toilet_bowl', 'window', 'window', 'window', 'window', 'window', 'door2', 'door', 'door', 'door', 'door', 'door', 'door', 'door', 'door', 'door2', 'stair', 'toilet_bowl', 'shower', 'sink', 'toilet_bowl', 'vanity', 'window', 'window', 'vanity', 'window', 'window', 'door', 'door', 'door', 'door', 'door', 'door-s', 'door-s', 'stair', 'bathtub', 'bathtub', 'vanity', 'toilet_bowl', 'vanity', 'window', 'window', 'window', 'window', 'toilet_bowl', 'vanity', 'window', 'window']",370733.5,0.0003695376867750015,0.003975901827053666,9690,18348,2173,2025-04-12T12:35:31.906352+00:00
209,8,9be1f22d8e2acad2328cdc295a2423dc7ba9e8cb0ae14ac24c317b13914f2c6a,Total Floor Area (Calculated),137.0,1474.0,3,22,20,165,60,22,15,4,"['door', 'door', 'door2', 'door', 'door', 'stair', 'stair', 'shower', 'shower', 'toilet_bowl', 'vanity', 'vanity', 'toilet_bowl', 'window', 'window', 'window', 'window', 'window', 'door2', 'door', 'door', 'door', 'door', 'door', 'door', 'door', 'door', 'door2', 'stair', 'toilet_bowl', 'shower', 'sink', 'toilet_bowl', 'vanity', 'window', 'window', 'vanity', 'window', 'window', 'door', 'door', 'door', 'door', 'door', 'door-s', 'door-s', 'stair', 'bathtub', 'bathtub', 'vanity', 'toilet_bowl', 'vanity', 'window', 'window', 'window', 'window', 'toilet_bowl', 'vanity', 'window', 'window']",370733.5,0.0003695376867750015,0.003975901827053666,9690,18348,2173,2025-04-12T12:35:31.906352+00:00
167,8,a61d034aaf144cf1e6c72e7628d9eea5fbe70cc3da3c83f77d9410710c6281d3,Approximate Area = 1268 sq ft / 117.8 sq m,117.8,1268.0,,,,,,,,,,,,,,,,2025-04-12T12:35:31.905483+00:00
167,8,a61d034aaf144cf1e6c72e7628d9eea5fbe70cc3da3c83f77d9410710c6281d3,Limited Use Area(s) = 97 sq ft / 9 sq m,9.0,97.0,,,,,,,,,,,,,,,,2025-04-12T12:35:31.905483+00:00
167,8,a61d034aaf144cf1e6c72e7628d9eea5fbe70cc3da3c83f77d9410710c6281d3,Total = 1365 sq ft / 126.8 sq m,126.8,1365.0,3,17,17,142,41,14,11,5,"['door', 'door', 'door', 'door', 'stair', 'stair', 'vanity', 'window', 'window', 'window', 'bathtub', 'window', 'toilet_bowl', 'shower', 'door', 'door', 'door', 'door', 'stair', 'sink', 'stove', 'window', 'window', 'window', 'window', 'window', 'sofa', 'bed', 'door', 'door', 'door', 'door', 'door2', 'door-s', 'stair', 'stair', 'vanity', 'window', 'window', 'toilet_bowl', 'vanity']",708914.5,0.00017886501122490794,0.0019254790246214458,8160,16045,2227,2025-04-12T12:35:31.905483+00:00
212,FloorplanTest290425,08c0e213249b33325f88070e2fe0efd162e62c07360dce5b170247b1d0b58c30,First Floor: 476 sq ft / 44.0 sq m,44.0,476.0,,,,,,,,,,,,,,,,2025-04-29T10:57:18.316862+00:00
212,FloorplanTest290425,08c0e213249b33325f88070e2fe0efd162e62c07360dce5b170247b1d0b58c30,Approximate Gross Internal Area: 1287 sq ft / 119 sq m,119.0,1287.0,,,,,,,,,,,,,,,,2025-04-29T10:57:18.316862+00:00
318,FloorplanTest290425,a7ed9490a4d0d64ae6fa5056f393c4b716af2eb9b0e7c17e4baf5aa4869b873f,Garage: 195 (5.93) x 89 (2.66),2.66,195.0,,,,,,,,,,,,,,,,2025-04-29T17:34:21.513879+00:00
318,FloorplanTest290425,a7ed9490a4d0d64ae6fa5056f393c4b716af2eb9b0e7c17e4baf5aa4869b873f,Garden Approximate: 471 (14.50) x 2711 (7.60),7.6,471.0,,,,,,,,,,,,,,,,2025-04-29T17:34:21.513879+00:00
318,FloorplanTest290425,a7ed9490a4d0d64ae6fa5056f393c4b716af2eb9b0e7c17e4baf5aa4869b873f,Kitchen: 135 (4.08) x 91 (2.78),2.78,135.0,,,,,,,,,,,,,,,,2025-04-29T17:34:21.513879+00:00
318,FloorplanTest290425,a7ed9490a4d0d64ae6fa5056f393c4b716af2eb9b0e7c17e4baf5aa4869b873f,Dining Room: 1914 (5.90) max x 14 (4.26) max,4.26,1914.0,,,,,,,,,,,,,,,,2025-04-29T17:34:21.513879+00:00
318,FloorplanTest290425,a7ed9490a4d0d64ae6fa5056f393c4b716af2eb9b0e7c17e4baf5aa4869b873f,Reception Room: 14 (4.26) max x 1211 (3.93) max,3.93,1211.0,,,,,,,,,,,,,,,,2025-04-29T17:34:21.513879+00:00
318,FloorplanTest290425,a7ed9490a4d0d64ae6fa5056f393c4b716af2eb9b0e7c17e4baf5aa4869b873f,Bedroom (Second Floor): 198 (6.00) max x 193 (5.87),5.87,198.0,,,,,,,,,,,,,,,,2025-04-29T17:34:21.513879+00:00
318,FloorplanTest290425,a7ed9490a4d0d64ae6fa5056f393c4b716af2eb9b0e7c17e4baf5aa4869b873f,Bedroom (First Floor): 1111 (3.63) max x 1111 (3.35) to bay,3.35,1111.0,,,,,,,,,,,,,,,,2025-04-29T17:34:21.513879+00:00
318,FloorplanTest290425,a7ed9490a4d0d64ae6fa5056f393c4b716af2eb9b0e7c17e4baf5aa4869b873f,Bedroom (First Floor): 163 (4.95) into bay x 111 (3.35) max,3.35,163.0,,,,,,,,,,,,,,,,2025-04-29T17:34:21.513879+00:00
6,2,1e2c042f8be20bfd9223c8a2b200e47992b2e1d81ff0b7a42167a64406075c5b,Total Floor Area (Calculated),121.9,1312.0,2,18,16,173,39,17,14,1,"['door', 'door', 'door', 'door', 'door', 'door', 'door', 'door', 'bathtub', 'vanity', 'toilet_bowl', 'window', 'window', 'window', 'window', 'window', 'window', 'window', 'window', 'window', 'door2', 'door2', 'door', 'door', 'door', 'door', 'door', 'door', 'door', 'stair', 'stove', 'vanity', 'toilet_bowl', 'sink', 'window', 'window', 'window', 'window', 'window']",707329.5,0.00017233835150378996,0.0018548639636831207,6375,15801,2458,2025-04-12T12:35:31.906473+00:00
11,8,0822f22b9621bb401e7a3f855c75b0bbbc8e791e93ed69d3b4443b95e60e5487,Approximate Gross Internal Area: 1312 sq ft / 121.9 sq mt,121.9,1312.0,2,18,16,173,39,17,14,1,"['door', 'door', 'door', 'door', 'door', 'door', 'door', 'door', 'bathtub', 'vanity', 'toilet_bowl', 'window', 'window', 'window', 'window', 'window', 'window', 'window', 'window', 'window', 'door2', 'door2', 'door', 'door', 'door', 'door', 'door', 'door', 'door', 'stair', 'stove', 'vanity', 'toilet_bowl', 'sink', 'window', 'window', 'window', 'window', 'window']",707329.5,0.00017233835150378996,0.0018548639636831207,6375,15801,2473,2025-04-12T12:35:31.906640+00:00
11,8,0822f22b9621bb401e7a3f855c75b0bbbc8e791e93ed69d3b4443b95e60e5487,Total Floor Area (Calculated),121.9,1312.0,2,18,16,173,39,17,14,1,"['door', 'door', 'door', 'door', 'door', 'door', 'door', 'door', 'bathtub', 'vanity', 'toilet_bowl', 'window', 'window', 'window', 'window', 'window', 'window', 'window', 'window', 'window', 'door2', 'door2', 'door', 'door', 'door', 'door', 'door', 'door', 'door', 'stair', 'stove', 'vanity', 'toilet_bowl', 'sink', 'window', 'window', 'window', 'window', 'window']",707329.5,0.00017233835150378996,0.0018548639636831207,6375,15801,2473,2025-04-12T12:35:31.906640+00:00
12,8,955a626d1bd122a00b8014c331de8185c668705a7c6725a51bb40108ca994b69,Garage = 66 sq ft / 6.1 sq m,6.1,66.0,,,,,,,,,,,,,,,,2025-04-12T12:35:31.906661+00:00
12,8,955a626d1bd122a00b8014c331de8185c668705a7c6725a51bb40108ca994b69,Outbuilding = 63 sq ft / 5.8 sq m,5.8,63.0,,,,,,,,,,,,,,,,2025-04-12T12:35:31.906661+00:00
12,8,955a626d1bd122a00b8014c331de8185c668705a7c6725a51bb40108ca994b69,Total = 1503 sq ft / 139.5 sq m,139.5,1503.0,2,25,25,181,49,26,10,2,"['door', 'door', 'door', 'door', 'door', 'door', 'door', 'door-s', 'door2', 'door-s', 'door-s', 'door-s', 'door', 'door-s', 'stair', 'shower', 'bathtub', 'vanity', 'vanity', 'toilet_bowl', 'window', 'window', 'window', 'window', 'window', 'window', 'window', 'vanity', 'toilet_bowl', 'door2', 'door', 'door', 'door', 'door', 'door', 'door', 'door2', 'door', 'door', 'door2', 'door-s', 'stair', 'sink', 'stove', 'vanity', 'window', 'toilet_bowl', 'window', 'window']",634959.5,0.00021969905167179953,0.002367080105109066,10455,19695,2992,2025-04-12T12:35:31.906661+00:00
10,2,2fc3ca6ccf4ff56a619f5c7e606ddcb9c051c3dfa75d87f81e1ea958f0baa0d5,Approximate Gross Internal Area = 216.5 sq m / 2330 sq ft,216.5,2330.0,,,,,,,,,,,,,,,,2025-04-12T12:35:31.906619+00:00
10,2,2fc3ca6ccf4ff56a619f5c7e606ddcb9c051c3dfa75d87f81e1ea958f0baa0d5,Garage = 29.7 sq m / 320 sq ft,29.7,320.0,,,,,,,,,,,,,,,,2025-04-12T12:35:31.906619+00:00
10,2,2fc3ca6ccf4ff56a619f5c7e606ddcb9c051c3dfa75d87f81e1ea958f0baa0d5,Total = 246.2 sq m / 2650 sq ft,246.2,2650.0,3,27,27,187,69,28,25,2,"['door', 'door', 'door', 'door', 'door', 'door', 'door', 'door', 'door', 'door', 'door', 'door', 'door', 'door', 'stair', 'bathtub', 'bathtub', 'window', 'window', 'toilet_bowl', 'toilet_bowl', 'window', 'toilet_bowl', 'window', 'vanity', 'vanity', 'window', 'vanity', 'window', 'window', 'window', 'window', 'window', 'door', 'window', 'window', 'window', 'door2', 'door2', 'door', 'door2', 'door2', 'door', 'door', 'door', 'door', 'door', 'door', 'door2', 'door', 'stair', 'sink', 'window', 'vanity', 'toilet_bowl', 'window', 'window', 'window', 'vanity', 'window', 'window', 'window', 'window', 'stove', 'window', 'sink', 'window', 'window', 'window']",679517.5,0.0003623159079788232,0.0038998259794633693,11220,22567,3362,2025-04-12T12:35:31.906619+00:00
12,8,955a626d1bd122a00b8014c331de8185c668705a7c6725a51bb40108ca994b69,Approximate Area = 1374 sq ft / 127.6 sq m,127.6,1374.0,,,,,,,,,,,,,,,,2025-04-12T12:35:31.906661+00:00
17,8,bfa3f5ae89de0afc9ac25a19d48fa7cdac2dbb64463ab4a5a7a3f8e7351a88fd,Approximate Floor Area = 127.5 sq m / 1372 sq ft,127.5,1372.0,,,,,,,,,,,,,,,,2025-04-12T12:35:31.906745+00:00
17,8,bfa3f5ae89de0afc9ac25a19d48fa7cdac2dbb64463ab4a5a7a3f8e7351a88fd,Garage = 13.1 sq m / 141 sq ft,13.1,141.0,,,,,,,,,,,,,,,,2025-04-12T12:35:31.906745+00:00
17,8,bfa3f5ae89de0afc9ac25a19d48fa7cdac2dbb64463ab4a5a7a3f8e7351a88fd,Total = 140.6 sq m / 1513 sq ft (Excluding Shed),140.6,1513.0,2,21,19,155,46,22,11,2,"['door', 'door', 'door', 'door', 'door', 'door', 'door-s', 'door-s', 'door-s', 'stair', 'bathtub', 'window', 'window', 'toilet_bowl', 'window', 'window', 'window', 'window', 'vanity', 'window', 'window', 'shower', 'vanity', 'toilet_bowl', 'door', 'door', 'door', 'door', 'door', 'door', 'door', 'door', 'door', 'door', 'door', 'door', 'door', 'stair', 'stove', 'sink', 'toilet_bowl', 'vanity', 'window', 'sink', 'window', 'window']",989128.0,0.00014214540484143608,0.0015296301388697923,7905,16966,2628,2025-04-12T12:35:31.906745+00:00
13,8,496f06e6fbbf913053eea16b7a3151579e07ff6ee9e0499aa4b6351184e402d1,Ground Floor: approx 67.9 sq. metres (731.3 sq. feet),67.9,731.3,,,,,,,,,,,,,,,,2025-04-12T12:35:31.906682+00:00
13,8,496f06e6fbbf913053eea16b7a3151579e07ff6ee9e0499aa4b6351184e402d1,First Floor: approx 56.9 sq. metres (612.4 sq. feet),56.9,612.4,,,,,,,,,,,,,,,,2025-04-12T12:35:31.906682+00:00
13,8,496f06e6fbbf913053eea16b7a3151579e07ff6ee9e0499aa4b6351184e402d1,Garden Room: approx 18.9 sq. metres (203.4 sq. feet),18.9,203.4,,,,,,,,,,,,,,,,2025-04-12T12:35:31.906682+00:00
13,8,496f06e6fbbf913053eea16b7a3151579e07ff6ee9e0499aa4b6351184e402d1,Total area: approx 143.7 sq. metres (1547.1 sq. feet),143.7,1547.1,3,16,14,113,42,15,13,2,"['door', 'door', 'door', 'door', 'door', 'door', 'stair', 'shower', 'shower', 'vanity', 'bathtub', 'toilet_bowl', 'toilet_bowl', 'vanity', 'window', 'window', 'window', 'window', 'window', 'window', 'door2', 'window', 'door', 'door', 'door', 'door', 'door', 'door', 'door2', 'door', 'stair', 'stove', 'sink', 'sink', 'toilet_bowl', 'vanity', 'window', 'window', 'window', 'window', 'window', 'window']",915484.5,0.00015696606550957444,0.0016899248430748963,6120,15447,2292,2025-04-12T12:35:31.906682+00:00
18,8,bfbf05d0787e2b76598d5374dea945c36301bb00c4c44f151241b711404873d0,Approximate Gross Internal Area Total = 2001 Sq Ft / 185.89 Sq M,185.89,2001.0,3,19,16,238,55,22,17,5,"['door', 'door', 'door', 'door', 'door', 'stair', 'stair', 'stair', 'bathtub', 'toilet_bowl', 'window', 'vanity', 'window', 'window', 'bed', 'window', 'window', 'window', 'window', 'window', 'window', 'window', 'window', 'door', 'door2', 'door', 'door', 'door', 'door', 'door', 'door', 'door', 'door2', 'door', 'door2', 'door2', 'stair', 'stove', 'vanity', 'window', 'window', 'toilet_bowl', 'window', 'window', 'sofa', 'window', 'door', 'door', 'door2', 'door', 'stair', 'toilet_bowl', 'bathtub', 'vanity', 'window']",1209918.5,0.0001536384475483266,0.0016538304026262926,6630,18796,2445,2025-04-12T12:35:31.906765+00:00
19,8,a3909c00dccf3f502c8d02ce5278a1efedc18c3376d7fde3446963b39a7fea64,Approximate Area: 1641 sq ft / 152.4 sq m,152.4,1641.0,,,,,,,,,,,,,,,,2025-04-12T12:35:31.906786+00:00
19,8,a3909c00dccf3f502c8d02ce5278a1efedc18c3376d7fde3446963b39a7fea64,Limited Use Area(s) = 77 sq ft / 7.1 sq m,7.1,77.0,,,,,,,,,,,,,,,,2025-04-12T12:35:31.906786+00:00
19,8,a3909c00dccf3f502c8d02ce5278a1efedc18c3376d7fde3446963b39a7fea64,Outbuilding = 421 sq ft / 39.1 sq m,39.1,421.0,,,,,,,,,,,,,,,,2025-04-12T12:35:31.906786+00:00
252,FloorplanTest290425,2767c3111af2e27ba0b46b59d69c66dfc107079948b46bfdc9f0ca4b2b422dc7,Approximate Gross Internal Area 1827 sq ft - 170 sq m,170.0,1827.0,,,,,,,,,,,,,,,,2025-04-29T13:05:00.526244+00:00
252,FloorplanTest290425,2767c3111af2e27ba0b46b59d69c66dfc107079948b46bfdc9f0ca4b2b422dc7,Ground Floor Area 926 sq ft - 86 sq m,86.0,926.0,,,,,,,,,,,,,,,,2025-04-29T13:05:00.526244+00:00
252,FloorplanTest290425,2767c3111af2e27ba0b46b59d69c66dfc107079948b46bfdc9f0ca4b2b422dc7,First Floor Area 901 sq ft - 84 sq m,84.0,901.0,,,,,,,,,,,,,,,,2025-04-29T13:05:00.526244+00:00
252,FloorplanTest290425,2767c3111af2e27ba0b46b59d69c66dfc107079948b46bfdc9f0ca4b2b422dc7,Total Floor Area (Calculated),340.0,3654.0,2,20,18,120,46,21,12,2,"['door', 'door', 'door', 'door', 'door', 'door2', 'door', 'door2', 'door', 'door2', 'door', 'door', 'stair', 'shower', 'bathtub', 'vanity', 'toilet_bowl', 'toilet_bowl', 'vanity', 'window', 'window', 'window', 'window', 'window', 'window', 'door2', 'door', 'door', 'door', 'door', 'door', 'door', 'door2', 'door-s', 'stair', 'stove', 'toilet_bowl', 'sink', 'vanity', 'bed', 'window', 'window', 'window', 'window', 'window', 'window']",1277133.5,0.00026622118987560815,0.0028610947876631537,5865,13911,2303,2025-04-29T13:05:00.526244+00:00
19,8,a3909c00dccf3f502c8d02ce5278a1efedc18c3376d7fde3446963b39a7fea64,Total = 2139 sq ft / 198.7 sq m,198.7,2139.0,4,21,20,138,57,30,13,3,"['door', 'door', 'door', 'door', 'door', 'door2', 'door2', 'stair', 'toilet_bowl', 'window', 'window', 'window', 'window', 'window', 'vanity', 'bathtub', 'shower', 'door2', 'door2', 'door', 'door', 'door', 'door', 'door2', 'door', 'door', 'door', 'door', 'door', 'door', 'door2', 'door', 'stair', 'shower', 'window', 'toilet_bowl', 'stove', 'sink', 'window', 'window', 'sink', 'vanity', 'window', 'window', 'door', 'door', 'window', 'window', 'window', 'sink', 'door', 'door', 'door', 'door', 'door', 'door', 'stair']",610139.5,0.000325663229474571,0.003505755650961788,8415,19877,2936,2025-04-12T12:35:31.906786+00:00
22,8,16c56c25a2896907c314bbd5724ea8010497a78113113be74e736df7bb84e6be,Approximate Area = 1227 sq ft / 113.9 sq m,113.9,1227.0,,,,,,,,,,,,,,,,2025-04-12T12:35:31.906848+00:00
22,8,16c56c25a2896907c314bbd5724ea8010497a78113113be74e736df7bb84e6be,Garage / Workshop = 188 sq ft / 17.4 sq m,17.4,188.0,,,,,,,,,,,,,,,,2025-04-12T12:35:31.906848+00:00
22,8,16c56c25a2896907c314bbd5724ea8010497a78113113be74e736df7bb84e6be,Total = 1415 sq ft / 131.3 sq m,131.3,1415.0,2,16,16,132,44,18,15,2,"['door', 'door', 'door', 'door', 'door', 'door2', 'stair', 'vanity', 'toilet_bowl', 'window', 'window', 'door', 'door', 'door', 'door', 'door', 'door', 'door', 'door', 'door', 'door', 'door', 'door', 'stair', 'shower', 'sink', 'toilet_bowl', 'stove', 'window', 'vanity', 'vanity', 'toilet_bowl', 'window', 'window', 'window', 'window', 'window', 'window', 'window', 'window', 'window', 'window', 'window', 'window']",704051.5,0.00018649203928973947,0.0020097961583776186,5865,13867,2312,2025-04-12T12:35:31.906848+00:00
14,8,ddcfe306bd73dda74fab95f99486ba1039c1c91b389a0f5ab65c940ac4ef533e,Approximate Area: 1291 sq ft / 120 sq m,120.0,1291.0,,,,,,,,,,,,,,,,2025-04-12T12:35:31.906703+00:00
14,8,ddcfe306bd73dda74fab95f99486ba1039c1c91b389a0f5ab65c940ac4ef533e,Garage: 144 sq ft / 13.3 sq m,13.3,144.0,,,,,,,,,,,,,,,,2025-04-12T12:35:31.906703+00:00
14,8,ddcfe306bd73dda74fab95f99486ba1039c1c91b389a0f5ab65c940ac4ef533e,Total: 1435 sq ft / 133.3 sq m,133.3,1435.0,2,16,16,142,42,17,12,2,"['door', 'door', 'door', 'door', 'door', 'door', 'door', 'stair', 'shower', 'toilet_bowl', 'bathtub', 'vanity', 'toilet_bowl', 'window', 'window', 'window', 'window', 'window', 'window', 'vanity', 'bathtub', 'door', 'door', 'door', 'door', 'door', 'door', 'door', 'door', 'door', 'door', 'stair', 'sink', 'stove', 'vanity', 'toilet_bowl', 'window', 'window', 'window', 'window', 'window', 'window']",923022.5,0.00014441684790999137,0.001554674994379877,5355,14309,2381,2025-04-12T12:35:31.906703+00:00
24,8,a01f4f6fe1b8c76545afc309ef7f742cc6fa0eeb4593ce69131f9c3efcf25323,Ground Floor: approx 67.4 sq. metres (725.8 sq. feet),67.4,725.8,,,,,,,,,,,,,,,,2025-04-12T12:35:31.906889+00:00
24,8,a01f4f6fe1b8c76545afc309ef7f742cc6fa0eeb4593ce69131f9c3efcf25323,First Floor: approx 41.1 sq. metres (442.1 sq. feet),41.1,442.1,,,,,,,,,,,,,,,,2025-04-12T12:35:31.906889+00:00
24,8,a01f4f6fe1b8c76545afc309ef7f742cc6fa0eeb4593ce69131f9c3efcf25323,Second Floor: approx 31.7 sq. metres (341.5 sq. feet),31.7,341.5,,,,,,,,,,,,,,,,2025-04-12T12:35:31.906889+00:00
24,8,a01f4f6fe1b8c76545afc309ef7f742cc6fa0eeb4593ce69131f9c3efcf25323,Total area: approx 140.2 sq. metres (1509.4 sq. feet),140.2,1509.4,2,14,12,105,37,15,13,2,"['door', 'door', 'door', 'door', 'door2', 'door', 'door2', 'stair', 'shower', 'toilet_bowl', 'vanity', 'window', 'window', 'window', 'window', 'window', 'bed', 'door2', 'door', 'door', 'door', 'door', 'door', 'door', 'door-s', 'stair', 'toilet_bowl', 'stove', 'window', 'sink', 'window', 'window', 'window', 'window', 'window', 'window', 'window']",772817.5,0.00018141411135229207,0.0019531131217913674,5865,13302,1959,2025-04-12T12:35:31.906889+00:00
55,8,87b0d348292c278c53afc088fe7185331f3c173d9957656257409697ebf86290,Ground Floor: approx 99.2 Sq m / 1067 Sq Ft,99.2,1067.0,,,,,,,,,,,,,,,,2025-04-12T12:35:31.906912+00:00
27,8,74d0289fa45728c7a8f7bf0de6166f79c17e0a85f74247186fd31e322831c443,Garage = 30.0 sq m / 323 sq ft,30.0,323.0,,,,,,,,,,,,,,,,2025-04-12T12:35:31.906937+00:00
27,8,74d0289fa45728c7a8f7bf0de6166f79c17e0a85f74247186fd31e322831c443,Total = 173.1 sq m / 1863 sq ft,173.1,1863.0,3,16,15,117,48,17,21,2,"['door', 'door', 'door', 'door', 'door', 'door2', 'door2', 'stair', 'bathtub', 'vanity', 'toilet_bowl', 'window', 'window', 'window', 'window', 'window', 'window', 'window', 'window', 'vanity', 'window', 'window', 'window', 'window', 'door', 'door', 'door', 'door', 'door', 'door', 'door', 'door', 'door-s', 'door', 'stair', 'stove', 'window', 'sink', 'window', 'window', 'window', 'window', 'vanity', 'window', 'window', 'window', 'toilet_bowl', 'window']",839066.5,0.0002063006924957676,0.00222032461074301,6630,16572,2505,2025-04-12T12:35:31.906937+00:00
37,8,fd42d17311a793a54b5bca5070f1efa076b47be30944813524b06e30e507ebc0,Approximate Floor Area = 1751 sq ft / 162.7 sq m,162.7,1751.0,,,,,,,,,,,,,,,,2025-04-12T12:35:31.907061+00:00
37,8,fd42d17311a793a54b5bca5070f1efa076b47be30944813524b06e30e507ebc0,Garage = 129 sq ft / 12 sq m,12.0,129.0,,,,,,,,,,,,,,,,2025-04-12T12:35:31.907061+00:00
37,8,fd42d17311a793a54b5bca5070f1efa076b47be30944813524b06e30e507ebc0,Total = 1880 sq ft / 174.7 sq m,174.7,1880.0,3,19,19,131,50,17,19,2,"['door', 'door', 'door', 'door', 'door', 'door', 'stair', 'shower', 'bathtub', 'vanity', 'vanity', 'toilet_bowl', 'toilet_bowl', 'window', 'window', 'window', 'window', 'window', 'window', 'window', 'window', 'window', 'window', 'door', 'window', 'window', 'door', 'door', 'door', 'door', 'door', 'door2', 'door', 'door-s', 'door-s', 'door', 'stair', 'stove', 'sink', 'window', 'toilet_bowl', 'window', 'window', 'window', 'window', 'window', 'vanity', 'bathtub', 'shower', 'window']",1210282.0,0.00014434652419849259,0.0015533569862230456,8670,18127,2464,2025-04-12T12:35:31.907061+00:00
46,8,299ad050b82340ff80f88dc9a5b1c4281e1e4088a0a9bfb11a6e75ec1f03e2b3,Ground Floor Total Approximate Area,133.64,1438.43,,,,,,,,,,,,,,,,2025-04-12T12:35:31.907085+00:00
46,8,299ad050b82340ff80f88dc9a5b1c4281e1e4088a0a9bfb11a6e75ec1f03e2b3,First Floor Total Approximate Area,68.06,732.59,,,,,,,,,,,,,,,,2025-04-12T12:35:31.907085+00:00
46,8,299ad050b82340ff80f88dc9a5b1c4281e1e4088a0a9bfb11a6e75ec1f03e2b3,Outbuilding Total Approximate Area,28.5,306.57,,,,,,,,,,,,,,,,2025-04-12T12:35:31.907085+00:00
46,8,299ad050b82340ff80f88dc9a5b1c4281e1e4088a0a9bfb11a6e75ec1f03e2b3,Total Approximate Area,230.2,2477.85,3,24,24,155,63,31,18,1,"['door', 'door', 'door', 'door', 'door', 'door', 'door', 'door', 'door', 'door', 'door', 'door', 'door2', 'door-s', 'stair', 'toilet_bowl', 'toilet_bowl', 'window', 'window', 'vanity', 'window', 'window', 'window', 'window', 'window', 'window', 'bathtub', 'shower', 'window', 'sink', 'vanity', 'door2', 'door', 'door', 'door', 'door', 'door2', 'door', 'door', 'door', 'door-s', 'door', 'door-s', 'door-s', 'door-s', 'bathtub', 'stove', 'sink', 'window', 'toilet_bowl', 'vanity', 'window', 'window', 'shower', 'window', 'window', 'door2', 'door2', 'door2', 'window', 'window', 'window', 'window']",123333.0,0.0018664915310581918,0.02009072997494588,9180,19288,3305,2025-04-12T12:35:31.907085+00:00
58,10,36d66ac30000d49570d9b703dc67c565d05485bb9f80d53817945cc3474488e1,Approximate Gross Internal Area 1827 sq ft - 170 sq m,170.0,1827.0,,,,,,,,,,,,,,,,2025-04-12T12:35:31.907112+00:00
58,10,36d66ac30000d49570d9b703dc67c565d05485bb9f80d53817945cc3474488e1,Ground Floor Area 926 sq ft - 86 sq m,86.0,926.0,,,,,,,,,,,,,,,,2025-04-12T12:35:31.907112+00:00
58,10,36d66ac30000d49570d9b703dc67c565d05485bb9f80d53817945cc3474488e1,First Floor Area 901 sq ft - 84 sq m,84.0,901.0,,,,,,,,,,,,,,,,2025-04-12T12:35:31.907112+00:00
58,10,36d66ac30000d49570d9b703dc67c565d05485bb9f80d53817945cc3474488e1,Total Floor Area (Calculated),340.0,3654.0,2,18,18,120,46,21,12,2,"['door', 'door', 'door', 'door', 'door', 'door2', 'door', 'door2', 'door', 'door2', 'door', 'door', 'stair', 'shower', 'bathtub', 'vanity', 'toilet_bowl', 'toilet_bowl', 'vanity', 'window', 'window', 'window', 'window', 'window', 'window', 'door2', 'door', 'door', 'door', 'door', 'door', 'door', 'door2', 'door-s', 'stair', 'stove', 'toilet_bowl', 'sink', 'vanity', 'bed', 'window', 'window', 'window', 'window', 'window', 'window']",1277133.5,0.00026622118987560815,0.0028610947876631537,7395,15610,2306,2025-04-12T12:35:31.907112+00:00
59,8,8c08fb7af9904d45fa62f8ed7bdbd009940ff7710b3b48a2e78b0f8a3b071ef3,Approximate Gross Internal Area,127.62,1373.0,,,,,,,,,,,,,,,,2025-04-12T12:35:31.907161+00:00
59,8,8c08fb7af9904d45fa62f8ed7bdbd009940ff7710b3b48a2e78b0f8a3b071ef3,Main House 1336 sq. ft / 124.12 sq. m,124.12,1336.0,,,,,,,,,,,,,,,,2025-04-12T12:35:31.907161+00:00
59,8,8c08fb7af9904d45fa62f8ed7bdbd009940ff7710b3b48a2e78b0f8a3b071ef3,Outbuilding 37 sq. ft / 3.50 sq. m,3.5,37.0,,,,,,,,,,,,,,,,2025-04-12T12:35:31.907161+00:00
253,FloorplanTest290425,dce485362cb090a8cd953ae0d9dae1cc67a20a1cf8b20cf2c4b35bf54c15e23b,Approximate Gross Internal Area: Main House 1336 sq. ft / 124.12 sq. m,124.12,1336.0,,,,,,,,,,,,,,,,2025-04-29T13:07:00.410844+00:00
253,FloorplanTest290425,dce485362cb090a8cd953ae0d9dae1cc67a20a1cf8b20cf2c4b35bf54c15e23b,Outbuilding: 37 sq. ft / 3.50 sq. m,3.5,37.0,,,,,,,,,,,,,,,,2025-04-29T13:07:00.410844+00:00
59,8,8c08fb7af9904d45fa62f8ed7bdbd009940ff7710b3b48a2e78b0f8a3b071ef3,Total Floor Area (Calculated),255.24,2746.0,2,16,16,91,37,14,14,2,"['door', 'door', 'door', 'door', 'door', 'door', 'door', 'stair', 'bathtub', 'toilet_bowl', 'window', 'toilet_bowl', 'window', 'window', 'window', 'window', 'vanity', 'window', 'window', 'vanity', 'door', 'door', 'door', 'door', 'door', 'door', 'door2', 'stair', 'toilet_bowl', 'stove', 'window', 'window', 'window', 'window', 'window', 'window', 'window']",213160.5,0.0011974075872406005,0.012882311685326315,6375,13802,2367,2025-04-12T12:35:31.907161+00:00
38,8,b37d5726802f50a5d926f3a843bf192145e19007a03f143fe5677ee93d932476,Total Approx. Gross Internal Area 221.7 m² ... 2386 ft²,221.7,2386.0,4,26,24,192,72,32,19,5,"['door', 'door', 'door2', 'door2', 'door', 'door', 'door', 'door', 'door2', 'door2', 'door', 'door-s', 'stair', 'window', 'stove', 'sink', 'toilet_bowl', 'window', 'window', 'window', 'window', 'window', 'window', 'window', 'window', 'vanity', 'window', 'window', 'door', 'door', 'door', 'door2', 'door2', 'door2', 'door2', 'door2', 'stair', 'stair', 'stair', 'toilet_bowl', 'bathtub', 'toilet_bowl', 'window', 'window', 'window', 'vanity', 'window', 'window', 'toilet_bowl', 'door', 'door', 'door', 'door', 'door', 'door', 'door', 'door', 'door2', 'door2', 'door2', 'door2', 'stair', 'bathtub', 'toilet_bowl', 'toilet_bowl', 'vanity', 'vanity', 'window', 'window', 'window', 'shower', 'bathtub']",671896.5,0.00032996153425415966,0.0035511421774038114,6375,19697,4107,2025-04-12T12:35:31.907186+00:00
61,8,a342965865ce0a8fdd691c45e23b7e16592114fcfd32ed755eb8d1183f8eb1be,Ground Floor: approx. floor area 45.5 sq.m. (491 sq.ft.),45.5,491.0,,,,,,,,,,,,,,,,2025-04-12T12:35:31.907259+00:00
61,8,a342965865ce0a8fdd691c45e23b7e16592114fcfd32ed755eb8d1183f8eb1be,1st Floor: approx. floor area 47.5 sq.m. (510 sq.ft.),47.5,510.0,,,,,,,,,,,,,,,,2025-04-12T12:35:31.907259+00:00
61,8,a342965865ce0a8fdd691c45e23b7e16592114fcfd32ed755eb8d1183f8eb1be,2nd Floor: approx. floor area 43.6 sq.m. (471 sq.ft.),43.6,471.0,,,,,,,,,,,,,,,,2025-04-12T12:35:31.907259+00:00
61,8,a342965865ce0a8fdd691c45e23b7e16592114fcfd32ed755eb8d1183f8eb1be,Total approx. floor area 136.6 sq.m. (1472 sq.ft.),136.6,1472.0,4,25,20,127,30,11,10,2,"['door', 'door', 'door-s', 'bathtub', 'window', 'window', 'window', 'vanity', 'door', 'door', 'door', 'door', 'stair', 'stove', 'window', 'window', 'toilet_bowl', 'window', 'door', 'door', 'door', 'door', 'stair', 'bathtub', 'toilet_bowl', 'window', 'vanity', 'window', 'window', 'window']",96237.5,0.0014194051175477334,0.015295492921158591,9435,18668,3467,2025-04-12T12:35:31.907259+00:00
20,8,5ae2e2623b626a39fd2cef2f22366414a172f61d8f8dfaeb04ddac250d88499c,Approximate Total Internal Floor Area: 1365 SQ FT - 126.77 SQ M (including eaves storage),126.77,1365.0,3,20,18,147,36,12,12,2,"['door', 'door', 'door', 'door', 'stair', 'stair', 'bathtub', 'shower', 'toilet_bowl', 'window', 'vanity', 'window', 'window', 'window', 'window', 'window', 'window', 'door', 'door', 'door', 'stove', 'window', 'sink', 'bed', 'window', 'window', 'window', 'door', 'door', 'door', 'door', 'door2', 'shower', 'toilet_bowl', 'vanity', 'window']",970511.5,0.00013062184219352372,0.0014064748331163515,8160,17142,2507,2025-04-12T12:35:31.906287+00:00
20,8,5ae2e2623b626a39fd2cef2f22366414a172f61d8f8dfaeb04ddac250d88499c,Approximate Gross Internal Floor Area of Eaves Storage: 34 SQ FT - 3.15 SQ M,3.15,34.0,,,,,,,,,,,,,,,,2025-04-12T12:35:31.906287+00:00
39,8,1142de7215c7609df994f25c7eae614e773961c7ad9205fe902e62e1119bda5b,Total - 270 sq.m (2908 sq.ft),270.0,2908.0,3,32,30,215,83,36,25,2,"['door', 'door', 'door', 'door', 'door', 'door', 'door', 'door', 'door-s', 'stair', 'shower', 'bathtub', 'shower', 'toilet_bowl', 'vanity', 'vanity', 'toilet_bowl', 'window', 'window', 'window', 'window', 'window', 'window', 'door2', 'door2', 'door2', 'door2', 'door', 'door', 'door2', 'door', 'door', 'door', 'door', 'door', 'door', 'door', 'door', 'door', 'door', 'door', 'door', 'door2', 'door-s', 'door-s', 'door-s', 'stair', 'sink', 'toilet_bowl', 'stove', 'toilet_bowl', 'stove', 'sink', 'vanity', 'window', 'window', 'window', 'window', 'window', 'window', 'window', 'vanity', 'window', 'window', 'window', 'bed', 'window', 'window', 'shower', 'bathtub', 'window', 'window', 'window', 'window', 'door', 'door2', 'door', 'door', 'toilet_bowl', 'window', 'window', 'window', 'sink']",1006352.5,0.00026829565187148636,0.002889643539415861,11730,25294,4021,2025-04-12T12:35:31.907284+00:00
33,8,4241f323c23f79f61c47e3149d9be462f6321729f46734a6107fc3197a696aca,Ground Floor: Approx. 58.9 sq. metres (634.5 sq. feet),58.9,634.5,,,,,,,,,,,,,,,,2025-04-12T12:35:31.907333+00:00
39,8,1142de7215c7609df994f25c7eae614e773961c7ad9205fe902e62e1119bda5b,Main House - 179 sq.m (1929 sq.ft),179.0,1929.0,,,,,,,,,,,,,,,,2025-04-12T12:35:31.907284+00:00
33,8,4241f323c23f79f61c47e3149d9be462f6321729f46734a6107fc3197a696aca,First Floor: Approx. 53.9 sq. metres (580.4 sq. feet),53.9,580.4,,,,,,,,,,,,,,,,2025-04-12T12:35:31.907333+00:00
39,8,1142de7215c7609df994f25c7eae614e773961c7ad9205fe902e62e1119bda5b,Annexe - 43 sq.m (463 sq.ft),43.0,463.0,,,,,,,,,,,,,,,,2025-04-12T12:35:31.907284+00:00
33,8,4241f323c23f79f61c47e3149d9be462f6321729f46734a6107fc3197a696aca,Total area: approx. 112.9 sq. metres (1214.9 sq. feet),112.9,1214.9,2,15,13,134,40,18,12,2,"['door', 'door', 'door', 'door', 'door', 'door2', 'door', 'door', 'door2', 'door2', 'stair', 'bathtub', 'toilet_bowl', 'vanity', 'shower', 'window', 'window', 'window', 'window', 'window', 'door', 'door', 'door', 'door', 'door', 'door', 'door', 'door-s', 'stair', 'stove', 'toilet_bowl', 'sink', 'vanity', 'window', 'window', 'window', 'window', 'window', 'window', 'window']",1455299.0,7.757855945754103e-05,0.000834811265588721,4845,13098,2324,2025-04-12T12:35:31.907333+00:00
39,8,1142de7215c7609df994f25c7eae614e773961c7ad9205fe902e62e1119bda5b,Garage - 26 sq.m (279 sq.ft),26.0,279.0,,,,,,,,,,,,,,,,2025-04-12T12:35:31.907284+00:00
39,8,1142de7215c7609df994f25c7eae614e773961c7ad9205fe902e62e1119bda5b,Summer House - 22 sq.m (236 sq.ft),22.0,236.0,,,,,,,,,,,,,,,,2025-04-12T12:35:31.907284+00:00
25,8,c017819f855888de24a7e19b5086bc22f61e560baeaebc4cde30c05ce084a4ce,Approximate Area = 1104 sq ft / 102.5 sq m,102.5,1104.0,,,,,,,,,,,,,,,,2025-04-12T12:35:31.907407+00:00
25,8,c017819f855888de24a7e19b5086bc22f61e560baeaebc4cde30c05ce084a4ce,Garage = 130 sq ft / 12.1 sq m,12.1,130.0,,,,,,,,,,,,,,,,2025-04-12T12:35:31.907407+00:00
25,8,c017819f855888de24a7e19b5086bc22f61e560baeaebc4cde30c05ce084a4ce,Total = 1234 sq ft / 114.6 sq m,114.6,1234.0,2,18,18,119,35,16,10,2,"['door', 'door', 'door', 'door', 'door', 'door', 'door2', 'door2', 'stair', 'toilet_bowl', 'bathtub', 'vanity', 'window', 'window', 'window', 'window', 'window', 'window', 'door', 'door', 'door', 'door', 'door', 'door2', 'door', 'door', 'stair', 'stove', 'sink', 'toilet_bowl', 'vanity', 'window', 'window', 'window', 'window']",638266.5,0.00017954882482474013,0.0019333616913937987,7905,16715,2376,2025-04-12T12:35:31.907407+00:00
34,8,c22767a61764921e2d999a21aebfe14e3aa9831770df2c98edfb4510bc352821,Main House 1917 sq ft / 178.09 sq m,178.09,1917.0,,,,,,,,,,,,,,,,2025-04-12T12:35:31.907432+00:00
34,8,c22767a61764921e2d999a21aebfe14e3aa9831770df2c98edfb4510bc352821,Garage 724 sq ft / 67.26 sq m,67.26,724.0,,,,,,,,,,,,,,,,2025-04-12T12:35:31.907432+00:00
293,FloorplanTest290425,276e01b5973faecc29831406744ecca290c6d4912262c2f26606890b67dbafda,Store = 2 sq ft / 0.1 sq m,0.1,2.0,,,,,,,,,,,,,,,,2025-04-29T15:14:13.195554+00:00
34,8,c22767a61764921e2d999a21aebfe14e3aa9831770df2c98edfb4510bc352821,Total 2641 sq ft / 245.34 sq m,245.34,2641.0,3,21,19,138,64,21,23,3,"['door', 'door', 'door', 'door', 'door', 'door', 'door', 'door-s', 'door-s', 'door-s', 'stair', 'stair', 'bathtub', 'toilet_bowl', 'window', 'toilet_bowl', 'vanity', 'window', 'toilet_bowl', 'window', 'vanity', 'window', 'window', 'window', 'window', 'window', 'window', 'shower', 'vanity', 'bathtub', 'window', 'door', 'window', 'door', 'door', 'door', 'door', 'door', 'door', 'door', 'door', 'door2', 'door', 'stair', 'toilet_bowl', 'stove', 'sink', 'window', 'vanity', 'window', 'window', 'window', 'window', 'window', 'vanity', 'window', 'window', 'window', 'window', 'toilet_bowl', 'window', 'shower', 'window', 'bathtub']",569060.5,0.00043113166350502275,0.004640982812899507,8670,18299,2701,2025-04-12T12:35:31.907432+00:00
53,8,287796b7c24a8d9caf240d3bade594badfb554b5b926a6f5d1a1fd0dff8840df,Garage: 139 sq ft / 12.9 sq m,12.9,139.0,,,,,,,,,,,,,,,,2025-04-12T12:35:31.907457+00:00
53,8,287796b7c24a8d9caf240d3bade594badfb554b5b926a6f5d1a1fd0dff8840df,Approximate Area: 1521 sq ft / 141.3 sq m (excludes boiler room),141.3,1521.0,,,,,,,,,,,,,,,,2025-04-12T12:35:31.907457+00:00
53,8,287796b7c24a8d9caf240d3bade594badfb554b5b926a6f5d1a1fd0dff8840df,Total: 1660 sq ft / 154.2 sq m,154.2,1660.0,3,20,17,149,53,21,16,5,"['door', 'door', 'door', 'door', 'door', 'door', 'door-s', 'stair', 'stair', 'stair', 'shower', 'bathtub', 'vanity', 'window', 'window', 'window', 'window', 'window', 'toilet_bowl', 'window', 'bed', 'bed', 'door2', 'window', 'bed', 'door2', 'door2', 'door2', 'door', 'door', 'door', 'door', 'door', 'door', 'door', 'door2', 'door', 'door', 'stair', 'stair', 'sink', 'vanity', 'toilet_bowl', 'stove', 'window', 'window', 'window', 'window', 'window', 'window', 'window', 'window', 'window']",864057.5,0.00017846034552098674,0.0019211684407577042,6630,17080,2923,2025-04-12T12:35:31.907457+00:00
41,8,5234e1b2987ef39e5aba21844555305b0a1731b8956b9379defc104c31c804ef,Garage: 133 sq ft / 12.4 sq m,12.4,133.0,,,,,,,,,,,,,,,,2025-04-12T12:35:31.907482+00:00
41,8,5234e1b2987ef39e5aba21844555305b0a1731b8956b9379defc104c31c804ef,Ground Floor: 978 sq ft / 90.9 sq m,90.9,978.0,,,,,,,,,,,,,,,,2025-04-12T12:35:31.907482+00:00
41,8,5234e1b2987ef39e5aba21844555305b0a1731b8956b9379defc104c31c804ef,First Floor: 322 sq ft / 29.9 sq m,29.9,322.0,,,,,,,,,,,,,,,,2025-04-12T12:35:31.907482+00:00
41,8,5234e1b2987ef39e5aba21844555305b0a1731b8956b9379defc104c31c804ef,Approximate Gross Internal Area: 1433 sq ft / 133.2 sq m,133.2,1433.0,,,,,,,,,,,,,,,,2025-04-12T12:35:31.907482+00:00
41,8,5234e1b2987ef39e5aba21844555305b0a1731b8956b9379defc104c31c804ef,Total Floor Area (Calculated),266.4,2866.0,3,15,15,152,41,16,15,2,"['door', 'door', 'door', 'stair', 'window', 'vanity', 'toilet_bowl', 'door', 'sofa', 'window', 'door2', 'door', 'door', 'door', 'door', 'door', 'door', 'door', 'door2', 'door', 'door-s', 'door-s', 'stair', 'bathtub', 'stove', 'vanity', 'toilet_bowl', 'window', 'window', 'window', 'window', 'window', 'vanity', 'window', 'window', 'window', 'window', 'window', 'window', 'window', 'window']",987057.0,0.0002698932280506597,0.0029035810495239888,6630,16239,2177,2025-04-12T12:35:31.907482+00:00
26,8,1c076789450602e9d6c9a8029b07eb6ea4e8852ba08716317d022cbd15ed5c67,Ground Floor: Approx. Gross Internal Area 75.1 m² ... 808 ft²,75.1,808.0,,,,,,,,,,,,,,,,2025-04-12T12:35:31.907507+00:00
26,8,1c076789450602e9d6c9a8029b07eb6ea4e8852ba08716317d022cbd15ed5c67,1st Floor: Approx. Gross Internal Area 50.4 m² ... 543 ft²,50.4,543.0,,,,,,,,,,,,,,,,2025-04-12T12:35:31.907507+00:00
26,8,1c076789450602e9d6c9a8029b07eb6ea4e8852ba08716317d022cbd15ed5c67,Total Approx. Gross Internal Area 125.5 m² ... 1351 ft²,125.5,1351.0,2,18,16,112,41,18,9,3,"['door', 'door', 'door', 'door', 'door', 'door', 'door', 'door2', 'stair', 'stair', 'bathtub', 'toilet_bowl', 'shower', 'toilet_bowl', 'vanity', 'window', 'window', 'window', 'window', 'window', 'window', 'vanity', 'toilet_bowl', 'window', 'door', 'door', 'door', 'door', 'door', 'door', 'door', 'door', 'door', 'door-s', 'stair', 'sink', 'toilet_bowl', 'vanity', 'stove', 'window', 'window']",950783.5,0.00013199640086307765,0.0014209333670599038,3315,12707,2893,2025-04-12T12:35:31.907507+00:00
54,8,f036e92018a51ab099b147e958c5290b1f9cf383ae443c55e0a163cc3480897d,"Total area (approx.): 140.6 sq. m (1,513.3 sq. ft)",140.6,1513.3,2,16,15,130,47,21,16,2,"['door', 'door', 'door', 'door', 'door', 'door2', 'door', 'door2', 'door2', 'door2', 'door-s', 'door2', 'door2', 'stair', 'bathtub', 'shower', 'window', 'window', 'window', 'toilet_bowl', 'vanity', 'window', 'window', 'window', 'window', 'door', 'door', 'door', 'door', 'door2', 'door', 'door', 'door', 'stair', 'sink', 'stove', 'toilet_bowl', 'window', 'window', 'window', 'window', 'vanity', 'window', 'window', 'window', 'window', 'window']",897108.0,0.00015672583457064255,0.0016868649036682315,6375,14796,2209,2025-04-12T12:35:31.907532+00:00
43,8,f3afac2dfdafa1f91b65b550a7c76475d7b94bb4b330d2684af510a98fe84732,Approximate Area,142.3,1532.0,1,12,12,99,30,11,10,2,"['door', 'door', 'door', 'door', 'door', 'door', 'door', 'door', 'door', 'door', 'door', 'stair', 'stair', 'bathtub', 'window', 'window', 'window', 'stove', 'toilet_bowl', 'toilet_bowl', 'sink', 'vanity', 'window', 'window', 'window', 'window', 'window', 'window', 'vanity', 'window']",905350.0,0.00015717678245982217,0.001692163251781079,4080,11258,1756,2025-04-12T12:35:31.907556+00:00
43,8,f3afac2dfdafa1f91b65b550a7c76475d7b94bb4b330d2684af510a98fe84732,Total Floor Area (Calculated),142.3,1532.0,1,12,12,99,30,11,10,2,"['door', 'door', 'door', 'door', 'door', 'door', 'door', 'door', 'door', 'door', 'door', 'stair', 'stair', 'bathtub', 'window', 'window', 'window', 'stove', 'toilet_bowl', 'toilet_bowl', 'sink', 'vanity', 'window', 'window', 'window', 'window', 'window', 'window', 'vanity', 'window']",905350.0,0.00015717678245982217,0.001692163251781079,4080,11258,1756,2025-04-12T12:35:31.907556+00:00
35,8,46989ebfb72019fec7151fb4d3ef3d54a89d2b9682cbafbb21bfa064cdfaaaf3,Ground Floor,106.6,1148.0,,,,,,,,,,,,,,,,2025-04-12T12:35:31.907581+00:00
35,8,46989ebfb72019fec7151fb4d3ef3d54a89d2b9682cbafbb21bfa064cdfaaaf3,Store,0.5,6.0,,,,,,,,,,,,,,,,2025-04-12T12:35:31.907581+00:00
35,8,46989ebfb72019fec7151fb4d3ef3d54a89d2b9682cbafbb21bfa064cdfaaaf3,Total area: approx 107.1 sq metres (1154 sq feet),107.1,1154.0,2,14,14,94,37,15,11,2,"['door', 'door', 'door', 'door', 'door', 'stair', 'vanity', 'toilet_bowl', 'window', 'shower', 'window', 'bathtub', 'window', 'window', 'window', 'window', 'door', 'door', 'door2', 'door', 'door', 'door', 'door', 'door', 'door', 'door', 'stair', 'sink', 'vanity', 'stove', 'window', 'toilet_bowl', 'window', 'window', 'window', 'bed', 'window']",786218.5,0.00013622167374591158,0.0014677853548345657,4845,12833,2130,2025-04-12T12:35:31.907581+00:00
55,8,87b0d348292c278c53afc088fe7185331f3c173d9957656257409697ebf86290,First Floor: approx 67.1 Sq m / 722 Sq Ft,67.1,722.0,,,,,,,,,,,,,,,,2025-04-12T12:35:31.906912+00:00
55,8,87b0d348292c278c53afc088fe7185331f3c173d9957656257409697ebf86290,Garage: approx 28.2 Sq m / 303 Sq Ft,28.2,303.0,,,,,,,,,,,,,,,,2025-04-12T12:35:31.906912+00:00
55,8,87b0d348292c278c53afc088fe7185331f3c173d9957656257409697ebf86290,Brick Store: approx 7.5 Sq m / 80 Sq Ft,7.5,80.0,,,,,,,,,,,,,,,,2025-04-12T12:35:31.906912+00:00
55,8,87b0d348292c278c53afc088fe7185331f3c173d9957656257409697ebf86290,Total: approx 202 Sq m / 2172 Sq Ft,202.0,2172.0,3,22,19,166,62,23,21,2,"['door', 'door', 'door', 'door', 'door', 'door', 'door', 'door2', 'door2', 'door2', 'stair', 'bathtub', 'toilet_bowl', 'toilet_bowl', 'vanity', 'window', 'shower', 'window', 'window', 'window', 'window', 'vanity', 'window', 'window', 'window', 'window', 'shower', 'bathtub', 'door', 'door', 'window', 'window', 'window', 'window', 'door', 'door', 'door', 'door', 'door', 'door', 'door', 'door', 'door-s', 'door-s', 'door', 'stair', 'stove', 'vanity', 'toilet_bowl', 'toilet_bowl', 'window', 'window', 'sink', 'window', 'window', 'window', 'shower', 'window', 'window', 'vanity', 'window', 'sink']",491395.5,0.0004110741754859375,0.004420064896809189,8670,20470,3332,2025-04-12T12:35:31.906912+00:00
27,8,74d0289fa45728c7a8f7bf0de6166f79c17e0a85f74247186fd31e322831c443,Approximate Gross Internal Area = 143.1 sq m / 1540 sq ft,143.1,1540.0,,,,,,,,,,,,,,,,2025-04-12T12:35:31.906937+00:00
44,8,cd18079e8cd8bdee19da980d6d4ccedd511c43811f14d346820498a99bf68120,Ground Floor: 717 SQ FT / 66.6 SQ M,66.6,717.0,,,,,,,,,,,,,,,,2025-04-12T12:35:31.906963+00:00
44,8,cd18079e8cd8bdee19da980d6d4ccedd511c43811f14d346820498a99bf68120,First Floor: 677 SQ FT / 62.9 SQ M,62.9,677.0,,,,,,,,,,,,,,,,2025-04-12T12:35:31.906963+00:00
44,8,cd18079e8cd8bdee19da980d6d4ccedd511c43811f14d346820498a99bf68120,Second Floor: 438 SQ FT / 40.7 SQ M,40.7,438.0,,,,,,,,,,,,,,,,2025-04-12T12:35:31.906963+00:00
44,8,cd18079e8cd8bdee19da980d6d4ccedd511c43811f14d346820498a99bf68120,Approximate Gross Internal Area: 1832 SQ FT / 170.2 SQ M,170.2,1832.0,,,,,,,,,,,,,,,,2025-04-12T12:35:31.906963+00:00
44,8,cd18079e8cd8bdee19da980d6d4ccedd511c43811f14d346820498a99bf68120,Total Floor Area (Calculated),340.4,3664.0,3,19,18,158,43,16,13,5,"['door', 'door', 'door', 'door', 'door', 'door', 'stair', 'stair', 'bathtub', 'vanity', 'window', 'window', 'toilet_bowl', 'window', 'window', 'window', 'window', 'window', 'window', 'vanity', 'window', 'toilet_bowl', 'bed', 'vanity', 'door', 'door', 'door', 'door', 'door', 'door', 'door', 'stair', 'stair', 'stove', 'window', 'window', 'sink', 'window', 'door', 'door', 'door', 'stair', 'window']",872703.5,0.0003900522915285661,0.004198447697299255,7140,17611,2666,2025-04-12T12:35:31.906963+00:00
168,8,8b21dafaa9c133ab944fbc57f95d2cfee54c92cecafd7e33c40f53f69176e331,Ground Floor,,,,,,,,,,,,,,,,,,2025-04-12T12:35:31.905505+00:00
168,8,8b21dafaa9c133ab944fbc57f95d2cfee54c92cecafd7e33c40f53f69176e331,First Floor,,,,,,,,,,,,,,,,,,2025-04-12T12:35:31.905505+00:00
168,8,8b21dafaa9c133ab944fbc57f95d2cfee54c92cecafd7e33c40f53f69176e331,Second Floor,,,,,,,,,,,,,,,,,,2025-04-12T12:35:31.905505+00:00
168,8,8b21dafaa9c133ab944fbc57f95d2cfee54c92cecafd7e33c40f53f69176e331,Approximate Gross Internal Area = 134.0 sq m / 1442 sq ft,134.0,1442.0,,,,,,,,,,,,,,,,2025-04-12T12:35:31.905505+00:00
170,8,a1f50ba08859647ee4197f79b5bc912c8a20c1fcc5e8c4226fcb7dff93d65262,"Ground Floor: approx 139.3 sq. m (1,499.4 sq. ft) (Excluding Eaves)",139.3,1499.4,,,,,,,,,,,,,,,,2025-04-12T12:35:31.905527+00:00
170,8,a1f50ba08859647ee4197f79b5bc912c8a20c1fcc5e8c4226fcb7dff93d65262,Total Floor Area (Calculated),158.5,1706.1000000000001,,,,,,,,,,,,,,,,2025-04-12T12:35:31.905527+00:00
171,8,9714c4c577f4bd064e2c257895705efcd890070845270dfccca96752681c9972,Outbuildings = 233 sq ft / 21.6 sq m,21.6,233.0,,,,,,,,,,,,,,,,2025-04-12T12:35:31.905568+00:00
171,8,9714c4c577f4bd064e2c257895705efcd890070845270dfccca96752681c9972,Total = 1631 sq ft / 151.4 sq m,151.4,1631.0,,,,,,,,,,,,,,,,2025-04-12T12:35:31.905568+00:00
175,8,3c9030a594387a44aecce371e2b1542ac95dd78f387cb7b3f0d8ad15751620bb,Outbuildings = 79.1 sq m / 851 sq ft,79.1,851.0,,,,,,,,,,,,,,,,2025-04-12T12:35:31.905631+00:00
175,8,3c9030a594387a44aecce371e2b1542ac95dd78f387cb7b3f0d8ad15751620bb,Total = 256.6 sq m / 2762 sq ft,256.6,2762.0,,,,,,,,,,,,,,,,2025-04-12T12:35:31.905631+00:00
182,8,7b75c6b7651f3e9bcc9f3d08d32722d21bbacebc0a940266a4c7b4048ed4d13f,Ground Floor: approx 74.8 sq. metres (805.4 sq. feet),74.8,805.4,,,,,,,,,,,,,,,,2025-04-12T12:35:31.905736+00:00
182,8,7b75c6b7651f3e9bcc9f3d08d32722d21bbacebc0a940266a4c7b4048ed4d13f,First Floor: approx 62.0 sq. metres (667.3 sq. feet),62.0,667.3,,,,,,,,,,,,,,,,2025-04-12T12:35:31.905736+00:00
182,8,7b75c6b7651f3e9bcc9f3d08d32722d21bbacebc0a940266a4c7b4048ed4d13f,Total area: approx 136.8 sq. metres (1472.7 sq. feet),136.8,1472.7,,,,,,,,,,,,,,,,2025-04-12T12:35:31.905736+00:00
184,8,00546bdb161e6752c8f71cb064773775ff45947aab15f760ed9e1540dd3af34d,Gross Internal Area (Approx.) 1808 sq ft / 168.00 sq m,168.0,1808.0,,,,,,,,,,,,,,,,2025-04-12T12:35:31.905756+00:00
184,8,00546bdb161e6752c8f71cb064773775ff45947aab15f760ed9e1540dd3af34d,Total (Approx.) 2047 sq ft / 190.23 sq m,190.23,2047.0,3,22,21,193,58,24,12,4,"['door', 'door', 'door', 'door', 'door', 'door', 'door', 'door', 'door2', 'door2', 'door2', 'door2', 'stair', 'stair', 'stair', 'bathtub', 'bathtub', 'bathtub', 'shower', 'toilet_bowl', 'toilet_bowl', 'toilet_bowl', 'window', 'window', 'window', 'vanity', 'vanity', 'window', 'window', 'vanity', 'window', 'window', 'door', 'door', 'door', 'toilet_bowl', 'window', 'vanity', 'window', 'shower', 'door', 'door', 'door2', 'door', 'door2', 'door', 'door', 'door', 'door', 'stair', 'sink', 'toilet_bowl', 'stove', 'vanity', 'window', 'window', 'window', 'vanity']",781537.0,0.00024340498274553858,0.00261919781149197,9180,19529,2815,2025-04-12T12:35:31.905756+00:00
188,8,c012effe8d081bcaa005f024c3b1700185cf1edb71381396e058be709f9c8478,Garage: 199 sq ft - 18.5 sq m,18.5,199.0,,,,,,,,,,,,,,,,2025-04-12T12:35:31.905860+00:00
189,8,f87015323076e49a876ea572f48717e02a34f7cada4cfd338580aff60a59fa70,Main House: 1389 sq. ft. (129.05 sq. m),129.05,1389.0,,,,,,,,,,,,,,,,2025-04-12T12:35:31.905881+00:00
189,8,f87015323076e49a876ea572f48717e02a34f7cada4cfd338580aff60a59fa70,Garage: 190 sq. ft. (17.65 sq. m),17.65,190.0,,,,,,,,,,,,,,,,2025-04-12T12:35:31.905881+00:00
189,8,f87015323076e49a876ea572f48717e02a34f7cada4cfd338580aff60a59fa70,Total: 1579 sq. ft. / 146.70 sq. m,146.7,1579.0,,,,,,,,,,,,,,,,2025-04-12T12:35:31.905881+00:00
191,8,bd434c666df3cf588289f5dc8ad3d5c242baccdfc8d8e9a291d905c8e6983b26,Total Floor Area : 1518 sq.ft (141.0 sq.m) approx.,141.0,1518.0,,,,,,,,,,,,,,,,2025-04-12T12:35:31.905930+00:00
192,8,8542009c20c8e506e6d433e06a52534b6b28317999a90dc8be0151e6a707afb8,Approximate Area = 2038 sq ft / 189.3 sq m,189.3,2038.0,,,,,,,,,,,,,,,,2025-04-12T12:35:31.905951+00:00
192,8,8542009c20c8e506e6d433e06a52534b6b28317999a90dc8be0151e6a707afb8,Outbuilding = 57 sq ft / 5.3 sq m,5.3,57.0,,,,,,,,,,,,,,,,2025-04-12T12:35:31.905951+00:00
192,8,8542009c20c8e506e6d433e06a52534b6b28317999a90dc8be0151e6a707afb8,Total = 2095 sq ft / 194.6 sq m,194.6,2095.0,,,,,,,,,,,,,,,,2025-04-12T12:35:31.905951+00:00
194,8,255532bcfaa8c37b0bf8e8f7a4e7331584e1af631f4f885449114de59804e3d9,Total floor area 85.5 m² (921 sq.ft.) approx,85.5,921.0,,,,,,,,,,,,,,,,2025-04-12T12:35:31.905972+00:00
194,8,255532bcfaa8c37b0bf8e8f7a4e7331584e1af631f4f885449114de59804e3d9,Restricted height 7.2 m² (77 sq.ft.),7.2,77.0,,,,,,,,,,,,,,,,2025-04-12T12:35:31.905972+00:00
196,8,24b96ba5d05b38e02dcdbb2344d4114452f580294794a2059ed4ddd08ec500cf,Total,275.5,2966.0,4,29,29,223,84,32,28,4,"['door', 'door', 'door', 'door', 'door', 'door', 'door', 'door', 'door', 'door', 'door-s', 'door2', 'door2', 'door-s', 'door2', 'door2', 'door-s', 'stair', 'stair', 'bathtub', 'bathtub', 'shower', 'toilet_bowl', 'toilet_bowl', 'window', 'vanity', 'window', 'toilet_bowl', 'window', 'vanity', 'window', 'window', 'window', 'window', 'window', 'vanity', 'shower', 'sink', 'door', 'sofa', 'sofa', 'window', 'window', 'door2', 'door', 'door', 'door2', 'door', 'door', 'door', 'door', 'door', 'door', 'door', 'stair', 'sink', 'sink', 'window', 'stove', 'toilet_bowl', 'window', 'window', 'window', 'vanity', 'window', 'window', 'window', 'window', 'window', 'window', 'window', 'window', 'window', 'window', 'window', 'window', 'window', 'window', 'door', 'door', 'door', 'stair', 'toilet_bowl', 'vanity']",603701.0,0.00045635173703538674,0.004913028138101477,10455,24071,3905,2025-04-12T12:35:31.906013+00:00
203,8,060230c55e42db2c863ef6470edb5a3df1f89241e07e5d5dba7eeb0ec63dccab,Garden Store: 59 sq ft / 1.75 sq m,1.75,59.0,,,,,,,,,,,,,,,,2025-04-12T12:35:31.906183+00:00
203,8,060230c55e42db2c863ef6470edb5a3df1f89241e07e5d5dba7eeb0ec63dccab,Approximate Area = 942 sq ft / 87.5 sq m,87.5,942.0,,,,,,,,,,,,,,,,2025-04-12T12:35:31.906183+00:00
203,8,060230c55e42db2c863ef6470edb5a3df1f89241e07e5d5dba7eeb0ec63dccab,Limited Use Area(s) = 132 sq ft / 12.2 sq m,12.2,132.0,,,,,,,,,,,,,,,,2025-04-12T12:35:31.906183+00:00
203,8,060230c55e42db2c863ef6470edb5a3df1f89241e07e5d5dba7eeb0ec63dccab,Outbuildings = 39 sq ft / 3.6 sq m,3.6,39.0,,,,,,,,,,,,,,,,2025-04-12T12:35:31.906183+00:00
203,8,060230c55e42db2c863ef6470edb5a3df1f89241e07e5d5dba7eeb0ec63dccab,Total = 1265 sq ft / 117.4 sq m,117.4,1265.0,,,,,,,,,,,,,,,,2025-04-12T12:35:31.906183+00:00
207,8,7f2ad9dca2cd222b96ad99fc3481294a693e27c55d4421eb3f16016517c11d83,Ground Floor: approx 526 sq.ft. (48.9 sq.m),48.9,526.0,,,,,,,,,,,,,,,,2025-04-12T12:35:31.906309+00:00
207,8,7f2ad9dca2cd222b96ad99fc3481294a693e27c55d4421eb3f16016517c11d83,1st Floor: approx 443 sq.ft. (41.2 sq.m),41.2,443.0,,,,,,,,,,,,,,,,2025-04-12T12:35:31.906309+00:00
207,8,7f2ad9dca2cd222b96ad99fc3481294a693e27c55d4421eb3f16016517c11d83,Total Floor Area: approx 969 sq.ft. (90.1 sq.m),90.1,969.0,,,,,,,,,,,,,,,,2025-04-12T12:35:31.906309+00:00
208,8,3634c44090b569a30e4603ea051c39bfbd246b579fadf2be3be35dab7ea735e5,First Floor: approx 94.92 sq metres (1021.5 sq feet),94.92,1021.5,,,,,,,,,,,,,,,,2025-04-12T12:35:31.906331+00:00
208,8,3634c44090b569a30e4603ea051c39bfbd246b579fadf2be3be35dab7ea735e5,Garden Room: approx 8.20 sq metres (88.26 sq feet),8.2,88.26,,,,,,,,,,,,,,,,2025-04-12T12:35:31.906331+00:00
167,8,a61d034aaf144cf1e6c72e7628d9eea5fbe70cc3da3c83f77d9410710c6281d3,Ground Floor: Reception Room 1610 (5.12) x 16'5 (5.00),5.12,,,,,,,,,,,,,,,,,2025-04-12T12:35:31.905483+00:00
167,8,a61d034aaf144cf1e6c72e7628d9eea5fbe70cc3da3c83f77d9410710c6281d3,Ground Floor: Kitchen / Dining Room 17'0 (5.19) x 16'7 (5.06),5.19,,,,,,,,,,,,,,,,,2025-04-12T12:35:31.905483+00:00
167,8,a61d034aaf144cf1e6c72e7628d9eea5fbe70cc3da3c83f77d9410710c6281d3,Garden Approximate 18'1 (5.52) x 16'5 (5.00),5.52,,,,,,,,,,,,,,,,,2025-04-12T12:35:31.905483+00:00
167,8,a61d034aaf144cf1e6c72e7628d9eea5fbe70cc3da3c83f77d9410710c6281d3,First Floor: Bedroom 3 11'2 (3.40) x 7'4 (2.24),3.4,,,,,,,,,,,,,,,,,2025-04-12T12:35:31.905483+00:00
167,8,a61d034aaf144cf1e6c72e7628d9eea5fbe70cc3da3c83f77d9410710c6281d3,First Floor: Bedroom 2 14'3 (4.34) x 10'2 (3.09),4.34,,,,,,,,,,,,,,,,,2025-04-12T12:35:31.905483+00:00
167,8,a61d034aaf144cf1e6c72e7628d9eea5fbe70cc3da3c83f77d9410710c6281d3,First Floor: Bedroom 4 9'2 (2.80) x 8'7 (2.61),2.8,,,,,,,,,,,,,,,,,2025-04-12T12:35:31.905483+00:00
167,8,a61d034aaf144cf1e6c72e7628d9eea5fbe70cc3da3c83f77d9410710c6281d3,Second Floor: Bedroom 1 19'11 (6.08) x 10'1 (3.07),6.08,,,,,,,,,,,,,,,,,2025-04-12T12:35:31.905483+00:00
2,2347033588400,2f6b4f7847dd3d0cbb8047cb172e2e4d433f9845481cf7f39407ce477882f1d0,Ground Floor: 811 sq ft / 75.0 sq m,75.0,811.0,,,,,,,,,,,,,,,,2025-04-29T09:56:49.066569+00:00
2,2347033588400,2f6b4f7847dd3d0cbb8047cb172e2e4d433f9845481cf7f39407ce477882f1d0,First Floor: 476 sq ft / 44.0 sq m,44.0,476.0,,,,,,,,,,,,,,,,2025-04-29T09:56:49.066569+00:00
2,2347033588400,2f6b4f7847dd3d0cbb8047cb172e2e4d433f9845481cf7f39407ce477882f1d0,Approximate Gross Internal Area: 1287 sq ft / 119 sq m,119.0,1287.0,,,,,,,,,,,,,,,,2025-04-29T09:56:49.066569+00:00
2,2347033588400,2f6b4f7847dd3d0cbb8047cb172e2e4d433f9845481cf7f39407ce477882f1d0,Total Floor Area (Calculated),238.0,2574.0,2,20,19,121,48,16,13,2,"['door', 'door', 'door', 'door', 'door', 'door', 'stair', 'bathtub', 'vanity', 'window', 'window', 'window', 'window', 'window', 'window', 'toilet_bowl', 'vanity', 'vanity', 'shower', 'toilet_bowl', 'door', 'door', 'door', 'door', 'door', 'door', 'door', 'door', 'door', 'door-s', 'stair', 'sink', 'stove', 'sink', 'toilet_bowl', 'vanity', 'stove', 'window', 'vanity', 'window', 'window', 'window', 'window', 'vanity', 'window', 'bathtub', 'window', 'toilet_bowl']",1112102.0,0.00021400914664302376,0.002314535896887156,6885,16476,2652,2025-04-29T09:56:49.066569+00:00
215,FloorplanTest290425,c36b0b79bcfd537c86a45ad61a97942ce59d322e64bfadb94ba310e16928a0ff,Approximate Gross Internal Area: 1312 sq ft / 121.9 sq mt,121.9,1312.0,2,17,16,173,39,17,14,1,"['door', 'door', 'door', 'door', 'door', 'door', 'door', 'door', 'bathtub', 'vanity', 'toilet_bowl', 'window', 'window', 'window', 'window', 'window', 'window', 'window', 'window', 'window', 'door2', 'door2', 'door', 'door', 'door', 'door', 'door', 'door', 'door', 'stair', 'stove', 'vanity', 'toilet_bowl', 'sink', 'window', 'window', 'window', 'window', 'window']",707329.5,0.00017233835150378996,0.0018548639636831207,6375,15801,2462,2025-04-29T11:18:08.326867+00:00
215,FloorplanTest290425,c36b0b79bcfd537c86a45ad61a97942ce59d322e64bfadb94ba310e16928a0ff,Total Floor Area (Calculated),121.9,1312.0,2,17,16,173,39,17,14,1,"['door', 'door', 'door', 'door', 'door', 'door', 'door', 'door', 'bathtub', 'vanity', 'toilet_bowl', 'window', 'window', 'window', 'window', 'window', 'window', 'window', 'window', 'window', 'door2', 'door2', 'door', 'door', 'door', 'door', 'door', 'door', 'door', 'stair', 'stove', 'vanity', 'toilet_bowl', 'sink', 'window', 'window', 'window', 'window', 'window']",707329.5,0.00017233835150378996,0.0018548639636831207,6375,15801,2462,2025-04-29T11:18:08.326867+00:00
216,FloorplanTest290425,34a9e5502035113a0a59cad16ebc72bb59455a4337d3defddf0eb53f1af099b2,Approximate Area = 1374 sq ft / 127.6 sq m,127.6,1374.0,,,,,,,,,,,,,,,,2025-04-29T11:21:48.642364+00:00
216,FloorplanTest290425,34a9e5502035113a0a59cad16ebc72bb59455a4337d3defddf0eb53f1af099b2,Garage = 66 sq ft / 6.1 sq m,6.1,66.0,,,,,,,,,,,,,,,,2025-04-29T11:21:48.642364+00:00
216,FloorplanTest290425,34a9e5502035113a0a59cad16ebc72bb59455a4337d3defddf0eb53f1af099b2,Outbuilding = 63 sq ft / 5.8 sq m,5.8,63.0,,,,,,,,,,,,,,,,2025-04-29T11:21:48.642364+00:00
218,FloorplanTest290425,16660541df279280f0a063503ef0db91432aff548bebbf9294364cb99adfff18,Approximate Area = 1291 sq ft / 120 sq m,120.0,1291.0,,,,,,,,,,,,,,,,2025-04-29T11:27:19.898190+00:00
218,FloorplanTest290425,16660541df279280f0a063503ef0db91432aff548bebbf9294364cb99adfff18,Garage = 144 sq ft / 13.3 sq m,13.3,144.0,,,,,,,,,,,,,,,,2025-04-29T11:27:19.898190+00:00
218,FloorplanTest290425,16660541df279280f0a063503ef0db91432aff548bebbf9294364cb99adfff18,Total = 1435 sq ft / 133.3 sq m,133.3,1435.0,2,17,16,142,42,17,12,2,"['door', 'door', 'door', 'door', 'door', 'door', 'door', 'stair', 'shower', 'toilet_bowl', 'bathtub', 'vanity', 'toilet_bowl', 'window', 'window', 'window', 'window', 'window', 'window', 'vanity', 'bathtub', 'door', 'door', 'door', 'door', 'door', 'door', 'door', 'door', 'door', 'door', 'stair', 'sink', 'stove', 'vanity', 'toilet_bowl', 'window', 'window', 'window', 'window', 'window', 'window']",923022.5,0.00014441684790999137,0.001554674994379877,5355,14309,2381,2025-04-29T11:27:19.898190+00:00
219,FloorplanTest290425,77b22a888acc81b7de8fda073cacf7ba0cc589ddf51f98678a286b176b67377f,Approximate Gross Internal Area = 216.5 sq m / 2330 sq ft,216.5,2330.0,,,,,,,,,,,,,,,,2025-04-29T11:31:19.865478+00:00
219,FloorplanTest290425,77b22a888acc81b7de8fda073cacf7ba0cc589ddf51f98678a286b176b67377f,Garage = 29.7 sq m / 320 sq ft,29.7,320.0,,,,,,,,,,,,,,,,2025-04-29T11:31:19.865478+00:00
219,FloorplanTest290425,77b22a888acc81b7de8fda073cacf7ba0cc589ddf51f98678a286b176b67377f,Total = 246.2 sq m / 2650 sq ft,246.2,2650.0,3,27,27,187,69,28,25,2,"['door', 'door', 'door', 'door', 'door', 'door', 'door', 'door', 'door', 'door', 'door', 'door', 'door', 'door', 'stair', 'bathtub', 'bathtub', 'window', 'window', 'toilet_bowl', 'toilet_bowl', 'window', 'toilet_bowl', 'window', 'vanity', 'vanity', 'window', 'vanity', 'window', 'window', 'window', 'window', 'window', 'door', 'window', 'window', 'window', 'door2', 'door2', 'door', 'door2', 'door2', 'door', 'door', 'door', 'door', 'door', 'door', 'door2', 'door', 'stair', 'sink', 'window', 'vanity', 'toilet_bowl', 'window', 'window', 'window', 'vanity', 'window', 'window', 'window', 'window', 'stove', 'window', 'sink', 'window', 'window', 'window']",679517.5,0.0003623159079788232,0.0038998259794633693,11220,22569,3271,2025-04-29T11:31:19.865478+00:00
212,FloorplanTest290425,08c0e213249b33325f88070e2fe0efd162e62c07360dce5b170247b1d0b58c30,Total Floor Area (Calculated),238.0,2574.0,2,20,19,121,48,16,13,2,"['door', 'door', 'door', 'door', 'door', 'door', 'stair', 'bathtub', 'vanity', 'window', 'window', 'window', 'window', 'window', 'window', 'toilet_bowl', 'vanity', 'vanity', 'shower', 'toilet_bowl', 'door', 'door', 'door', 'door', 'door', 'door', 'door', 'door', 'door', 'door-s', 'stair', 'sink', 'stove', 'sink', 'toilet_bowl', 'vanity', 'stove', 'window', 'vanity', 'window', 'window', 'window', 'window', 'vanity', 'window', 'bathtub', 'window', 'toilet_bowl']",1112102.0,0.00021400914664302376,0.002314535896887156,6885,16492,2663,2025-04-29T10:57:18.316862+00:00
295,FloorplanTest290425,87a8976214c81feb3348da336aeaa6ad238f20942b275ed99a84ac1d91b393fc,Approximate Area = 1425 sq ft / 132.3 sq m,132.3,1425.0,,,,,,,,,,,,,,,,2025-04-29T15:08:07.786803+00:00
295,FloorplanTest290425,87a8976214c81feb3348da336aeaa6ad238f20942b275ed99a84ac1d91b393fc,Total = 1576 sq ft / 146.2 sq m,146.2,1576.0,4,28,27,187,62,24,19,4,"['door', 'door', 'door', 'door', 'door', 'door2', 'stair', 'stair', 'vanity', 'shower', 'window', 'window', 'window', 'toilet_bowl', 'bathtub', 'window', 'window', 'sink', 'door', 'window', 'door', 'door', 'door', 'door', 'door', 'door', 'door', 'door', 'door', 'stair', 'sink', 'shower', 'sink', 'vanity', 'stove', 'toilet_bowl', 'window', 'window', 'window', 'window', 'window', 'window', 'window', 'window', 'window', 'window', 'window', 'door', 'door', 'door', 'door', 'door', 'door2', 'door2', 'door2', 'stair', 'shower', 'toilet_bowl', 'vanity', 'window', 'window', 'bathtub']",749508.0,0.0001950612935418968,0.002102712712872978,11985,24467,3477,2025-04-29T15:08:07.786803+00:00
293,FloorplanTest290425,276e01b5973faecc29831406744ecca290c6d4912262c2f26606890b67dbafda,Approximate Area = 1136 sq ft / 105.5 sq m,105.5,1136.0,,,,,,,,,,,,,,,,2025-04-29T15:14:13.195554+00:00
290,FloorplanTest290425,a04a10850e4a48beb9a10c4a489eb9c3aacb2a9d129ca24067ddd2478c5200a2,Ground Floor: 525 SQ FT / 48.8 SQ M,48.8,525.0,,,,,,,,,,,,,,,,2025-04-29T14:53:48.645466+00:00
290,FloorplanTest290425,a04a10850e4a48beb9a10c4a489eb9c3aacb2a9d129ca24067ddd2478c5200a2,First Floor: 520 SQ FT / 48.3 SQ M,48.3,520.0,,,,,,,,,,,,,,,,2025-04-29T14:53:48.645466+00:00
290,FloorplanTest290425,a04a10850e4a48beb9a10c4a489eb9c3aacb2a9d129ca24067ddd2478c5200a2,Second Floor: 456 SQ FT / 42.4 SQ M,42.4,456.0,,,,,,,,,,,,,,,,2025-04-29T14:53:48.645466+00:00
290,FloorplanTest290425,a04a10850e4a48beb9a10c4a489eb9c3aacb2a9d129ca24067ddd2478c5200a2,Approximate Gross Internal Area: 1501 SQ FT / 139.5 SQ M,139.5,1501.0,,,,,,,,,,,,,,,,2025-04-29T14:53:48.645466+00:00
216,FloorplanTest290425,34a9e5502035113a0a59cad16ebc72bb59455a4337d3defddf0eb53f1af099b2,Total = 1503 sq ft / 139.5 sq m,139.5,1503.0,2,25,25,181,49,26,10,2,"['door', 'door', 'door', 'door', 'door', 'door', 'door', 'door-s', 'door2', 'door-s', 'door-s', 'door-s', 'door', 'door-s', 'stair', 'shower', 'bathtub', 'vanity', 'vanity', 'toilet_bowl', 'window', 'window', 'window', 'window', 'window', 'window', 'window', 'vanity', 'toilet_bowl', 'door2', 'door', 'door', 'door', 'door', 'door', 'door', 'door2', 'door', 'door', 'door2', 'door-s', 'stair', 'sink', 'stove', 'vanity', 'window', 'toilet_bowl', 'window', 'window']",634959.5,0.00021969905167179953,0.002367080105109066,10455,19717,3010,2025-04-29T11:21:48.642364+00:00
217,FloorplanTest290425,6df19ae40d67e4e4bf8fae610df0fd4bcef9f37dc1b4075418869e52fcdebf03,Ground Floor: approx 67.9 sq. metres (731.3 sq. feet),67.9,731.3,,,,,,,,,,,,,,,,2025-04-29T11:24:18.842710+00:00
217,FloorplanTest290425,6df19ae40d67e4e4bf8fae610df0fd4bcef9f37dc1b4075418869e52fcdebf03,First Floor: approx 56.9 sq. metres (612.4 sq. feet),56.9,612.4,,,,,,,,,,,,,,,,2025-04-29T11:24:18.842710+00:00
217,FloorplanTest290425,6df19ae40d67e4e4bf8fae610df0fd4bcef9f37dc1b4075418869e52fcdebf03,Garden Room: approx 18.9 sq. metres (203.4 sq. feet),18.9,203.4,,,,,,,,,,,,,,,,2025-04-29T11:24:18.842710+00:00
217,FloorplanTest290425,6df19ae40d67e4e4bf8fae610df0fd4bcef9f37dc1b4075418869e52fcdebf03,Total area: approx 143.7 sq. metres (1547.1 sq. feet),143.7,1547.1,3,16,14,113,42,15,13,2,"['door', 'door', 'door', 'door', 'door', 'door', 'stair', 'shower', 'shower', 'vanity', 'bathtub', 'toilet_bowl', 'toilet_bowl', 'vanity', 'window', 'window', 'window', 'window', 'window', 'window', 'door2', 'window', 'door', 'door', 'door', 'door', 'door', 'door', 'door2', 'door', 'stair', 'stove', 'sink', 'sink', 'toilet_bowl', 'vanity', 'window', 'window', 'window', 'window', 'window', 'window']",915484.5,0.00015696606550957444,0.0016899248430748963,6120,15459,2306,2025-04-29T11:24:18.842710+00:00
220,FloorplanTest290425,b5b552aff2345885e0d1803da98b1804ddeb4d2e4b77c20a0b466356cfaa71ea,Approximate Floor Area = 127.5 sq m / 1372 sq ft,127.5,1372.0,,,,,,,,,,,,,,,,2025-04-29T11:56:47.942443+00:00
220,FloorplanTest290425,b5b552aff2345885e0d1803da98b1804ddeb4d2e4b77c20a0b466356cfaa71ea,Garage = 13.1 sq m / 141 sq ft,13.1,141.0,,,,,,,,,,,,,,,,2025-04-29T11:56:47.942443+00:00
220,FloorplanTest290425,b5b552aff2345885e0d1803da98b1804ddeb4d2e4b77c20a0b466356cfaa71ea,Total = 140.6 sq m / 1513 sq ft (Excluding Shed),140.6,1513.0,2,21,19,155,46,22,11,2,"['door', 'door', 'door', 'door', 'door', 'door', 'door-s', 'door-s', 'door-s', 'stair', 'bathtub', 'window', 'window', 'toilet_bowl', 'window', 'window', 'window', 'window', 'vanity', 'window', 'window', 'shower', 'vanity', 'toilet_bowl', 'door', 'door', 'door', 'door', 'door', 'door', 'door', 'door', 'door', 'door', 'door', 'door', 'door', 'stair', 'stove', 'sink', 'toilet_bowl', 'vanity', 'window', 'sink', 'window', 'window']",989128.0,0.00014214540484143608,0.0015296301388697923,7905,16993,2691,2025-04-29T11:56:47.942443+00:00
222,FloorplanTest290425,9b9345fc076726b7a117f162094d2449f72c643a754a049bc14a4b11781b10fe,Approximate Area: 1641 sq ft / 152.4 sq m,152.4,1641.0,,,,,,,,,,,,,,,,2025-04-29T12:00:54.103843+00:00
222,FloorplanTest290425,9b9345fc076726b7a117f162094d2449f72c643a754a049bc14a4b11781b10fe,Limited Use Area(s) = 77 sq ft / 7.1 sq m,7.1,77.0,,,,,,,,,,,,,,,,2025-04-29T12:00:54.103843+00:00
222,FloorplanTest290425,9b9345fc076726b7a117f162094d2449f72c643a754a049bc14a4b11781b10fe,Outbuilding = 421 sq ft / 39.1 sq m,39.1,421.0,,,,,,,,,,,,,,,,2025-04-29T12:00:54.103843+00:00
222,FloorplanTest290425,9b9345fc076726b7a117f162094d2449f72c643a754a049bc14a4b11781b10fe,Total = 2139 sq ft / 198.7 sq m,198.7,2139.0,4,21,20,138,57,30,13,3,"['door', 'door', 'door', 'door', 'door', 'door2', 'door2', 'stair', 'toilet_bowl', 'window', 'window', 'window', 'window', 'window', 'vanity', 'bathtub', 'shower', 'door2', 'door2', 'door', 'door', 'door', 'door', 'door2', 'door', 'door', 'door', 'door', 'door', 'door', 'door2', 'door', 'stair', 'shower', 'window', 'toilet_bowl', 'stove', 'sink', 'window', 'window', 'sink', 'vanity', 'window', 'window', 'door', 'door', 'window', 'window', 'window', 'sink', 'door', 'door', 'door', 'door', 'door', 'door', 'stair']",610139.5,0.000325663229474571,0.003505755650961788,8415,19877,2955,2025-04-29T12:00:54.103843+00:00
224,FloorplanTest290425,b8e1e4f1d17bab4d09d32fd06b2f29a99ddcff3b54cb97bc514a07901aca11bd,Approximate Floor Area = 1222 sq ft / 113.5 sq m,113.5,1222.0,,,,,,,,,,,,,,,,2025-04-29T12:06:23.674625+00:00
224,FloorplanTest290425,b8e1e4f1d17bab4d09d32fd06b2f29a99ddcff3b54cb97bc514a07901aca11bd,Garage = 147 sq ft / 13.7 sq m,13.7,147.0,,,,,,,,,,,,,,,,2025-04-29T12:06:23.674625+00:00
224,FloorplanTest290425,b8e1e4f1d17bab4d09d32fd06b2f29a99ddcff3b54cb97bc514a07901aca11bd,Total = 1369 sq ft / 127.2 sq m,127.2,1369.0,3,17,14,120,31,13,9,3,"['door', 'stair', 'sink', 'window', 'window', 'window', 'window', 'door', 'door', 'door', 'door', 'door2', 'door', 'door2', 'stair', 'window', 'window', 'door', 'door', 'door', 'door', 'door2', 'stair', 'bathtub', 'toilet_bowl', 'window', 'window', 'window', 'vanity', 'vanity', 'vanity']",809188.0,0.00015719461979169243,0.0016918194535756833,6630,16449,2456,2025-04-29T12:06:23.674625+00:00
224,FloorplanTest290425,b8e1e4f1d17bab4d09d32fd06b2f29a99ddcff3b54cb97bc514a07901aca11bd,Ground Floor 294 sq ft / 27.3 sq m (excluding garage),27.3,294.0,,,,,,,,,,,,,,,,2025-04-29T12:06:23.674625+00:00
224,FloorplanTest290425,b8e1e4f1d17bab4d09d32fd06b2f29a99ddcff3b54cb97bc514a07901aca11bd,First Floor 446 sq ft / 41.4 sq m,41.4,446.0,,,,,,,,,,,,,,,,2025-04-29T12:06:23.674625+00:00
224,FloorplanTest290425,b8e1e4f1d17bab4d09d32fd06b2f29a99ddcff3b54cb97bc514a07901aca11bd,Second Floor 482 sq ft / 44.8 sq m,44.8,482.0,,,,,,,,,,,,,,,,2025-04-29T12:06:23.674625+00:00
288,FloorplanTest290425,076b3e52f3a9eb5e2e5acead61b1120cb19fd4b039a487d8fe92cb0fda08508e,1st Floor: 473 sq.ft. (44.0 sq.m.) approx,44.0,473.0,,,,,,,,,,,,,,,,2025-04-29T14:54:59.840027+00:00
225,FloorplanTest290425,c5d06144bf025bd06bd28cc5dcf73261c80f60e4197afee799956eda0ed602a6,Approximate Area = 1227 sq ft / 113.9 sq m,113.9,1227.0,,,,,,,,,,,,,,,,2025-04-29T12:07:37.178478+00:00
225,FloorplanTest290425,c5d06144bf025bd06bd28cc5dcf73261c80f60e4197afee799956eda0ed602a6,Garage / Workshop = 188 sq ft / 17.4 sq m,17.4,188.0,,,,,,,,,,,,,,,,2025-04-29T12:07:37.178478+00:00
225,FloorplanTest290425,c5d06144bf025bd06bd28cc5dcf73261c80f60e4197afee799956eda0ed602a6,Total = 1415 sq ft / 131.3 sq m,131.3,1415.0,2,16,16,132,44,18,15,2,"['door', 'door', 'door', 'door', 'door', 'door2', 'stair', 'vanity', 'toilet_bowl', 'window', 'window', 'door', 'door', 'door', 'door', 'door', 'door', 'door', 'door', 'door', 'door', 'door', 'door', 'stair', 'shower', 'sink', 'toilet_bowl', 'stove', 'window', 'vanity', 'vanity', 'toilet_bowl', 'window', 'window', 'window', 'window', 'window', 'window', 'window', 'window', 'window', 'window', 'window', 'window']",704051.5,0.00018649203928973947,0.0020097961583776186,5355,13319,2297,2025-04-29T12:07:37.178478+00:00
227,FloorplanTest290425,a7b027663f7889172b7141b9fcf2290a248ecec59df1da3dd875e044ae0910b8,Ground Floor: Approx. 67.4 sq. metres (725.8 sq. feet),67.4,725.8,,,,,,,,,,,,,,,,2025-04-29T12:10:42.992093+00:00
227,FloorplanTest290425,a7b027663f7889172b7141b9fcf2290a248ecec59df1da3dd875e044ae0910b8,First Floor: Approx. 41.1 sq. metres (442.1 sq. feet),41.1,442.1,,,,,,,,,,,,,,,,2025-04-29T12:10:42.992093+00:00
227,FloorplanTest290425,a7b027663f7889172b7141b9fcf2290a248ecec59df1da3dd875e044ae0910b8,Second Floor: Approx. 31.7 sq. metres (341.5 sq. feet),31.7,341.5,,,,,,,,,,,,,,,,2025-04-29T12:10:42.992093+00:00
227,FloorplanTest290425,a7b027663f7889172b7141b9fcf2290a248ecec59df1da3dd875e044ae0910b8,Total area: approx 140.2 sq. metres (1509.4 sq. feet),140.2,1509.4,2,13,12,105,37,15,13,2,"['door', 'door', 'door', 'door', 'door2', 'door', 'door2', 'stair', 'shower', 'toilet_bowl', 'vanity', 'window', 'window', 'window', 'window', 'window', 'bed', 'door2', 'door', 'door', 'door', 'door', 'door', 'door', 'door-s', 'stair', 'toilet_bowl', 'stove', 'window', 'sink', 'window', 'window', 'window', 'window', 'window', 'window', 'window']",772817.5,0.00018141411135229207,0.0019531131217913674,5865,13301,1993,2025-04-29T12:10:42.992093+00:00
228,FloorplanTest290425,c254fd0f6c566129b46d13967df21f02d99edb506c636ad2bfdb5a0046245a59,Approximate Area,102.5,1104.0,,,,,,,,,,,,,,,,2025-04-29T12:12:58.670723+00:00
228,FloorplanTest290425,c254fd0f6c566129b46d13967df21f02d99edb506c636ad2bfdb5a0046245a59,Garage,12.1,130.0,,,,,,,,,,,,,,,,2025-04-29T12:12:58.670723+00:00
228,FloorplanTest290425,c254fd0f6c566129b46d13967df21f02d99edb506c636ad2bfdb5a0046245a59,Total,114.6,1234.0,2,19,18,119,35,16,10,2,"['door', 'door', 'door', 'door', 'door', 'door', 'door2', 'door2', 'stair', 'toilet_bowl', 'bathtub', 'vanity', 'window', 'window', 'window', 'window', 'window', 'window', 'door', 'door', 'door', 'door', 'door', 'door2', 'door', 'door', 'stair', 'stove', 'sink', 'toilet_bowl', 'vanity', 'window', 'window', 'window', 'window']",638266.5,0.00017954882482474013,0.0019333616913937987,7395,16127,2212,2025-04-29T12:12:58.670723+00:00
229,FloorplanTest290425,60271678c8f75e6d4017840f7b80901dbac971c434952944d54d95316604b863,Ground Floor: Approx. Gross Internal Area 75.1 m² ... 808 ft²,75.1,808.0,,,,,,,,,,,,,,,,2025-04-29T12:14:44.798558+00:00
229,FloorplanTest290425,60271678c8f75e6d4017840f7b80901dbac971c434952944d54d95316604b863,1st Floor: Approx. Gross Internal Area 50.4 m² ... 543 ft²,50.4,543.0,,,,,,,,,,,,,,,,2025-04-29T12:14:44.798558+00:00
229,FloorplanTest290425,60271678c8f75e6d4017840f7b80901dbac971c434952944d54d95316604b863,Total Approx. Gross Internal Area 125.5 m² ... 1351 ft²,125.5,1351.0,2,17,16,112,41,18,9,3,"['door', 'door', 'door', 'door', 'door', 'door', 'door', 'door2', 'stair', 'stair', 'bathtub', 'toilet_bowl', 'shower', 'toilet_bowl', 'vanity', 'window', 'window', 'window', 'window', 'window', 'window', 'vanity', 'toilet_bowl', 'window', 'door', 'door', 'door', 'door', 'door', 'door', 'door', 'door', 'door', 'door-s', 'stair', 'sink', 'toilet_bowl', 'vanity', 'stove', 'window', 'window']",950783.5,0.00013199640086307765,0.0014209333670599038,4335,13549,2419,2025-04-29T12:14:44.798558+00:00
230,FloorplanTest290425,208f2b829c9814fa6e0cb71ca954768813842ef125b468e9cae1e64672af6e1a,Approximate Gross Internal Area = 143.1 sq m / 1540 sq ft,143.1,1540.0,,,,,,,,,,,,,,,,2025-04-29T12:17:15.562322+00:00
230,FloorplanTest290425,208f2b829c9814fa6e0cb71ca954768813842ef125b468e9cae1e64672af6e1a,Garage = 30.0 sq m / 323 sq ft,30.0,323.0,,,,,,,,,,,,,,,,2025-04-29T12:17:15.562322+00:00
230,FloorplanTest290425,208f2b829c9814fa6e0cb71ca954768813842ef125b468e9cae1e64672af6e1a,Total = 173.1 sq m / 1863 sq ft,173.1,1863.0,3,16,15,117,48,17,21,2,"['door', 'door', 'door', 'door', 'door', 'door2', 'door2', 'stair', 'bathtub', 'vanity', 'toilet_bowl', 'window', 'window', 'window', 'window', 'window', 'window', 'window', 'window', 'vanity', 'window', 'window', 'window', 'window', 'door', 'door', 'door', 'door', 'door', 'door', 'door', 'door', 'door-s', 'door', 'stair', 'stove', 'window', 'sink', 'window', 'window', 'window', 'window', 'vanity', 'window', 'window', 'window', 'toilet_bowl', 'window']",839066.5,0.0002063006924957676,0.00222032461074301,6630,16580,2500,2025-04-29T12:17:15.562322+00:00
232,FloorplanTest290425,6a188a44fb1ee52148ae3c9ba076862e06ad2b050f4d1a9d1c594cce989ed3c2,"Main House gross internal area = 2,536 sq ft / 236 sq m",236.0,2536.0,,,,,,,,,,,,,,,,2025-04-29T12:21:55.392983+00:00
232,FloorplanTest290425,6a188a44fb1ee52148ae3c9ba076862e06ad2b050f4d1a9d1c594cce989ed3c2,Garage gross internal area = 359 sq ft / 33 sq m,33.0,359.0,,,,,,,,,,,,,,,,2025-04-29T12:21:55.392983+00:00
232,FloorplanTest290425,6a188a44fb1ee52148ae3c9ba076862e06ad2b050f4d1a9d1c594cce989ed3c2,"Total gross internal area = 2,895 sq ft / 269 sq m",269.0,2895.0,4,21,21,251,51,18,21,3,"['door', 'stair', 'window', 'door', 'door', 'door', 'door', 'door', 'door', 'stair', 'bathtub', 'vanity', 'toilet_bowl', 'window', 'window', 'window', 'window', 'window', 'vanity', 'window', 'vanity', 'window', 'door', 'door2', 'window', 'window', 'door2', 'door', 'door', 'door', 'door', 'door', 'door', 'door', 'door', 'stair', 'toilet_bowl', 'stove', 'window', 'window', 'vanity', 'window', 'window', 'window', 'window', 'window', 'window', 'window', 'window', 'shower', 'window']",795102.5,0.0003383211598504595,0.0036410399916991833,8925,20283,3252,2025-04-29T12:21:55.392983+00:00
233,FloorplanTest290425,1c8ad74c63f79b50592d6fbc2af467a1650cdfdfbfa2062643e71e992c669c11,Ground Floor: approx 58.9 sq. metres (634.5 sq. feet),58.9,634.5,,,,,,,,,,,,,,,,2025-04-29T12:23:16.703056+00:00
233,FloorplanTest290425,1c8ad74c63f79b50592d6fbc2af467a1650cdfdfbfa2062643e71e992c669c11,First Floor: approx 53.9 sq. metres (580.4 sq. feet),53.9,580.4,,,,,,,,,,,,,,,,2025-04-29T12:23:16.703056+00:00
233,FloorplanTest290425,1c8ad74c63f79b50592d6fbc2af467a1650cdfdfbfa2062643e71e992c669c11,Total area: approx 112.9 sq. metres (1214.9 sq. feet),112.9,1214.9,2,15,13,134,40,18,12,2,"['door', 'door', 'door', 'door', 'door', 'door2', 'door', 'door', 'door2', 'door2', 'stair', 'bathtub', 'toilet_bowl', 'vanity', 'shower', 'window', 'window', 'window', 'window', 'window', 'door', 'door', 'door', 'door', 'door', 'door', 'door', 'door-s', 'stair', 'stove', 'toilet_bowl', 'sink', 'vanity', 'window', 'window', 'window', 'window', 'window', 'window', 'window']",1455299.0,7.757855945754103e-05,0.000834811265588721,4845,13098,2321,2025-04-29T12:23:16.703056+00:00
235,FloorplanTest290425,ac3ce60101c42d73b02efadb473672900d514d489e29824daf35e7b917d7c4e5,Approximate Area: 1148 sq ft / 106.6 sq m,106.6,1148.0,,,,,,,,,,,,,,,,2025-04-29T12:27:12.994166+00:00
235,FloorplanTest290425,ac3ce60101c42d73b02efadb473672900d514d489e29824daf35e7b917d7c4e5,Store: 6 sq ft / 0.5 sq m,0.5,6.0,,,,,,,,,,,,,,,,2025-04-29T12:27:12.994166+00:00
235,FloorplanTest290425,ac3ce60101c42d73b02efadb473672900d514d489e29824daf35e7b917d7c4e5,Total: 1154 sq ft / 107.1 sq m,107.1,1154.0,2,14,14,94,37,15,11,2,"['door', 'door', 'door', 'door', 'door', 'stair', 'vanity', 'toilet_bowl', 'window', 'shower', 'window', 'bathtub', 'window', 'window', 'window', 'window', 'door', 'door', 'door2', 'door', 'door', 'door', 'door', 'door', 'door', 'door', 'stair', 'sink', 'vanity', 'stove', 'window', 'toilet_bowl', 'window', 'window', 'window', 'bed', 'window']",786218.5,0.00013622167374591158,0.0014677853548345657,4845,12875,2189,2025-04-29T12:27:12.994166+00:00
237,FloorplanTest290425,7b0d3ebb15439487e6e4ce0191f68834bc9e21652c4fad211f01ac5ffdcf48d9,Approximate Floor Area = 1751 sq ft / 162.7 sq m,162.7,1751.0,,,,,,,,,,,,,,,,2025-04-29T12:32:06.224857+00:00
237,FloorplanTest290425,7b0d3ebb15439487e6e4ce0191f68834bc9e21652c4fad211f01ac5ffdcf48d9,Garage = 129 sq ft / 12 sq m,12.0,129.0,,,,,,,,,,,,,,,,2025-04-29T12:32:06.224857+00:00
237,FloorplanTest290425,7b0d3ebb15439487e6e4ce0191f68834bc9e21652c4fad211f01ac5ffdcf48d9,Total = 1880 sq ft / 174.7 sq m,174.7,1880.0,3,20,19,131,50,17,19,2,"['door', 'door', 'door', 'door', 'door', 'door', 'stair', 'shower', 'bathtub', 'vanity', 'vanity', 'toilet_bowl', 'toilet_bowl', 'window', 'window', 'window', 'window', 'window', 'window', 'window', 'window', 'window', 'window', 'door', 'window', 'window', 'door', 'door', 'door', 'door', 'door', 'door2', 'door', 'door-s', 'door-s', 'door', 'stair', 'stove', 'sink', 'window', 'toilet_bowl', 'window', 'window', 'window', 'window', 'window', 'vanity', 'bathtub', 'shower', 'window']",1210282.0,0.00014434652419849259,0.0015533569862230456,8670,18127,2466,2025-04-29T12:32:06.224857+00:00
238,FloorplanTest290425,88ce38020b81060a56eb64fbdcbd35d7a5db49a6a0b14ab42ff0f84b9228b0ce,Total Approx. Gross Internal Area 221.7 m² ... 2386 ft²,221.7,2386.0,4,25,24,192,72,32,19,5,"['door', 'door', 'door2', 'door2', 'door', 'door', 'door', 'door', 'door2', 'door2', 'door', 'door-s', 'stair', 'window', 'stove', 'sink', 'toilet_bowl', 'window', 'window', 'window', 'window', 'window', 'window', 'window', 'window', 'vanity', 'window', 'window', 'door', 'door', 'door', 'door2', 'door2', 'door2', 'door2', 'door2', 'stair', 'stair', 'stair', 'toilet_bowl', 'bathtub', 'toilet_bowl', 'window', 'window', 'window', 'vanity', 'window', 'window', 'toilet_bowl', 'door', 'door', 'door', 'door', 'door', 'door', 'door', 'door', 'door2', 'door2', 'door2', 'door2', 'stair', 'bathtub', 'toilet_bowl', 'toilet_bowl', 'vanity', 'vanity', 'window', 'window', 'window', 'shower', 'bathtub']",671896.5,0.00032996153425415966,0.0035511421774038114,6375,19622,3960,2025-04-29T12:34:00.794765+00:00
239,FloorplanTest290425,ee45f73f4a7759e47811d6014620565b3e6c2ee29cb74cdbc498a576c8d46278,Total - 270 sq.m (2908 sq.ft),270.0,2908.0,3,30,28,206,83,36,25,2,"['door', 'door', 'door', 'door', 'door', 'door', 'door', 'door', 'door-s', 'stair', 'shower', 'bathtub', 'shower', 'toilet_bowl', 'vanity', 'vanity', 'toilet_bowl', 'window', 'window', 'window', 'window', 'window', 'window', 'door2', 'door2', 'door2', 'door2', 'door', 'door', 'door2', 'door', 'door', 'door', 'door', 'door', 'door', 'door', 'door', 'door', 'door', 'door', 'door', 'door2', 'door-s', 'door-s', 'door-s', 'stair', 'sink', 'toilet_bowl', 'stove', 'toilet_bowl', 'stove', 'sink', 'vanity', 'window', 'window', 'window', 'window', 'window', 'window', 'window', 'vanity', 'window', 'window', 'window', 'bed', 'window', 'window', 'shower', 'bathtub', 'window', 'window', 'window', 'window', 'door', 'door2', 'door', 'door', 'toilet_bowl', 'window', 'window', 'window', 'sink']",990376.0,0.00027262373078507557,0.0029362585523074066,11730,25197,3823,2025-04-29T12:36:51.276491+00:00
239,FloorplanTest290425,ee45f73f4a7759e47811d6014620565b3e6c2ee29cb74cdbc498a576c8d46278,Main House - 179 sq.m (1929 sq.ft),179.0,1929.0,,,,,,,,,,,,,,,,2025-04-29T12:36:51.276491+00:00
239,FloorplanTest290425,ee45f73f4a7759e47811d6014620565b3e6c2ee29cb74cdbc498a576c8d46278,Annexe - 43 sq.m (463 sq.ft),43.0,463.0,,,,,,,,,,,,,,,,2025-04-29T12:36:51.276491+00:00
239,FloorplanTest290425,ee45f73f4a7759e47811d6014620565b3e6c2ee29cb74cdbc498a576c8d46278,Garage - 26 sq.m (276 sq.ft),26.0,276.0,,,,,,,,,,,,,,,,2025-04-29T12:36:51.276491+00:00
239,FloorplanTest290425,ee45f73f4a7759e47811d6014620565b3e6c2ee29cb74cdbc498a576c8d46278,Summer House - 22 sq.m (236 sq.ft),22.0,236.0,,,,,,,,,,,,,,,,2025-04-29T12:36:51.276491+00:00
240,FloorplanTest290425,07ad05d2952fbf69eb7cd47920e53b31a7a4ab6683caadb447fcc5e8e40dea06,Approximate Area,171.0,1841.0,3,25,23,225,56,24,17,3,"['door', 'door', 'door', 'door', 'door', 'door-s', 'stair', 'bathtub', 'shower', 'toilet_bowl', 'vanity', 'window', 'window', 'window', 'window', 'window', 'window', 'window', 'door2', 'door', 'door', 'door', 'door', 'door', 'door', 'door', 'door', 'door2', 'stair', 'stove', 'window', 'stove', 'window', 'window', 'vanity', 'window', 'window', 'window', 'window', 'window', 'window', 'toilet_bowl', 'door', 'door', 'door2', 'door', 'door', 'door', 'door-s', 'door-s', 'stair', 'vanity', 'bathtub', 'toilet_bowl', 'toilet_bowl', 'window']",959222.0,0.0001782694725517138,0.001919263736653246,11220,20048,2440,2025-04-29T12:38:48.263514+00:00
240,FloorplanTest290425,07ad05d2952fbf69eb7cd47920e53b31a7a4ab6683caadb447fcc5e8e40dea06,Total Floor Area (Calculated),171.0,1841.0,3,25,23,225,56,24,17,3,"['door', 'door', 'door', 'door', 'door', 'door-s', 'stair', 'bathtub', 'shower', 'toilet_bowl', 'vanity', 'window', 'window', 'window', 'window', 'window', 'window', 'window', 'door2', 'door', 'door', 'door', 'door', 'door', 'door', 'door', 'door', 'door2', 'stair', 'stove', 'window', 'stove', 'window', 'window', 'vanity', 'window', 'window', 'window', 'window', 'window', 'window', 'toilet_bowl', 'door', 'door', 'door2', 'door', 'door', 'door', 'door-s', 'door-s', 'stair', 'vanity', 'bathtub', 'toilet_bowl', 'toilet_bowl', 'window']",959222.0,0.0001782694725517138,0.001919263736653246,11220,20048,2440,2025-04-29T12:38:48.263514+00:00
241,FloorplanTest290425,27df283eabddb652a56b9e8e30013cc1a247e3684942947c9f8340a10a1edbb2,Ground Floor: 978 sq ft / 90.9 sq m,90.9,978.0,,,,,,,,,,,,,,,,2025-04-29T12:40:13.331193+00:00
241,FloorplanTest290425,27df283eabddb652a56b9e8e30013cc1a247e3684942947c9f8340a10a1edbb2,First Floor: 322 sq ft / 29.9 sq m,29.9,322.0,,,,,,,,,,,,,,,,2025-04-29T12:40:13.331193+00:00
241,FloorplanTest290425,27df283eabddb652a56b9e8e30013cc1a247e3684942947c9f8340a10a1edbb2,Garage: 133 sq ft / 12.4 sq m,12.4,133.0,,,,,,,,,,,,,,,,2025-04-29T12:40:13.331193+00:00
241,FloorplanTest290425,27df283eabddb652a56b9e8e30013cc1a247e3684942947c9f8340a10a1edbb2,Approximate Gross Internal Area: 1433 sq ft / 133.2 sq m,133.2,1433.0,,,,,,,,,,,,,,,,2025-04-29T12:40:13.331193+00:00
241,FloorplanTest290425,27df283eabddb652a56b9e8e30013cc1a247e3684942947c9f8340a10a1edbb2,Total Floor Area (Calculated),266.4,2866.0,3,15,15,152,41,16,15,2,"['door', 'door', 'door', 'stair', 'window', 'vanity', 'toilet_bowl', 'door', 'sofa', 'window', 'door2', 'door', 'door', 'door', 'door', 'door', 'door', 'door', 'door2', 'door', 'door-s', 'door-s', 'stair', 'bathtub', 'stove', 'vanity', 'toilet_bowl', 'window', 'window', 'window', 'window', 'window', 'vanity', 'window', 'window', 'window', 'window', 'window', 'window', 'window', 'window']",987057.0,0.0002698932280506597,0.0029035810495239888,6630,16240,2236,2025-04-29T12:40:13.331193+00:00
242,FloorplanTest290425,62fc61f8a1efdaa53ad6f6120508793377b69db8b9593dff57de77feab5ffa06,Approximate Area = 1532 sq ft / 142.3 sq m (includes garage),142.3,1532.0,1,12,12,99,30,11,10,2,"['door', 'door', 'door', 'door', 'door', 'door', 'door', 'door', 'door', 'door', 'door', 'stair', 'stair', 'bathtub', 'window', 'window', 'window', 'stove', 'toilet_bowl', 'toilet_bowl', 'sink', 'vanity', 'window', 'window', 'window', 'window', 'window', 'window', 'vanity', 'window']",905350.0,0.00015717678245982217,0.001692163251781079,4080,11260,1781,2025-04-29T12:41:37.216793+00:00
242,FloorplanTest290425,62fc61f8a1efdaa53ad6f6120508793377b69db8b9593dff57de77feab5ffa06,Total Floor Area (Calculated),142.3,1532.0,1,12,12,99,30,11,10,2,"['door', 'door', 'door', 'door', 'door', 'door', 'door', 'door', 'door', 'door', 'door', 'stair', 'stair', 'bathtub', 'window', 'window', 'window', 'stove', 'toilet_bowl', 'toilet_bowl', 'sink', 'vanity', 'window', 'window', 'window', 'window', 'window', 'window', 'vanity', 'window']",905350.0,0.00015717678245982217,0.001692163251781079,4080,11260,1781,2025-04-29T12:41:37.216793+00:00
244,FloorplanTest290425,babb814b6c58782c8a1151f415f1d657ad14ebfd268843c513ff9ea311d6a96d,Ground Floor Total Approximate Area,133.64,1438.43,,,,,,,,,,,,,,,,2025-04-29T12:46:50.241768+00:00
244,FloorplanTest290425,babb814b6c58782c8a1151f415f1d657ad14ebfd268843c513ff9ea311d6a96d,First Floor Total Approximate Area,68.06,732.59,,,,,,,,,,,,,,,,2025-04-29T12:46:50.241768+00:00
244,FloorplanTest290425,babb814b6c58782c8a1151f415f1d657ad14ebfd268843c513ff9ea311d6a96d,Outbuilding Total Approximate Area,28.5,306.57,,,,,,,,,,,,,,,,2025-04-29T12:46:50.241768+00:00
244,FloorplanTest290425,babb814b6c58782c8a1151f415f1d657ad14ebfd268843c513ff9ea311d6a96d,Total Approximate Area,230.2,2477.85,3,23,22,144,63,31,18,1,"['door', 'door', 'door', 'door', 'door', 'door', 'door', 'door', 'door', 'door', 'door', 'door', 'door2', 'door-s', 'stair', 'toilet_bowl', 'toilet_bowl', 'window', 'window', 'vanity', 'window', 'window', 'window', 'window', 'window', 'window', 'bathtub', 'shower', 'window', 'sink', 'vanity', 'door2', 'door', 'door', 'door', 'door', 'door2', 'door', 'door', 'door', 'door-s', 'door', 'door-s', 'door-s', 'door-s', 'bathtub', 'stove', 'sink', 'window', 'toilet_bowl', 'vanity', 'window', 'window', 'shower', 'window', 'window', 'door2', 'door2', 'door2', 'window', 'window', 'window', 'window']",117039.0,0.0019668657456061653,0.02117114807884551,9180,19288,3266,2025-04-29T12:46:50.241768+00:00
246,FloorplanTest290425,4153fce4b9ad0f535ac50378290f29a2848008654d5a5a45d8a9efc78e4f5081,Approximate Area = 1404 sq ft / 130 sq m,130.0,1404.0,2,17,17,135,43,19,12,2,"['door', 'door', 'door', 'door', 'door', 'door', 'door', 'door', 'stair', 'bathtub', 'bathtub', 'vanity', 'toilet_bowl', 'vanity', 'toilet_bowl', 'window', 'window', 'window', 'window', 'window', 'door', 'door2', 'door2', 'door', 'door', 'door', 'door2', 'door', 'door', 'door', 'door', 'stair', 'sink', 'stove', 'toilet_bowl', 'vanity', 'window', 'window', 'window', 'window', 'window', 'window', 'window']",950600.5,0.00013675566128988991,0.001476961141930811,6375,15494,2284,2025-04-29T12:50:32.200641+00:00
246,FloorplanTest290425,4153fce4b9ad0f535ac50378290f29a2848008654d5a5a45d8a9efc78e4f5081,Total Floor Area (Calculated),130.0,1404.0,2,17,17,135,43,19,12,2,"['door', 'door', 'door', 'door', 'door', 'door', 'door', 'door', 'stair', 'bathtub', 'bathtub', 'vanity', 'toilet_bowl', 'vanity', 'toilet_bowl', 'window', 'window', 'window', 'window', 'window', 'door', 'door2', 'door2', 'door', 'door', 'door', 'door2', 'door', 'door', 'door', 'door', 'stair', 'sink', 'stove', 'toilet_bowl', 'vanity', 'window', 'window', 'window', 'window', 'window', 'window', 'window']",950600.5,0.00013675566128988991,0.001476961141930811,6375,15494,2284,2025-04-29T12:50:32.200641+00:00
249,FloorplanTest290425,8554eb9d218853c834404be35b10871b7e252f7315c91c6dda71db236674891c,Garage: 139 sq ft / 12.9 sq m,12.9,139.0,,,,,,,,,,,,,,,,2025-04-29T12:56:50.179786+00:00
249,FloorplanTest290425,8554eb9d218853c834404be35b10871b7e252f7315c91c6dda71db236674891c,Approximate Area = 1521 sq ft / 141.3 sq m (excludes boiler room),141.3,1521.0,,,,,,,,,,,,,,,,2025-04-29T12:56:50.179786+00:00
249,FloorplanTest290425,8554eb9d218853c834404be35b10871b7e252f7315c91c6dda71db236674891c,Total = 1660 sq ft / 154.2 sq m,154.2,1660.0,3,20,17,149,53,21,16,5,"['door', 'door', 'door', 'door', 'door', 'door', 'door-s', 'stair', 'stair', 'stair', 'shower', 'bathtub', 'vanity', 'window', 'window', 'window', 'window', 'window', 'toilet_bowl', 'window', 'bed', 'bed', 'door2', 'window', 'bed', 'door2', 'door2', 'door2', 'door', 'door', 'door', 'door', 'door', 'door', 'door', 'door2', 'door', 'door', 'stair', 'stair', 'sink', 'vanity', 'toilet_bowl', 'stove', 'window', 'window', 'window', 'window', 'window', 'window', 'window', 'window', 'window']",864057.5,0.00017846034552098674,0.0019211684407577042,6630,17042,2852,2025-04-29T12:56:50.179786+00:00
250,FloorplanTest290425,605ad15e0dd8eac9c6e6366d98b930c7ee994f3ffc2c8bc6934da3baacb29afe,"Total area (approx.): 140.6 sq. m (1,513.3 sq. ft)",140.6,1513.3,2,16,15,130,47,21,16,2,"['door', 'door', 'door', 'door', 'door', 'door2', 'door', 'door2', 'door2', 'door2', 'door-s', 'door2', 'door2', 'stair', 'bathtub', 'shower', 'window', 'window', 'window', 'toilet_bowl', 'vanity', 'window', 'window', 'window', 'window', 'door', 'door', 'door', 'door', 'door2', 'door', 'door', 'door', 'stair', 'sink', 'stove', 'toilet_bowl', 'window', 'window', 'window', 'window', 'vanity', 'window', 'window', 'window', 'window', 'window']",897108.0,0.00015672583457064255,0.0016868649036682315,6375,14719,2058,2025-04-29T12:58:43.979002+00:00
251,FloorplanTest290425,9920de4eafc20be7a8e08cf1a7c5ab6b5260db71817620652547a994f125412e,Ground Floor: approx 99.2 Sq m / 1067 Sq Ft,99.2,1067.0,,,,,,,,,,,,,,,,2025-04-29T13:01:27.088573+00:00
251,FloorplanTest290425,9920de4eafc20be7a8e08cf1a7c5ab6b5260db71817620652547a994f125412e,First Floor: approx 67.1 Sq m / 722 Sq Ft,67.1,722.0,,,,,,,,,,,,,,,,2025-04-29T13:01:27.088573+00:00
251,FloorplanTest290425,9920de4eafc20be7a8e08cf1a7c5ab6b5260db71817620652547a994f125412e,Garage: approx 28.2 Sq m / 303 Sq Ft,28.2,303.0,,,,,,,,,,,,,,,,2025-04-29T13:01:27.088573+00:00
251,FloorplanTest290425,9920de4eafc20be7a8e08cf1a7c5ab6b5260db71817620652547a994f125412e,Brick Store: approx 7.5 Sq m / 80 Sq Ft,7.5,80.0,,,,,,,,,,,,,,,,2025-04-29T13:01:27.088573+00:00
251,FloorplanTest290425,9920de4eafc20be7a8e08cf1a7c5ab6b5260db71817620652547a994f125412e,Total: approx 202 Sq m / 2172 Sq Ft,202.0,2172.0,3,23,19,166,62,23,21,2,"['door', 'door', 'door', 'door', 'door', 'door', 'door', 'door2', 'door2', 'door2', 'stair', 'bathtub', 'toilet_bowl', 'toilet_bowl', 'vanity', 'window', 'shower', 'window', 'window', 'window', 'window', 'vanity', 'window', 'window', 'window', 'window', 'shower', 'bathtub', 'door', 'door', 'window', 'window', 'window', 'window', 'door', 'door', 'door', 'door', 'door', 'door', 'door', 'door', 'door-s', 'door-s', 'door', 'stair', 'stove', 'vanity', 'toilet_bowl', 'toilet_bowl', 'window', 'window', 'sink', 'window', 'window', 'window', 'shower', 'window', 'window', 'vanity', 'window', 'sink']",491395.5,0.0004110741754859375,0.004420064896809189,9180,20947,3212,2025-04-29T13:01:27.088573+00:00
212,FloorplanTest290425,08c0e213249b33325f88070e2fe0efd162e62c07360dce5b170247b1d0b58c30,Ground Floor: 811 sq ft / 75.0 sq m,75.0,811.0,,,,,,,,,,,,,,,,2025-04-29T10:57:18.316862+00:00
253,FloorplanTest290425,dce485362cb090a8cd953ae0d9dae1cc67a20a1cf8b20cf2c4b35bf54c15e23b,Total: 1373 sq. ft / 127.62 sq. m,127.62,1373.0,2,16,16,91,37,14,14,2,"['door', 'door', 'door', 'door', 'door', 'door', 'door', 'stair', 'bathtub', 'toilet_bowl', 'window', 'toilet_bowl', 'window', 'window', 'window', 'window', 'vanity', 'window', 'window', 'vanity', 'door', 'door', 'door', 'door', 'door', 'door', 'door2', 'stair', 'toilet_bowl', 'stove', 'window', 'window', 'window', 'window', 'window', 'window', 'window']",213160.5,0.0005987037936203002,0.006441155842663158,6375,13802,2368,2025-04-29T13:07:00.410844+00:00
257,FloorplanTest290425,c080fbac21985ab674a6e11d950c18eddd392f4aac58daf9bdff14763798cf3b,Ground Floor: 617 sq ft / 58.3 sq m,58.3,617.0,,,,,,,,,,,,,,,,2025-04-29T13:15:36.976978+00:00
257,FloorplanTest290425,c080fbac21985ab674a6e11d950c18eddd392f4aac58daf9bdff14763798cf3b,First Floor: 491 sq ft / 45.6 sq m,45.6,491.0,,,,,,,,,,,,,,,,2025-04-29T13:15:36.976978+00:00
257,FloorplanTest290425,c080fbac21985ab674a6e11d950c18eddd392f4aac58daf9bdff14763798cf3b,Second Floor: 352 sq ft / 32.7 sq m (Including Reduced Headroom),32.7,352.0,,,,,,,,,,,,,,,,2025-04-29T13:15:36.976978+00:00
257,FloorplanTest290425,c080fbac21985ab674a6e11d950c18eddd392f4aac58daf9bdff14763798cf3b,Approximate Gross Internal Area = 1430 sq ft / 132.8 sq m (Excluding Reduced Headroom),132.8,1430.0,,,,,,,,,,,,,,,,2025-04-29T13:15:36.976978+00:00
257,FloorplanTest290425,c080fbac21985ab674a6e11d950c18eddd392f4aac58daf9bdff14763798cf3b,Reduced Headroom = 100 sq ft / 9.3 sq m,9.3,100.0,,,,,,,,,,,,,,,,2025-04-29T13:15:36.976978+00:00
257,FloorplanTest290425,c080fbac21985ab674a6e11d950c18eddd392f4aac58daf9bdff14763798cf3b,Outbuilding = 204 sq ft / 19 sq m,19.0,204.0,,,,,,,,,,,,,,,,2025-04-29T13:15:36.976978+00:00
257,FloorplanTest290425,c080fbac21985ab674a6e11d950c18eddd392f4aac58daf9bdff14763798cf3b,Total = 1734 sq ft / 161.1 sq m,161.1,1734.0,1,19,19,126,49,19,11,2,"['door2', 'door2', 'door', 'door', 'door', 'door', 'door', 'door', 'door', 'door', 'door', 'door', 'door', 'door', 'door', 'door', 'door', 'door', 'door', 'stair', 'stair', 'bathtub', 'sink', 'sink', 'vanity', 'stove', 'toilet_bowl', 'toilet_bowl', 'sink', 'toilet_bowl', 'window', 'window', 'toilet_bowl', 'window', 'window', 'window', 'vanity', 'window', 'window', 'window', 'window', 'window', 'shower', 'vanity', 'window', 'toilet_bowl', 'vanity', 'bathtub', 'bathtub']",215503.5,0.0007475516638940898,0.008046273030368416,8160,17222,3028,2025-04-29T13:15:36.976978+00:00
259,FloorplanTest290425,3bfe74b865c90b469f467bb2686352ad2e5653c48137c8b757dd9c396a4f24b4,Ground Floor: approx 96.1 sq. metres (1034.8 sq. feet),96.1,1034.8,,,,,,,,,,,,,,,,2025-04-29T13:19:27.244527+00:00
259,FloorplanTest290425,3bfe74b865c90b469f467bb2686352ad2e5653c48137c8b757dd9c396a4f24b4,First Floor: approx 42.7 sq. metres (459.3 sq. feet),42.7,459.3,,,,,,,,,,,,,,,,2025-04-29T13:19:27.244527+00:00
259,FloorplanTest290425,3bfe74b865c90b469f467bb2686352ad2e5653c48137c8b757dd9c396a4f24b4,Outbuilding: approx 12.7 sq. metres (136.3 sq. feet),12.7,136.3,,,,,,,,,,,,,,,,2025-04-29T13:19:27.244527+00:00
259,FloorplanTest290425,3bfe74b865c90b469f467bb2686352ad2e5653c48137c8b757dd9c396a4f24b4,Total area: approx 151.5 sq. metres (1630.5 sq. feet),151.5,1630.5,3,14,14,119,41,17,13,2,"['door2', 'door', 'door2', 'stair', 'toilet_bowl', 'bathtub', 'window', 'window', 'vanity', 'door2', 'door2', 'door2', 'door', 'door', 'door2', 'door', 'door', 'door', 'door', 'door', 'door', 'door', 'stair', 'bathtub', 'shower', 'toilet_bowl', 'stove', 'sink', 'window', 'vanity', 'window', 'window', 'window', 'window', 'window', 'window', 'window', 'window', 'door', 'window', 'window']",440587.5,0.0003438590518341987,0.003700740488552217,5610,14241,2261,2025-04-29T13:19:27.244527+00:00
260,FloorplanTest290425,b2f3fe32444ad77acd4a275609478342bd0e30af8cf199b6494e6b153646e101,Approximate Gross Internal Floor Area 1221 sq. ft / 113.41 sq. m(Including Garage),113.41,1221.0,1,15,15,95,38,18,13,0,"['door', 'door', 'door', 'door', 'door2', 'door', 'door', 'door', 'door', 'door', 'door2', 'door', 'door', 'door', 'door2', 'door2', 'door-s', 'door2', 'bathtub', 'toilet_bowl', 'toilet_bowl', 'sink', 'vanity', 'stove', 'vanity', 'window', 'window', 'window', 'window', 'window', 'window', 'window', 'window', 'window', 'window', 'window', 'window', 'window']",1051546.5,0.00010785067517223441,0.0011611469392936973,4080,11076,2218,2025-04-29T13:21:19.717789+00:00
260,FloorplanTest290425,b2f3fe32444ad77acd4a275609478342bd0e30af8cf199b6494e6b153646e101,Total Floor Area (Calculated),113.41,1221.0,1,15,15,95,38,18,13,0,"['door', 'door', 'door', 'door', 'door2', 'door', 'door', 'door', 'door', 'door', 'door2', 'door', 'door', 'door', 'door2', 'door2', 'door-s', 'door2', 'bathtub', 'toilet_bowl', 'toilet_bowl', 'sink', 'vanity', 'stove', 'vanity', 'window', 'window', 'window', 'window', 'window', 'window', 'window', 'window', 'window', 'window', 'window', 'window', 'window']",1051546.5,0.00010785067517223441,0.0011611469392936973,4080,11076,2218,2025-04-29T13:21:19.717789+00:00
261,FloorplanTest290425,034bcd31d54ea86095417bb228b7b34c08d88726b50d65dfbe5468fba8e34aed,Approximate Gross Internal Area 2051 sq ft / 190.5 sq m,190.5,2051.0,2,23,17,140,56,24,17,3,"['door', 'door', 'door', 'door', 'door', 'door', 'door', 'door', 'door', 'door2', 'door', 'door', 'door2', 'stair', 'stair', 'bathtub', 'bathtub', 'toilet_bowl', 'toilet_bowl', 'window', 'vanity', 'window', 'window', 'window', 'window', 'window', 'window', 'window', 'vanity', 'door', 'door', 'door', 'door', 'door', 'door', 'door', 'door', 'door', 'door2', 'door', 'stair', 'sink', 'sink', 'shower', 'stove', 'toilet_bowl', 'vanity', 'window', 'window', 'window', 'window', 'window', 'window', 'window', 'window', 'window']",534634.5,0.0003563181949537488,0.003836265710499416,6885,15484,2931,2025-04-29T13:23:48.002806+00:00
261,FloorplanTest290425,034bcd31d54ea86095417bb228b7b34c08d88726b50d65dfbe5468fba8e34aed,Total Floor Area (Calculated),190.5,2051.0,2,23,17,140,56,24,17,3,"['door', 'door', 'door', 'door', 'door', 'door', 'door', 'door', 'door', 'door2', 'door', 'door', 'door2', 'stair', 'stair', 'bathtub', 'bathtub', 'toilet_bowl', 'toilet_bowl', 'window', 'vanity', 'window', 'window', 'window', 'window', 'window', 'window', 'window', 'vanity', 'door', 'door', 'door', 'door', 'door', 'door', 'door', 'door', 'door', 'door2', 'door', 'stair', 'sink', 'sink', 'shower', 'stove', 'toilet_bowl', 'vanity', 'window', 'window', 'window', 'window', 'window', 'window', 'window', 'window', 'window']",534634.5,0.0003563181949537488,0.003836265710499416,6885,15484,2931,2025-04-29T13:23:48.002806+00:00
263,FloorplanTest290425,1b364c2fe0b751048b0cf92ffd45fb18d3e3de307d214f9693d77e73219332b0,Main House: approx 1377 sq ft (127.92 sq m),127.92,1377.0,,,,,,,,,,,,,,,,2025-04-29T13:27:53.903553+00:00
263,FloorplanTest290425,1b364c2fe0b751048b0cf92ffd45fb18d3e3de307d214f9693d77e73219332b0,Garage: approx 112 sq ft (10.36 sq m),10.36,112.0,,,,,,,,,,,,,,,,2025-04-29T13:27:53.903553+00:00
263,FloorplanTest290425,1b364c2fe0b751048b0cf92ffd45fb18d3e3de307d214f9693d77e73219332b0,Total: approx 1488 sq ft (138.28 sq m),138.28,1488.0,2,16,15,141,43,18,16,1,"['door', 'door', 'door', 'door', 'door', 'door-s', 'stair', 'bathtub', 'toilet_bowl', 'vanity', 'window', 'window', 'window', 'window', 'window', 'window', 'window', 'window', 'window', 'door', 'door2', 'door', 'door', 'door', 'door', 'door', 'door', 'door2', 'door', 'door', 'door', 'stove', 'sink', 'vanity', 'sink', 'window', 'toilet_bowl', 'window', 'window', 'window', 'window', 'window', 'window']",1314578.0,0.00010518965021474572,0.0011319221833926932,5865,14456,2243,2025-04-29T13:27:53.903553+00:00
264,FloorplanTest290425,53f4b334bbd300c272d3cf98243ffbd8ae86c12ad233e5385d0dbc50f752623c,Bedroom 1: 126 x 10'1 (3.79m x 3.07m),11.65,125.08,,,,,,,,,,,,,,,,2025-04-29T13:29:57.103088+00:00
264,FloorplanTest290425,53f4b334bbd300c272d3cf98243ffbd8ae86c12ad233e5385d0dbc50f752623c,Bedroom 2: 12'1 x 10' (3.68m x 3.03m),11.15,120.08,,,,,,,,,,,,,,,,2025-04-29T13:29:57.103088+00:00
264,FloorplanTest290425,53f4b334bbd300c272d3cf98243ffbd8ae86c12ad233e5385d0dbc50f752623c,Bedroom 3: 9'2 x 8'10 (2.79m x 2.69m),7.51,80.88,,,,,,,,,,,,,,,,2025-04-29T13:29:57.103088+00:00
264,FloorplanTest290425,53f4b334bbd300c272d3cf98243ffbd8ae86c12ad233e5385d0dbc50f752623c,Bedroom 4 / Study: 9'2 x 8'4 (2.77m x 2.53m),7.0,75.68,,,,,,,,,,,,,,,,2025-04-29T13:29:57.103088+00:00
264,FloorplanTest290425,53f4b334bbd300c272d3cf98243ffbd8ae86c12ad233e5385d0dbc50f752623c,Sitting Room: 20'9 x 18'7 (6.29m x 5.65m),35.55,382.56,,,,,,,,,,,,,,,,2025-04-29T13:29:57.103088+00:00
264,FloorplanTest290425,53f4b334bbd300c272d3cf98243ffbd8ae86c12ad233e5385d0dbc50f752623c,Kitchen / Dining Room: 17'8 x 14'6 (5.37m x 4.40m),23.63,254.31,,,,,,,,,,,,,,,,2025-04-29T13:29:57.103088+00:00
264,FloorplanTest290425,53f4b334bbd300c272d3cf98243ffbd8ae86c12ad233e5385d0dbc50f752623c,Approximate Gross Internal Area: Total = 1607 Sq Ft / 149.27 Sq M,149.27,1607.0,1,19,16,154,42,19,12,0,"['door', 'door', 'door', 'door', 'door', 'door', 'door', 'door', 'door', 'door', 'door', 'door2', 'door', 'door', 'door', 'door2', 'door', 'door2', 'door2', 'bathtub', 'toilet_bowl', 'bathtub', 'stove', 'sink', 'toilet_bowl', 'vanity', 'vanity', 'window', 'window', 'window', 'window', 'window', 'window', 'window', 'window', 'window', 'bed', 'window', 'window', 'toilet_bowl', 'vanity', 'window']",1717808.0,8.689562512224882e-05,0.0009354945372241834,6630,13886,2074,2025-04-29T13:29:57.103088+00:00
265,FloorplanTest290425,7c88aa3ff7b0ac52679614d76954af3be25f2ca9ecaf36fbc25e356885f9687b,Ground Floor,153.8,1655.0,1,19,16,151,52,22,16,2,"['door', 'door', 'door', 'door', 'door', 'door', 'door', 'door', 'door', 'door', 'door', 'door', 'door', 'door2', 'door2', 'door2', 'door2', 'door-s', 'door', 'door-s', 'door2', 'door2', 'stair', 'stair', 'bathtub', 'bathtub', 'bathtub', 'vanity', 'sink', 'stove', 'window', 'window', 'vanity', 'bathtub', 'toilet_bowl', 'toilet_bowl', 'toilet_bowl', 'window', 'window', 'window', 'window', 'vanity', 'window', 'window', 'window', 'window', 'window', 'window', 'window', 'window', 'window', 'window']",1010808.0,0.0001521555033201162,0.0016373040181716014,5100,13699,2641,2025-04-29T13:31:57.157965+00:00
265,FloorplanTest290425,7c88aa3ff7b0ac52679614d76954af3be25f2ca9ecaf36fbc25e356885f9687b,"Total floor area 153.8 m² (1,655 sq.ft.) approx",153.8,1655.0,1,19,16,151,52,22,16,2,"['door', 'door', 'door', 'door', 'door', 'door', 'door', 'door', 'door', 'door', 'door', 'door', 'door', 'door2', 'door2', 'door2', 'door2', 'door-s', 'door', 'door-s', 'door2', 'door2', 'stair', 'stair', 'bathtub', 'bathtub', 'bathtub', 'vanity', 'sink', 'stove', 'window', 'window', 'vanity', 'bathtub', 'toilet_bowl', 'toilet_bowl', 'toilet_bowl', 'window', 'window', 'window', 'window', 'vanity', 'window', 'window', 'window', 'window', 'window', 'window', 'window', 'window', 'window', 'window']",1010808.0,0.0001521555033201162,0.0016373040181716014,5100,13699,2641,2025-04-29T13:31:57.157965+00:00
266,FloorplanTest290425,71a7d60f1c8b8f2ffdc1fdb1f81c0a8676e213a3b51a8552120960199abcc1fa,Approximate Gross Internal Floor Area: 2312 sq ft - 214.78 sq m,214.78,2312.0,,,,,,,,,,,,,,,,2025-04-29T13:34:40.659089+00:00
266,FloorplanTest290425,71a7d60f1c8b8f2ffdc1fdb1f81c0a8676e213a3b51a8552120960199abcc1fa,Approximate Gross Internal Area of Eaves Storage & Restricted Height: 146 sq ft - 13.56 sq m,13.56,146.0,,,,,,,,,,,,,,,,2025-04-29T13:34:40.659089+00:00
266,FloorplanTest290425,71a7d60f1c8b8f2ffdc1fdb1f81c0a8676e213a3b51a8552120960199abcc1fa,Approximate Gross Internal Area of Wine Storage: 65 sq ft - 6.05 sq m,6.05,65.0,,,,,,,,,,,,,,,,2025-04-29T13:34:40.659089+00:00
266,FloorplanTest290425,71a7d60f1c8b8f2ffdc1fdb1f81c0a8676e213a3b51a8552120960199abcc1fa,Approximate Gross Internal Area of Office: 87 sq ft - 8.06 sq m,8.06,87.0,,,,,,,,,,,,,,,,2025-04-29T13:34:40.659089+00:00
266,FloorplanTest290425,71a7d60f1c8b8f2ffdc1fdb1f81c0a8676e213a3b51a8552120960199abcc1fa,Total Floor Area (Calculated),242.45,2610.0,4,21,18,177,51,22,11,3,"['door', 'door', 'door', 'door', 'door2', 'door', 'stair', 'stair', 'bathtub', 'bathtub', 'toilet_bowl', 'toilet_bowl', 'vanity', 'window', 'window', 'vanity', 'window', 'door', 'door', 'door-s', 'window', 'window', 'window', 'window', 'door2', 'door', 'door', 'door', 'door', 'door', 'door', 'door', 'toilet_bowl', 'vanity', 'sink', 'stove', 'window', 'vanity', 'window', 'window', 'window', 'door', 'door', 'door2', 'door2', 'door2', 'stair', 'toilet_bowl', 'shower', 'vanity', 'sink']",1117211.0,0.00021701361694433728,0.002336174634872016,8925,20214,3131,2025-04-29T13:34:40.659089+00:00
267,FloorplanTest290425,3d5f9d73ef96710bd722bbbd3d8a8f383cde501f732201568017788dae7e7f9d,Ground floor: 500 sq. ft. (46.5 sq. m.),46.5,500.0,,,,,,,,,,,,,,,,2025-04-29T13:36:38.561826+00:00
267,FloorplanTest290425,3d5f9d73ef96710bd722bbbd3d8a8f383cde501f732201568017788dae7e7f9d,First floor: 433 sq. ft. (40.2 sq. m.),40.2,433.0,,,,,,,,,,,,,,,,2025-04-29T13:36:38.561826+00:00
267,FloorplanTest290425,3d5f9d73ef96710bd722bbbd3d8a8f383cde501f732201568017788dae7e7f9d,Second floor: 278 sq. ft. (25.8 sq. m.),25.8,278.0,,,,,,,,,,,,,,,,2025-04-29T13:36:38.561826+00:00
267,FloorplanTest290425,3d5f9d73ef96710bd722bbbd3d8a8f383cde501f732201568017788dae7e7f9d,Reduced headroom / Eaves: 88 sq. ft. (8.2 sq. m.),8.2,88.0,,,,,,,,,,,,,,,,2025-04-29T13:36:38.561826+00:00
267,FloorplanTest290425,3d5f9d73ef96710bd722bbbd3d8a8f383cde501f732201568017788dae7e7f9d,Total = 1299 sq. ft. (120.7 sq. m.),120.7,1299.0,3,20,19,183,44,19,14,3,"['door', 'door', 'door', 'door2', 'door2', 'stair', 'window', 'window', 'window', 'window', 'window', 'window', 'door', 'door', 'door', 'door', 'door', 'door', 'door', 'door', 'stair', 'bathtub', 'stove', 'vanity', 'sink', 'toilet_bowl', 'window', 'window', 'window', 'window', 'window', 'window', 'door2', 'door', 'door', 'door', 'door', 'door', 'stair', 'shower', 'toilet_bowl', 'vanity', 'window', 'window']",716859.0,0.0001683734179245849,0.0018120718300251514,9180,18750,2563,2025-04-29T13:36:38.561826+00:00
269,FloorplanTest290425,f05cc55d24d87d3732e6b4ab3b7faaf6f605733ea97760f6a465c9ab7424a7d5,Approximate Floor Area = 144.9 sq m / 1560 sq ft,144.9,1560.0,,,,,,,,,,,,,,,,2025-04-29T13:40:55.916337+00:00
269,FloorplanTest290425,f05cc55d24d87d3732e6b4ab3b7faaf6f605733ea97760f6a465c9ab7424a7d5,Garage = 8.6 sq m / 92 sq ft,8.6,92.0,,,,,,,,,,,,,,,,2025-04-29T13:40:55.916337+00:00
269,FloorplanTest290425,f05cc55d24d87d3732e6b4ab3b7faaf6f605733ea97760f6a465c9ab7424a7d5,Outbuildings = 16.3 sq m / 175 sq ft (Excluding Sheds),16.3,175.0,,,,,,,,,,,,,,,,2025-04-29T13:40:55.916337+00:00
269,FloorplanTest290425,f05cc55d24d87d3732e6b4ab3b7faaf6f605733ea97760f6a465c9ab7424a7d5,Total = 169.8 sq m / 1827 sq ft,169.8,1827.0,3,20,20,136,45,17,15,2,"['door', 'door', 'door', 'door', 'door', 'stair', 'toilet_bowl', 'bathtub', 'window', 'window', 'window', 'window', 'window', 'window', 'vanity', 'door2', 'door2', 'door', 'door', 'door', 'door', 'door', 'door', 'door2', 'door', 'door', 'door', 'stair', 'sink', 'stove', 'toilet_bowl', 'window', 'toilet_bowl', 'vanity', 'window', 'window', 'window', 'window', 'shower', 'window', 'window', 'window', 'window', 'sink', 'vanity']",596583.0,0.00028462091611728796,0.003062440599212515,7650,18759,3074,2025-04-29T13:40:55.916337+00:00
213,FloorplanTest290425,e20489be133b5dc53b9fc82086f8a2411a9fda81e96626b249c3fe237e278927,Approximate Area: 1278 sq ft / 118.7 sq m,118.7,1278.0,,,,,,,,,,,,,,,,2025-04-29T11:12:23.656981+00:00
213,FloorplanTest290425,e20489be133b5dc53b9fc82086f8a2411a9fda81e96626b249c3fe237e278927,Office: 99 sq ft / 9.1 sq m,9.1,99.0,,,,,,,,,,,,,,,,2025-04-29T11:12:23.656981+00:00
213,FloorplanTest290425,e20489be133b5dc53b9fc82086f8a2411a9fda81e96626b249c3fe237e278927,Total: 1377 sq ft / 128 sq m,128.0,1377.0,3,19,19,156,46,19,15,2,"['door', 'door', 'door', 'door', 'door', 'door', 'door2', 'door-s', 'stair', 'vanity', 'window', 'window', 'window', 'window', 'window', 'window', 'toilet_bowl', 'window', 'bathtub', 'shower', 'window', 'door', 'door', 'door', 'door', 'door', 'door', 'door', 'door', 'door2', 'door', 'stair', 'sink', 'shower', 'sink', 'stove', 'vanity', 'toilet_bowl', 'window', 'window', 'window', 'window', 'window', 'door', 'window', 'window']",896209.5,0.00014282374824190104,0.0015364711041335759,8670,18096,2514,2025-04-29T11:12:23.656981+00:00
270,FloorplanTest290425,a50f8aa0615202a93ffc30830378f0d3117fd4a1c9277fc9b7fdb23a5c5115d9,Approximate Gross Internal Floor Area,220.6,2374.0,,,,,,,,,,,,,,,,2025-04-29T13:46:31.208978+00:00
270,FloorplanTest290425,a50f8aa0615202a93ffc30830378f0d3117fd4a1c9277fc9b7fdb23a5c5115d9,Store,14.0,151.0,,,,,,,,,,,,,,,,2025-04-29T13:46:31.208978+00:00
270,FloorplanTest290425,a50f8aa0615202a93ffc30830378f0d3117fd4a1c9277fc9b7fdb23a5c5115d9,Total,234.6,2525.0,2,25,23,181,61,24,22,5,"['door', 'door', 'door', 'door', 'door', 'door', 'door', 'door', 'door', 'door', 'door', 'door', 'stair', 'stair', 'stair', 'toilet_bowl', 'toilet_bowl', 'sink', 'vanity', 'vanity', 'window', 'window', 'window', 'window', 'window', 'window', 'window', 'window', 'window', 'window', 'window', 'door2', 'door', 'door', 'door', 'door', 'door', 'door', 'door', 'door', 'door', 'door', 'door', 'stair', 'stair', 'toilet_bowl', 'bathtub', 'vanity', 'vanity', 'toilet_bowl', 'window', 'window', 'window', 'window', 'window', 'window', 'window', 'window', 'window', 'window', 'window']",798127.5,0.00029393799862803874,0.0031636549298201103,7905,17846,3361,2025-04-29T13:46:31.208978+00:00
270,FloorplanTest290425,d499299402c473d2dd3267ab71a9935265f81ec91e8cc445654b0c117c0d5ae2,Approximate Gross Internal Floor Area 2920 sq ft / 271.3 sq m,271.3,2920.0,2,23,20,180,68,20,24,6,"['door', 'door', 'door', 'door', 'door', 'door', 'door', 'door', 'stair', 'stair', 'stair', 'stair', 'bathtub', 'bathtub', 'bathtub', 'toilet_bowl', 'toilet_bowl', 'toilet_bowl', 'vanity', 'vanity', 'vanity', 'window', 'window', 'window', 'window', 'window', 'window', 'bathtub', 'window', 'window', 'window', 'shower', 'window', 'window', 'bathtub', 'door2', 'door', 'door', 'door', 'door', 'door', 'door', 'door', 'door', 'door', 'door', 'door2', 'stair', 'stair', 'stove', 'toilet_bowl', 'sink', 'sink', 'vanity', 'window', 'window', 'window', 'window', 'bathtub', 'window', 'window', 'window', 'window', 'window', 'window', 'window', 'window', 'window']",949057.5,0.00028586255311190313,0.0030767366571572323,6375,16577,3275,2025-04-29T13:46:31.208978+00:00
270,FloorplanTest290425,d499299402c473d2dd3267ab71a9935265f81ec91e8cc445654b0c117c0d5ae2,Total Floor Area (Calculated),271.3,2920.0,2,23,20,180,68,20,24,6,"['door', 'door', 'door', 'door', 'door', 'door', 'door', 'door', 'stair', 'stair', 'stair', 'stair', 'bathtub', 'bathtub', 'bathtub', 'toilet_bowl', 'toilet_bowl', 'toilet_bowl', 'vanity', 'vanity', 'vanity', 'window', 'window', 'window', 'window', 'window', 'window', 'bathtub', 'window', 'window', 'window', 'shower', 'window', 'window', 'bathtub', 'door2', 'door', 'door', 'door', 'door', 'door', 'door', 'door', 'door', 'door', 'door', 'door2', 'stair', 'stair', 'stove', 'toilet_bowl', 'sink', 'sink', 'vanity', 'window', 'window', 'window', 'window', 'bathtub', 'window', 'window', 'window', 'window', 'window', 'window', 'window', 'window', 'window']",949057.5,0.00028586255311190313,0.0030767366571572323,6375,16577,3275,2025-04-29T13:46:31.208978+00:00
289,FloorplanTest290425,b952fb34c8a65d8a459662a087f51db05f02410153d1fdb66d75042f73690039,Approximate Area,134.6,1449.0,,,,,,,,,,,,,,,,2025-04-29T15:10:57.991574+00:00
289,FloorplanTest290425,b952fb34c8a65d8a459662a087f51db05f02410153d1fdb66d75042f73690039,Garage,20.3,219.0,,,,,,,,,,,,,,,,2025-04-29T15:10:57.991574+00:00
289,FloorplanTest290425,b952fb34c8a65d8a459662a087f51db05f02410153d1fdb66d75042f73690039,Total,154.9,1668.0,2,20,20,160,58,19,23,4,"['door', 'door', 'door', 'door', 'door', 'door', 'door', 'door2', 'stair', 'stair', 'bathtub', 'vanity', 'vanity', 'toilet_bowl', 'shower', 'window', 'window', 'window', 'window', 'window', 'window', 'window', 'vanity', 'window', 'toilet_bowl', 'door', 'door', 'door', 'door2', 'door', 'door', 'door', 'door', 'door', 'door', 'door2', 'stair', 'stair', 'sink', 'sink', 'stove', 'vanity', 'toilet_bowl', 'window', 'window', 'window', 'window', 'window', 'window', 'window', 'window', 'window', 'window', 'window', 'window', 'window', 'window', 'window']",873701.0,0.0001772917737303723,0.0019091199392011684,6885,16863,2716,2025-04-29T15:10:57.991574+00:00
290,FloorplanTest290425,a04a10850e4a48beb9a10c4a489eb9c3aacb2a9d129ca24067ddd2478c5200a2,Total Floor Area (Calculated),279.0,3002.0,3,16,15,170,41,15,8,4,"['door', 'door', 'door', 'door', 'stair', 'bathtub', 'vanity', 'window', 'toilet_bowl', 'vanity', 'vanity', 'window', 'bathtub', 'window', 'window', 'door', 'door', 'door', 'door', 'door', 'door', 'stair', 'sink', 'stove', 'toilet_bowl', 'window', 'sink', 'window', 'vanity', 'door', 'door', 'door', 'door', 'door', 'stair', 'stair', 'vanity', 'bathtub', 'toilet_bowl', 'window', 'window']",763130.5,0.0003655993306518348,0.003933796382139097,8160,16669,2143,2025-04-29T14:53:48.645466+00:00
301,FloorplanTest290425,f5ada163654f13b9381e64ef3797688667023ccdf76f3214708b1a1921b6ee4a,Approximate Area = 1469 sq ft / 136.4 sq m (includes garage),136.4,1469.0,2,17,17,125,36,14,14,2,"['door', 'door', 'door', 'door', 'door', 'door', 'stair', 'toilet_bowl', 'window', 'window', 'bathtub', 'vanity', 'window', 'window', 'window', 'window', 'shower', 'door', 'door', 'door', 'door', 'door', 'door2', 'door', 'door-s', 'stair', 'sink', 'stove', 'window', 'window', 'window', 'window', 'window', 'window', 'window', 'window']",798177.5,0.00017088930720297177,0.0018404427586595714,5865,14880,2459,2025-04-29T15:43:28.244520+00:00
298,FloorplanTest290425,30260919d30a69b7c5368a22d919b6ef63a467c8609dfb0a8c937b5ba4fc1a3f,Total Floor Area (Calculated),290.6,3128.0,2,20,19,178,59,23,20,3,"['door', 'door', 'door', 'door', 'door', 'door', 'door', 'door2', 'stair', 'stair', 'bathtub', 'bathtub', 'vanity', 'toilet_bowl', 'toilet_bowl', 'window', 'window', 'window', 'window', 'vanity', 'bathtub', 'door2', 'door2', 'door', 'door2', 'door', 'door', 'door', 'door', 'door', 'door', 'door', 'door', 'door', 'door', 'door', 'stair', 'stove', 'sink', 'window', 'sink', 'window', 'toilet_bowl', 'window', 'window', 'vanity', 'window', 'window', 'window', 'window', 'window', 'window', 'window', 'window', 'window', 'vanity', 'window', 'window', 'window']",1209951.0,0.00024017501535186138,0.0025852286580200353,5355,17276,2966,2025-04-29T15:19:03.199039+00:00
301,FloorplanTest290425,f5ada163654f13b9381e64ef3797688667023ccdf76f3214708b1a1921b6ee4a,Total Floor Area (Calculated),136.4,1469.0,2,17,17,125,36,14,14,2,"['door', 'door', 'door', 'door', 'door', 'door', 'stair', 'toilet_bowl', 'window', 'window', 'bathtub', 'vanity', 'window', 'window', 'window', 'window', 'shower', 'door', 'door', 'door', 'door', 'door', 'door2', 'door', 'door-s', 'stair', 'sink', 'stove', 'window', 'window', 'window', 'window', 'window', 'window', 'window', 'window']",798177.5,0.00017088930720297177,0.0018404427586595714,5865,14880,2459,2025-04-29T15:43:28.244520+00:00
273,FloorplanTest290425,4bcaef9b684b3c5e63dcb06a0e1980f595606c679fe1fbdca33da239146f7b86,Approximate Area = 2366 sq ft / 219.8 sq m (excludes void),219.8,2366.0,,,,,,,,,,,,,,,,2025-04-29T13:56:22.637888+00:00
273,FloorplanTest290425,4bcaef9b684b3c5e63dcb06a0e1980f595606c679fe1fbdca33da239146f7b86,Limited Use Area(s) = 44 sq ft / 4 sq m,4.0,44.0,,,,,,,,,,,,,,,,2025-04-29T13:56:22.637888+00:00
273,FloorplanTest290425,4bcaef9b684b3c5e63dcb06a0e1980f595606c679fe1fbdca33da239146f7b86,Garage = 369 sq ft / 34.2 sq m,34.2,369.0,,,,,,,,,,,,,,,,2025-04-29T13:56:22.637888+00:00
273,FloorplanTest290425,4bcaef9b684b3c5e63dcb06a0e1980f595606c679fe1fbdca33da239146f7b86,Annexe = 486 sq ft / 45.1 sq m,45.1,486.0,,,,,,,,,,,,,,,,2025-04-29T13:56:22.637888+00:00
273,FloorplanTest290425,4bcaef9b684b3c5e63dcb06a0e1980f595606c679fe1fbdca33da239146f7b86,Outbuilding = 13 sq ft / 1.2 sq m,1.2,13.0,,,,,,,,,,,,,,,,2025-04-29T13:56:22.637888+00:00
277,FloorplanTest290425,170b81989d6ae368def837478f51c0ab60c1f32af8a523b2a65ffb89fbea4818,Total = 2183 sq ft / 202.8 sq m,202.8,2183.0,2,23,22,141,53,21,17,2,"['door', 'door', 'door', 'door', 'door', 'door', 'door', 'door', 'door2', 'stair', 'shower', 'bathtub', 'bathtub', 'toilet_bowl', 'vanity', 'window', 'window', 'toilet_bowl', 'window', 'window', 'window', 'window', 'vanity', 'door', 'door', 'door2', 'door2', 'door', 'door', 'door', 'door', 'door', 'door', 'door', 'door', 'stair', 'sink', 'stove', 'window', 'toilet_bowl', 'window', 'window', 'window', 'window', 'window', 'window', 'window', 'vanity', 'window', 'window', 'window', 'vanity', 'sink']",552096.0,0.00036732742131803165,0.00395402248884252,6885,17669,3687,2025-04-29T14:28:35.629141+00:00
274,FloorplanTest290425,25c8c854b4eeeb1de97ebb7ef513b6f8b5e4516f00b1f0ba4ebd3a0f79661f64,Garage = 214 sq ft / 19.8 sq m,19.8,214.0,,,,,,,,,,,,,,,,2025-04-29T14:03:28.592357+00:00
274,FloorplanTest290425,25c8c854b4eeeb1de97ebb7ef513b6f8b5e4516f00b1f0ba4ebd3a0f79661f64,Outbuilding = 40 sq ft / 3.7 sq m,3.7,40.0,,,,,,,,,,,,,,,,2025-04-29T14:03:28.592357+00:00
291,FloorplanTest290425,57e147a3fec78bb59f89a82406bf95e7fa742bf7ecf2c29b4b1bdce530ca53a2,Approximate Gross Internal Area 148.7 sq.m (1601 sq.ft),148.7,1601.0,,,,,,,,,,,,,,,,2025-04-29T15:01:04.880466+00:00
272,FloorplanTest290425,6e277c5d2a49e4f29c9654072fd7e8a5f2319069b496e9b2eab8f45e95614ade,Approximate Area = 2044 sq ft / 189.8 sq m,189.8,2044.0,,,,,,,,,,,,,,,,2025-04-29T13:51:19.853590+00:00
272,FloorplanTest290425,6e277c5d2a49e4f29c9654072fd7e8a5f2319069b496e9b2eab8f45e95614ade,Garages = 582 sq ft / 54 sq m,54.0,582.0,,,,,,,,,,,,,,,,2025-04-29T13:51:19.853590+00:00
272,FloorplanTest290425,6e277c5d2a49e4f29c9654072fd7e8a5f2319069b496e9b2eab8f45e95614ade,Total = 2626 sq ft / 244 sq m,244.0,2626.0,2,22,22,149,58,26,20,0,"['door', 'window', 'window', 'door2', 'door', 'door', 'door', 'door', 'door', 'door', 'door', 'door', 'door', 'door', 'door', 'door', 'door', 'door', 'door', 'door', 'door', 'door', 'door', 'door-s', 'door', 'door2', 'door', 'door-s', 'stove', 'toilet_bowl', 'bathtub', 'toilet_bowl', 'toilet_bowl', 'bathtub', 'window', 'window', 'sink', 'window', 'window', 'vanity', 'window', 'window', 'window', 'window', 'window', 'window', 'window', 'window', 'window', 'window', 'shower', 'window', 'window', 'window', 'window', 'toilet_bowl', 'vanity', 'stove']",561308.0,0.00043469895315940624,0.004678358405723774,6885,17099,3182,2025-04-29T13:51:19.853590+00:00
277,FloorplanTest290425,170b81989d6ae368def837478f51c0ab60c1f32af8a523b2a65ffb89fbea4818,Ground Floor: Dining Room 97 sq ft (9 sq m),9.0,97.0,,,,,,,,,,,,,,,,2025-04-29T14:28:35.629141+00:00
291,FloorplanTest290425,57e147a3fec78bb59f89a82406bf95e7fa742bf7ecf2c29b4b1bdce530ca53a2,Including Eaves Storage of Approximately 6.8 sq.m / 73 sq.ft,6.8,73.0,,,,,,,,,,,,,,,,2025-04-29T15:01:04.880466+00:00
291,FloorplanTest290425,57e147a3fec78bb59f89a82406bf95e7fa742bf7ecf2c29b4b1bdce530ca53a2,Total Floor Area (Calculated),155.5,1674.0,1,16,13,241,36,17,9,2,"['door', 'door', 'door', 'door', 'door', 'door', 'door', 'door', 'door', 'door', 'door', 'door', 'door', 'door', 'door2', 'door', 'door', 'stair', 'stair', 'bathtub', 'stove', 'sink', 'window', 'toilet_bowl', 'toilet_bowl', 'window', 'vanity', 'window', 'window', 'toilet_bowl', 'window', 'window', 'window', 'vanity', 'window', 'window']",1828620.5,8.503678045827443e-05,0.000915444183197115,6120,14043,1922,2025-04-29T15:01:04.880466+00:00
288,FloorplanTest290425,076b3e52f3a9eb5e2e5acead61b1120cb19fd4b039a487d8fe92cb0fda08508e,Ground Floor: 795 sq.ft. (73.8 sq.m.) approx,73.8,795.0,,,,,,,,,,,,,,,,2025-04-29T14:54:59.840027+00:00
274,FloorplanTest290425,25c8c854b4eeeb1de97ebb7ef513b6f8b5e4516f00b1f0ba4ebd3a0f79661f64,Approximate Gross Internal Area = 1462 sq ft / 135.8 sq m,135.8,1462.0,,,,,,,,,,,,,,,,2025-04-29T14:03:28.592357+00:00
274,FloorplanTest290425,25c8c854b4eeeb1de97ebb7ef513b6f8b5e4516f00b1f0ba4ebd3a0f79661f64,Total = 1716 sq ft / 159.4 sq m,159.4,1716.0,2,20,18,129,54,19,20,3,"['door', 'door', 'door', 'door', 'door', 'stair', 'stair', 'bathtub', 'vanity', 'shower', 'toilet_bowl', 'toilet_bowl', 'window', 'window', 'vanity', 'window', 'window', 'window', 'shower', 'window', 'window', 'window', 'door2', 'door', 'door', 'door', 'door', 'door2', 'door', 'door', 'door', 'door', 'door', 'door-s', 'door', 'door', 'stair', 'stove', 'sink', 'toilet_bowl', 'sink', 'window', 'vanity', 'window', 'window', 'window', 'window', 'window', 'window', 'window', 'window', 'window', 'window', 'window']",892281.0,0.00017864327493244842,0.001923160977315442,5355,15949,3163,2025-04-29T14:03:28.592357+00:00
285,FloorplanTest290425,2297dc730917e4eff822d75bb4465c3fa1add2c7c81899c9ac42743ef9fe991e,Approximate Area: 1251 sq ft / 116.2 sq m,116.2,1251.0,,,,,,,,,,,,,,,,2025-04-29T14:57:02.182390+00:00
285,FloorplanTest290425,2297dc730917e4eff822d75bb4465c3fa1add2c7c81899c9ac42743ef9fe991e,Annexe = 548 sq ft / 50.9 sq m,50.9,548.0,,,,,,,,,,,,,,,,2025-04-29T14:57:02.182390+00:00
285,FloorplanTest290425,2297dc730917e4eff822d75bb4465c3fa1add2c7c81899c9ac42743ef9fe991e,Total = 1799 sq ft / 167.1 sq m,167.1,1799.0,2,15,15,99,41,18,9,2,"['door', 'door', 'door', 'door', 'stair', 'vanity', 'bathtub', 'toilet_bowl', 'window', 'door2', 'door', 'door', 'door', 'door', 'door', 'door', 'door', 'door', 'door', 'door', 'door', 'door', 'door-s', 'stair', 'vanity', 'shower', 'bathtub', 'stove', 'toilet_bowl', 'sink', 'vanity', 'toilet_bowl', 'stove', 'window', 'window', 'window', 'window', 'window', 'window', 'window', 'window']",770868.0,0.0002167686296486558,0.002333732882931968,6885,15780,2599,2025-04-29T14:57:02.182390+00:00
288,FloorplanTest290425,076b3e52f3a9eb5e2e5acead61b1120cb19fd4b039a487d8fe92cb0fda08508e,TOTAL FLOOR AREA: 1268 sq.ft. (117.8 sq.m.) approx,117.8,1268.0,,,,,,,,,,,,,,,,2025-04-29T14:54:59.840027+00:00
306,FloorplanTest290425,05466655d1a6366a64b66c2f31e40e9a0e3d96e70dc3c931d2536d0e7f125e91,Approximate Area = 2073 sq ft / 192.5 sq m,192.5,2073.0,,,,,,,,,,,,,,,,2025-04-29T16:18:34.066209+00:00
306,FloorplanTest290425,05466655d1a6366a64b66c2f31e40e9a0e3d96e70dc3c931d2536d0e7f125e91,Limited Use Area(s) = 35 sq ft / 3.2 sq m,3.2,35.0,,,,,,,,,,,,,,,,2025-04-29T16:18:34.066209+00:00
273,FloorplanTest290425,4bcaef9b684b3c5e63dcb06a0e1980f595606c679fe1fbdca33da239146f7b86,Total = 3278 sq ft / 304.3 sq m,304.3,3278.0,5,36,34,236,83,38,23,5,"['door', 'door', 'door', 'door', 'door', 'door', 'door', 'door2', 'door', 'door2', 'stair', 'bathtub', 'shower', 'vanity', 'vanity', 'toilet_bowl', 'window', 'toilet_bowl', 'window', 'window', 'window', 'window', 'window', 'window', 'door', 'door2', 'door2', 'door-s', 'door', 'stair', 'shower', 'toilet_bowl', 'vanity', 'window', 'sink', 'door', 'door', 'door', 'door', 'stair', 'window', 'door2', 'door', 'door', 'door2', 'door2', 'door2', 'door2', 'door', 'door', 'door', 'stair', 'sink', 'toilet_bowl', 'vanity', 'stove', 'window', 'window', 'window', 'window', 'window', 'window', 'window', 'window', 'door', 'door', 'door2', 'door', 'door', 'door', 'door2', 'door-s', 'door-s', 'stair', 'bathtub', 'toilet_bowl', 'window', 'window', 'window', 'window', 'shower', 'window', 'window']",791781.0,0.00038432344297223604,0.004140033670926683,15300,30765,4556,2025-04-29T13:56:22.637888+00:00
277,FloorplanTest290425,170b81989d6ae368def837478f51c0ab60c1f32af8a523b2a65ffb89fbea4818,Ground Floor: Garage 188 sq ft (17.5 sq m),17.5,188.0,,,,,,,,,,,,,,,,2025-04-29T14:28:35.629141+00:00
277,FloorplanTest290425,170b81989d6ae368def837478f51c0ab60c1f32af8a523b2a65ffb89fbea4818,Ground Floor: Utility 75 sq ft (7 sq m),7.0,75.0,,,,,,,,,,,,,,,,2025-04-29T14:28:35.629141+00:00
277,FloorplanTest290425,170b81989d6ae368def837478f51c0ab60c1f32af8a523b2a65ffb89fbea4818,Ground Floor: Kitchen / Dining Room 161 sq ft (15 sq m),15.0,161.0,,,,,,,,,,,,,,,,2025-04-29T14:28:35.629141+00:00
277,FloorplanTest290425,170b81989d6ae368def837478f51c0ab60c1f32af8a523b2a65ffb89fbea4818,Ground Floor: Living Room 237 sq ft (22 sq m),22.0,237.0,,,,,,,,,,,,,,,,2025-04-29T14:28:35.629141+00:00
277,FloorplanTest290425,170b81989d6ae368def837478f51c0ab60c1f32af8a523b2a65ffb89fbea4818,Ground Floor: Family Room / Snug 178 sq ft (16.5 sq m),16.5,178.0,,,,,,,,,,,,,,,,2025-04-29T14:28:35.629141+00:00
277,FloorplanTest290425,170b81989d6ae368def837478f51c0ab60c1f32af8a523b2a65ffb89fbea4818,Ground Floor: Study 89 sq ft (8.3 sq m),8.3,89.0,,,,,,,,,,,,,,,,2025-04-29T14:28:35.629141+00:00
277,FloorplanTest290425,170b81989d6ae368def837478f51c0ab60c1f32af8a523b2a65ffb89fbea4818,Ground Floor: Conservatory 115 sq ft (10.7 sq m),10.7,115.0,,,,,,,,,,,,,,,,2025-04-29T14:28:35.629141+00:00
277,FloorplanTest290425,170b81989d6ae368def837478f51c0ab60c1f32af8a523b2a65ffb89fbea4818,First Floor: Bedroom 1 119 sq ft (11.1 sq m),11.1,119.0,,,,,,,,,,,,,,,,2025-04-29T14:28:35.629141+00:00
277,FloorplanTest290425,170b81989d6ae368def837478f51c0ab60c1f32af8a523b2a65ffb89fbea4818,First Floor: Bedroom 2 110 sq ft (10.3 sq m),10.3,110.0,,,,,,,,,,,,,,,,2025-04-29T14:28:35.629141+00:00
277,FloorplanTest290425,170b81989d6ae368def837478f51c0ab60c1f32af8a523b2a65ffb89fbea4818,First Floor: Bedroom 3 156 sq ft (14.5 sq m),14.5,156.0,,,,,,,,,,,,,,,,2025-04-29T14:28:35.629141+00:00
277,FloorplanTest290425,170b81989d6ae368def837478f51c0ab60c1f32af8a523b2a65ffb89fbea4818,First Floor: Bedroom 4 96 sq ft (9 sq m),9.0,96.0,,,,,,,,,,,,,,,,2025-04-29T14:28:35.629141+00:00
277,FloorplanTest290425,170b81989d6ae368def837478f51c0ab60c1f32af8a523b2a65ffb89fbea4818,First Floor: Eaves 145 sq ft (13.5 sq m),13.5,145.0,,,,,,,,,,,,,,,,2025-04-29T14:28:35.629141+00:00
277,FloorplanTest290425,170b81989d6ae368def837478f51c0ab60c1f32af8a523b2a65ffb89fbea4818,Approximate Area = 2066 sq ft / 191.9 sq m (excludes Carport),191.9,2066.0,,,,,,,,,,,,,,,,2025-04-29T14:28:35.629141+00:00
277,FloorplanTest290425,170b81989d6ae368def837478f51c0ab60c1f32af8a523b2a65ffb89fbea4818,Limited Use Area(s) = 117 sq ft / 10.9 sq m,10.9,117.0,,,,,,,,,,,,,,,,2025-04-29T14:28:35.629141+00:00
309,FloorplanTest290425,3c87a0de77b9f72e802cf4e082f07cf92f7c22582c2b6f77d5559ef5c9f1d77a,Gross Internal Floor Area: 223 m2 ... 2400 ft2,223.0,2400.0,2,29,28,241,61,27,21,2,"['door', 'door', 'door', 'door', 'door', 'door', 'door', 'door', 'door', 'door', 'door2', 'door2', 'door2', 'door2', 'stair', 'vanity', 'toilet_bowl', 'vanity', 'bathtub', 'toilet_bowl', 'window', 'window', 'window', 'window', 'window', 'window', 'window', 'window', 'window', 'window', 'shower', 'bathtub', 'door', 'door', 'door', 'door', 'door', 'door', 'door2', 'door', 'door2', 'door', 'door', 'door', 'door', 'stair', 'stove', 'sink', 'toilet_bowl', 'vanity', 'window', 'window', 'window', 'window', 'window', 'window', 'window', 'window', 'window', 'window', 'window']",1406707.0,0.0001585262602659971,0.0017061122181093859,12495,22345,2938,2025-04-29T16:30:52.601947+00:00
309,FloorplanTest290425,3c87a0de77b9f72e802cf4e082f07cf92f7c22582c2b6f77d5559ef5c9f1d77a,Total Floor Area (Calculated),223.0,2400.0,2,29,28,241,61,27,21,2,"['door', 'door', 'door', 'door', 'door', 'door', 'door', 'door', 'door', 'door', 'door2', 'door2', 'door2', 'door2', 'stair', 'vanity', 'toilet_bowl', 'vanity', 'bathtub', 'toilet_bowl', 'window', 'window', 'window', 'window', 'window', 'window', 'window', 'window', 'window', 'window', 'shower', 'bathtub', 'door', 'door', 'door', 'door', 'door', 'door', 'door2', 'door', 'door2', 'door', 'door', 'door', 'door', 'stair', 'stove', 'sink', 'toilet_bowl', 'vanity', 'window', 'window', 'window', 'window', 'window', 'window', 'window', 'window', 'window', 'window', 'window']",1406707.0,0.0001585262602659971,0.0017061122181093859,12495,22345,2938,2025-04-29T16:30:52.601947+00:00
305,FloorplanTest290425,c5027de9209832a3a7f4dd35e25c83c963ddc35c55a8f4bd9d48edc80588851f,Total Floor Area (Calculated),115.8,1246.0,2,14,14,104,39,19,8,2,"['door', 'door', 'door', 'door', 'door', 'door2', 'door2', 'door', 'door2', 'door2', 'stair', 'shower', 'toilet_bowl', 'vanity', 'toilet_bowl', 'vanity', 'bathtub', 'window', 'window', 'window', 'window', 'window', 'door', 'door', 'door', 'door', 'door', 'door', 'door2', 'door', 'door', 'stair', 'sink', 'stove', 'toilet_bowl', 'vanity', 'window', 'window', 'window']",292743.0,0.0003955688095018497,0.004256293062515585,4335,12002,2184,2025-04-29T16:09:45.871041+00:00
298,FloorplanTest290425,30260919d30a69b7c5368a22d919b6ef63a467c8609dfb0a8c937b5ba4fc1a3f,Approximate Gross Internal Area = 290.6 sq m / 3128 sq ft (Including Garage),290.6,3128.0,2,20,19,178,59,23,20,3,"['door', 'door', 'door', 'door', 'door', 'door', 'door', 'door2', 'stair', 'stair', 'bathtub', 'bathtub', 'vanity', 'toilet_bowl', 'toilet_bowl', 'window', 'window', 'window', 'window', 'vanity', 'bathtub', 'door2', 'door2', 'door', 'door2', 'door', 'door', 'door', 'door', 'door', 'door', 'door', 'door', 'door', 'door', 'door', 'stair', 'stove', 'sink', 'window', 'sink', 'window', 'toilet_bowl', 'window', 'window', 'vanity', 'window', 'window', 'window', 'window', 'window', 'window', 'window', 'window', 'window', 'vanity', 'window', 'window', 'window']",1209951.0,0.00024017501535186138,0.0025852286580200353,5355,17276,2966,2025-04-29T15:19:03.199039+00:00
294,FloorplanTest290425,a67cf43818b44217c3f4699a6ce05cfdbf04920da44d95dad483d49e5510128f,Total,177.1,1907.0,4,22,20,139,49,16,21,3,"['door', 'door', 'door', 'door', 'stair', 'shower', 'toilet_bowl', 'vanity', 'window', 'window', 'window', 'window', 'window', 'window', 'window', 'window', 'door', 'door', 'door', 'door', 'door', 'door', 'stair', 'bathtub', 'toilet_bowl', 'vanity', 'window', 'window', 'window', 'window', 'window', 'window', 'door', 'door', 'door', 'door', 'door-s', 'stair', 'sink', 'stove', 'window', 'window', 'window', 'window', 'window', 'window', 'door', 'sink', 'window']",543202.5,0.000326029427331428,0.003510661309548465,9435,19848,2790,2025-04-29T14:59:51.528836+00:00
300,FloorplanTest290425,07143fbd756254012e58427fda2c73c580ef03ab37b5c956666dcac82dc99cc5,Ground Floor: approx 163.7 sq m / 1762 sq ft (Including Half Garage),163.7,1762.0,2,23,21,141,44,18,14,2,"['door', 'door', 'door', 'door', 'door', 'door', 'door', 'stair', 'bathtub', 'vanity', 'vanity', 'toilet_bowl', 'window', 'window', 'window', 'window', 'toilet_bowl', 'window', 'window', 'window', 'window', 'door', 'door', 'door2', 'door', 'door', 'door', 'door', 'door', 'door', 'door', 'door', 'stair', 'sink', 'sink', 'stove', 'toilet_bowl', 'window', 'vanity', 'window', 'window', 'window', 'window', 'window']",860703.5,0.00019019325470385562,0.002047162582701244,8415,18108,2786,2025-04-29T15:36:14.140280+00:00
307,FloorplanTest290425,49bf3fbe10bc8e618726c4335dd54b920b5b031b6e8d66987949aa9578573ec2,Approximate Floor Area: 144.9 sq m / 1560 sq ft (Excluding Eaves / Shed),144.9,1560.0,3,20,18,200,45,17,12,4,"['door', 'door', 'door', 'door', 'stair', 'shower', 'toilet_bowl', 'bathtub', 'window', 'window', 'window', 'window', 'window', 'window', 'door2', 'door', 'door', 'door', 'door', 'door', 'door', 'door', 'door-s', 'door', 'stair', 'sink', 'stove', 'vanity', 'toilet_bowl', 'window', 'window', 'window', 'window', 'shower', 'door', 'door', 'door', 'stair', 'stair', 'vanity', 'toilet_bowl', 'window', 'window', 'bathtub', 'shower']",864796.0,0.00016755396648458133,0.0018038936350306893,8160,18015,2807,2025-04-29T16:47:00.090069+00:00
307,FloorplanTest290425,49bf3fbe10bc8e618726c4335dd54b920b5b031b6e8d66987949aa9578573ec2,Total Floor Area (Calculated),144.9,1560.0,3,20,18,200,45,17,12,4,"['door', 'door', 'door', 'door', 'stair', 'shower', 'toilet_bowl', 'bathtub', 'window', 'window', 'window', 'window', 'window', 'window', 'door2', 'door', 'door', 'door', 'door', 'door', 'door', 'door', 'door-s', 'door', 'stair', 'sink', 'stove', 'vanity', 'toilet_bowl', 'window', 'window', 'window', 'window', 'shower', 'door', 'door', 'door', 'stair', 'stair', 'vanity', 'toilet_bowl', 'window', 'window', 'bathtub', 'shower']",864796.0,0.00016755396648458133,0.0018038936350306893,8160,18015,2807,2025-04-29T16:47:00.090069+00:00
306,FloorplanTest290425,05466655d1a6366a64b66c2f31e40e9a0e3d96e70dc3c931d2536d0e7f125e91,Total = 2236 sq ft / 207.5 sq m,207.5,2236.0,3,24,22,163,54,21,17,3,"['door', 'door', 'door', 'door', 'door', 'door', 'door2', 'door', 'door-s', 'door-s', 'stair', 'shower', 'bathtub', 'toilet_bowl', 'vanity', 'vanity', 'toilet_bowl', 'window', 'window', 'window', 'window', 'window', 'window', 'door2', 'door', 'door', 'door', 'door', 'door', 'door', 'stair', 'stove', 'vanity', 'sink', 'toilet_bowl', 'window', 'window', 'window', 'window', 'window', 'window', 'window', 'window', 'window', 'window', 'door', 'door', 'door', 'door', 'stair', 'shower', 'vanity', 'toilet_bowl', 'window']",1012372.5,0.00020496408189673267,0.0022086731909450328,8670,21419,3207,2025-04-29T16:18:34.066209+00:00
308,FloorplanTest290425,01e54877a1b490473d83ccbafd42d53bd8e4c27df2b04e964fcc8aabb62ee5a8,Total: 190.9 sq m / 2054 sq ft,190.9,2054.0,2,31,31,206,64,32,15,4,"['door', 'door', 'door', 'door', 'door', 'door', 'door', 'door', 'door', 'door', 'door2', 'door2', 'door', 'door2', 'door', 'door', 'door2', 'stair', 'stair', 'bathtub', 'shower', 'vanity', 'toilet_bowl', 'toilet_bowl', 'window', 'vanity', 'window', 'window', 'window', 'window', 'window', 'window', 'door2', 'door', 'door', 'door', 'door', 'door', 'door', 'door', 'door', 'door', 'door', 'door', 'door-s', 'door', 'door2', 'stair', 'stair', 'stove', 'toilet_bowl', 'sink', 'window', 'window', 'window', 'window', 'sink', 'window', 'window', 'vanity', 'window', 'shower', 'vanity', 'window']",677352.5,0.0002818325760959028,0.003032394506553087,12495,24033,3396,2025-04-29T16:24:39.025120+00:00
305,FloorplanTest290425,c5027de9209832a3a7f4dd35e25c83c963ddc35c55a8f4bd9d48edc80588851f,Approximate Area = 1246 sq ft / 115.8 sq m,115.8,1246.0,2,14,14,104,39,19,8,2,"['door', 'door', 'door', 'door', 'door', 'door2', 'door2', 'door', 'door2', 'door2', 'stair', 'shower', 'toilet_bowl', 'vanity', 'toilet_bowl', 'vanity', 'bathtub', 'window', 'window', 'window', 'window', 'window', 'door', 'door', 'door', 'door', 'door', 'door', 'door2', 'door', 'door', 'stair', 'sink', 'stove', 'toilet_bowl', 'vanity', 'window', 'window', 'window']",292743.0,0.0003955688095018497,0.004256293062515585,4335,12002,2184,2025-04-29T16:09:45.871041+00:00
299,FloorplanTest290425,dcd528499fc37c4ea68c6b87774d2d22893a69e7b5b7344b227e16da0064af33,Ground Floor: approx 99.2 sq m / 1067 sq ft,99.2,1067.0,,,,,,,,,,,,,,,,2025-04-29T15:29:08.740602+00:00
299,FloorplanTest290425,dcd528499fc37c4ea68c6b87774d2d22893a69e7b5b7344b227e16da0064af33,Garage: 28.2 sq m / 303 sq ft,28.2,303.0,,,,,,,,,,,,,,,,2025-04-29T15:29:08.740602+00:00
299,FloorplanTest290425,dcd528499fc37c4ea68c6b87774d2d22893a69e7b5b7344b227e16da0064af33,Brick Store: 7.5 sq m / 80 sq ft,7.5,80.0,,,,,,,,,,,,,,,,2025-04-29T15:29:08.740602+00:00
299,FloorplanTest290425,dcd528499fc37c4ea68c6b87774d2d22893a69e7b5b7344b227e16da0064af33,Total: 202 sq m / 2172 sq ft,202.0,2172.0,3,21,18,177,58,21,18,2,"['door', 'door', 'door', 'door', 'door', 'door', 'door', 'door', 'door2', 'door-s', 'stair', 'shower', 'shower', 'bathtub', 'toilet_bowl', 'toilet_bowl', 'window', 'window', 'vanity', 'window', 'window', 'window', 'window', 'window', 'window', 'vanity', 'window', 'door', 'door', 'window', 'window', 'sofa', 'sofa', 'bed', 'door', 'door', 'door', 'door', 'door', 'door-s', 'door', 'door', 'door-s', 'stair', 'shower', 'stove', 'vanity', 'sink', 'toilet_bowl', 'window', 'toilet_bowl', 'window', 'window', 'sink', 'window', 'window', 'window', 'window']",1051680.5,0.0001920735432481633,0.002065266019480251,7650,18374,3107,2025-04-29T15:29:08.740602+00:00
303,FloorplanTest290425,d2ad7ab54b47354c93ffa20beaa4dc42b7a144e56fb3c047338533281f41e41c,Approximate Gross Internal Area: 1591 sq ft / 147.8 sq m,147.8,1591.0,,,,,,,,,,,,,,,,2025-04-29T15:57:22.433264+00:00
303,FloorplanTest290425,d2ad7ab54b47354c93ffa20beaa4dc42b7a144e56fb3c047338533281f41e41c,Kitchen: 128 x 11' (3.9m x 3.4m),13.26,142.74,,,,,,,,,,,,,,,,2025-04-29T15:57:22.433264+00:00
303,FloorplanTest290425,d2ad7ab54b47354c93ffa20beaa4dc42b7a144e56fb3c047338533281f41e41c,Dining Area: 13' x 7'9 (4.0m x 2.3m),9.2,99.2,,,,,,,,,,,,,,,,2025-04-29T15:57:22.433264+00:00
303,FloorplanTest290425,d2ad7ab54b47354c93ffa20beaa4dc42b7a144e56fb3c047338533281f41e41c,Living Room: 13' x 10'5 (4.0m x 3.2m),12.8,137.8,,,,,,,,,,,,,,,,2025-04-29T15:57:22.433264+00:00
303,FloorplanTest290425,d2ad7ab54b47354c93ffa20beaa4dc42b7a144e56fb3c047338533281f41e41c,Sitting Room: 13' x 10'6 (3.9m x 3.2m),12.48,134.3,,,,,,,,,,,,,,,,2025-04-29T15:57:22.433264+00:00
303,FloorplanTest290425,d2ad7ab54b47354c93ffa20beaa4dc42b7a144e56fb3c047338533281f41e41c,Ground Floor: 26'2 x 8'5 (7.9m x 2.6m),20.54,221.1,,,,,,,,,,,,,,,,2025-04-29T15:57:22.433264+00:00
303,FloorplanTest290425,d2ad7ab54b47354c93ffa20beaa4dc42b7a144e56fb3c047338533281f41e41c,Bedroom: 12'9 x 11'6 (3.9m x 3.5m),13.65,146.94,,,,,,,,,,,,,,,,2025-04-29T15:57:22.433264+00:00
303,FloorplanTest290425,d2ad7ab54b47354c93ffa20beaa4dc42b7a144e56fb3c047338533281f41e41c,Bedroom: 10'10 x 8'1 (3.3m x 2.5m),8.25,88.8,,,,,,,,,,,,,,,,2025-04-29T15:57:22.433264+00:00
303,FloorplanTest290425,d2ad7ab54b47354c93ffa20beaa4dc42b7a144e56fb3c047338533281f41e41c,Bedroom: 13' x 10'6 (4.0m x 3.2m),12.8,137.8,,,,,,,,,,,,,,,,2025-04-29T15:57:22.433264+00:00
303,FloorplanTest290425,d2ad7ab54b47354c93ffa20beaa4dc42b7a144e56fb3c047338533281f41e41c,Total Floor Area (Calculated),250.78,2699.6800000000003,2,18,18,97,48,21,15,2,"['door', 'door', 'door', 'door', 'door', 'door', 'door', 'stair', 'toilet_bowl', 'toilet_bowl', 'window', 'window', 'window', 'vanity', 'window', 'window', 'bathtub', 'window', 'door', 'door2', 'door', 'door2', 'door', 'door', 'door', 'door', 'door', 'door', 'door', 'door-s', 'door', 'door', 'stair', 'stove', 'toilet_bowl', 'sink', 'window', 'vanity', 'window', 'window', 'window', 'window', 'stove', 'window', 'window', 'window', 'shower', 'window']",205331.0,0.001221345047752166,0.013147941616219667,6375,14838,2692,2025-04-29T15:57:22.433264+00:00
320,FloorplanTest290425,e1ebb88a0f6207dcc1062eaa967e262b733cf415200415f7cacba0eb97cc80c9,Approximate Gross Internal Area Main House = 1300 Sq Ft / 120.8 Sq M,120.8,1300.0,3,14,14,133,37,16,10,3,"['door', 'door', 'door', 'door-s', 'stair', 'bathtub', 'toilet_bowl', 'window', 'window', 'window', 'vanity', 'window', 'door', 'door', 'door', 'door', 'door2', 'door', 'door-s', 'stair', 'sink', 'vanity', 'toilet_bowl', 'window', 'window', 'window', 'door', 'door', 'door', 'door', 'door-s', 'stair', 'toilet_bowl', 'vanity', 'window', 'window', 'window']",1208867.0,9.99282799513925e-05,0.0010753871186822042,6630,14939,1834,2025-04-29T17:47:32.289690+00:00
320,FloorplanTest290425,e1ebb88a0f6207dcc1062eaa967e262b733cf415200415f7cacba0eb97cc80c9,Total Floor Area (Calculated),120.8,1300.0,3,14,14,133,37,16,10,3,"['door', 'door', 'door', 'door-s', 'stair', 'bathtub', 'toilet_bowl', 'window', 'window', 'window', 'vanity', 'window', 'door', 'door', 'door', 'door', 'door2', 'door', 'door-s', 'stair', 'sink', 'vanity', 'toilet_bowl', 'window', 'window', 'window', 'door', 'door', 'door', 'door', 'door-s', 'stair', 'toilet_bowl', 'vanity', 'window', 'window', 'window']",1208867.0,9.99282799513925e-05,0.0010753871186822042,6630,14939,1834,2025-04-29T17:47:32.289690+00:00
319,FloorplanTest290425,6ea2a3e8c8f8159d330696b12056d6d331b278bf1efd876600e0d700a6f4b7a4,Approximate Area = 2444 sq ft / 227 sq m,227.0,2444.0,,,,,,,,,,,,,,,,2025-04-29T17:41:22.478245+00:00
319,FloorplanTest290425,6ea2a3e8c8f8159d330696b12056d6d331b278bf1efd876600e0d700a6f4b7a4,Limited Use Area(s) = 25 sq ft / 2.3 sq m,2.3,25.0,,,,,,,,,,,,,,,,2025-04-29T17:41:22.478245+00:00
319,FloorplanTest290425,6ea2a3e8c8f8159d330696b12056d6d331b278bf1efd876600e0d700a6f4b7a4,Garage = 77 sq ft / 7.2 sq m,7.2,77.0,,,,,,,,,,,,,,,,2025-04-29T17:41:22.478245+00:00
313,FloorplanTest290425,97f9fa2b4745f0d8aa6f77e48d7b694161c8d54c97ec41ba980800ddf239b07b,"Total floor area 197.6 m² (2,127 sq.ft.) approx",197.6,2127.0,2,22,22,137,59,23,20,1,"['door', 'door', 'door', 'door', 'door', 'door', 'door', 'door', 'door', 'door2', 'door2', 'door2', 'door2', 'stair', 'bathtub', 'bathtub', 'vanity', 'toilet_bowl', 'window', 'vanity', 'toilet_bowl', 'window', 'vanity', 'bathtub', 'toilet_bowl', 'window', 'window', 'window', 'window', 'window', 'window', 'window', 'door2', 'door', 'door', 'door', 'door', 'door', 'door', 'door', 'door', 'door', 'sink', 'toilet_bowl', 'stove', 'window', 'window', 'window', 'window', 'window', 'window', 'window', 'window', 'window', 'sink', 'window', 'window', 'vanity', 'toilet_bowl']",658089.0,0.000300263338241484,0.0032320856297552458,4335,16389,3700,2025-04-29T16:59:08.527083+00:00
316,FloorplanTest290425,d93a0b7aae37cfc5dba40d262d4a30d37aa8ce0c1391cc71c5b540f46ba94ace,Total Floor Area (Calculated),378.8,4078.0,2,19,19,122,46,18,9,5,"['door', 'door', 'door', 'door', 'door', 'door', 'door2', 'door', 'door', 'stair', 'stair', 'stair', 'bathtub', 'bathtub', 'bathtub', 'toilet_bowl', 'toilet_bowl', 'vanity', 'toilet_bowl', 'vanity', 'vanity', 'window', 'window', 'window', 'window', 'vanity', 'door2', 'door2', 'door2', 'door', 'door', 'door2', 'door', 'door', 'door', 'stair', 'stair', 'vanity', 'sink', 'toilet_bowl', 'stove', 'window', 'window', 'window', 'window', 'window']",336783.0,0.0011247598602067207,0.012108687196206459,5865,14719,2906,2025-04-29T17:20:14.222866+00:00
318,FloorplanTest290425,a7ed9490a4d0d64ae6fa5056f393c4b716af2eb9b0e7c17e4baf5aa4869b873f,Bedroom (First Floor): 107 (3.22) to bay x 8 (2.45) max,2.45,107.0,,,,,,,,,,,,,,,,2025-04-29T17:34:21.513879+00:00
318,FloorplanTest290425,a7ed9490a4d0d64ae6fa5056f393c4b716af2eb9b0e7c17e4baf5aa4869b873f,Approximate Area: 1558 sq ft / 144.7 sq m (Including Limited Use Area(s) = 90 sq ft / 8.3 sq m),144.7,1558.0,,,,,,,,,,,,,,,,2025-04-29T17:34:21.513879+00:00
318,FloorplanTest290425,a7ed9490a4d0d64ae6fa5056f393c4b716af2eb9b0e7c17e4baf5aa4869b873f,Garage = 200 sq ft / 18.5 sq m,18.5,200.0,,,,,,,,,,,,,,,,2025-04-29T17:34:21.513879+00:00
318,FloorplanTest290425,a7ed9490a4d0d64ae6fa5056f393c4b716af2eb9b0e7c17e4baf5aa4869b873f,Outbuilding = 57 sq ft / 5.2 sq m,5.2,57.0,,,,,,,,,,,,,,,,2025-04-29T17:34:21.513879+00:00
316,FloorplanTest290425,d93a0b7aae37cfc5dba40d262d4a30d37aa8ce0c1391cc71c5b540f46ba94ace,"Ground Floor: Floor area 106.6 sq.m. (1,148 sq.ft.)",106.6,1148.0,,,,,,,,,,,,,,,,2025-04-29T17:20:14.222866+00:00
316,FloorplanTest290425,d93a0b7aae37cfc5dba40d262d4a30d37aa8ce0c1391cc71c5b540f46ba94ace,First Floor: Floor area 82.8 sq.m. (891 sq.ft.),82.8,891.0,,,,,,,,,,,,,,,,2025-04-29T17:20:14.222866+00:00
316,FloorplanTest290425,d93a0b7aae37cfc5dba40d262d4a30d37aa8ce0c1391cc71c5b540f46ba94ace,"TOTAL: 189.4 sq.m. (2,039 sq.ft.)",189.4,2039.0,,,,,,,,,,,,,,,,2025-04-29T17:20:14.222866+00:00
321,FloorplanTest290425,799ed35dc88f88dad029019a83f27ea34c321ebf4e84afc08ca5f7518f51637e,Total Floor Area (Calculated),116.5,1254.0,3,18,18,131,43,17,12,4,"['door', 'door', 'door', 'door', 'door', 'door', 'door', 'stair', 'stair', 'vanity', 'toilet_bowl', 'window', 'window', 'window', 'window', 'shower', 'window', 'bathtub', 'door', 'door', 'door', 'door2', 'door2', 'door', 'door', 'door', 'sink', 'stove', 'window', 'window', 'window', 'window', 'window', 'window', 'window', 'door', 'door', 'stair', 'stair', 'shower', 'vanity', 'toilet_bowl', 'stove']",902543.5,0.00012907965100851095,0.0013894067155765899,8670,18072,2066,2025-04-29T18:01:41.345856+00:00
312,FloorplanTest290425,0a97266c5f06638cfeb9ad31f4c5811e6eae4dcb3879896683c48bba8d57c54b,Approximate Gross Internal Area = 1606 sq ft / 149.2 sq m (Excluding Reduced Headroom),149.2,1606.0,,,,,,,,,,,,,,,,2025-04-29T16:53:01.659578+00:00
312,FloorplanTest290425,0a97266c5f06638cfeb9ad31f4c5811e6eae4dcb3879896683c48bba8d57c54b,Reduced Headroom = 5 sq ft / 0.5 sq m,0.5,5.0,,,,,,,,,,,,,,,,2025-04-29T16:53:01.659578+00:00
312,FloorplanTest290425,0a97266c5f06638cfeb9ad31f4c5811e6eae4dcb3879896683c48bba8d57c54b,Total = 1611 sq ft / 149.7 sq m,149.7,1611.0,2,17,16,138,44,17,13,2,"['door', 'door', 'door', 'door', 'door', 'door', 'door', 'stair', 'bathtub', 'vanity', 'toilet_bowl', 'vanity', 'toilet_bowl', 'window', 'window', 'window', 'window', 'window', 'window', 'bathtub', 'window', 'shower', 'door', 'door', 'door', 'door', 'door', 'door', 'door', 'door', 'door', 'door', 'stair', 'shower', 'stove', 'toilet_bowl', 'sink', 'vanity', 'window', 'window', 'window', 'window', 'window', 'window']",750900.0,0.00019936076707950459,0.0021454254894127047,7395,15210,2150,2025-04-29T16:53:01.659578+00:00
332,FloorplanTest290425,a6b95cfe5b46ee8988622e9212a082f23185eccc7132d6edbcf0525aebc3f864,Outbuilding: 19.2 sq. m (206.7 sq. ft),19.2,206.7,,,,,,,,,,,,,,,,2025-04-29T17:56:37.451993+00:00
333,FloorplanTest290425,e9a78798fd0c1e5792963fb480dd55b2a9097fa0160a495a8a08b505a3a7f9f4,Approximate Area: 1398 sq ft / 129.8 sq m,129.8,1398.0,,,,,,,,,,,,,,,,2025-04-29T18:00:39.478926+00:00
333,FloorplanTest290425,e9a78798fd0c1e5792963fb480dd55b2a9097fa0160a495a8a08b505a3a7f9f4,Outbuildings = 233 sq ft / 21.6 sq m,21.6,233.0,,,,,,,,,,,,,,,,2025-04-29T18:00:39.478926+00:00
333,FloorplanTest290425,e9a78798fd0c1e5792963fb480dd55b2a9097fa0160a495a8a08b505a3a7f9f4,Total = 1631 sq ft / 151.4 sq m,151.4,1631.0,2,10,10,65,23,10,6,1,"['door', 'door', 'door', 'door', 'door', 'door2', 'door', 'door', 'door-s', 'stair', 'vanity', 'window', 'toilet_bowl', 'toilet_bowl', 'window', 'bathtub', 'window', 'shower', 'window', 'window', 'window', 'shower', 'door2']",157786.0,0.0009595274612449774,0.010336785266119934,5865,10363,1329,2025-04-29T18:00:39.478926+00:00
327,FloorplanTest290425,0bafe224ce5e9cbdfb3625265d2631c48aca117d1fc1899861d56851a3af6c8b,Approximate Area: 2219 sq ft / 206.1 sq m,206.1,2219.0,1,17,17,111,52,19,15,1,"['door2', 'door', 'door', 'door', 'door', 'door', 'door', 'door', 'door', 'door', 'door', 'door', 'door', 'door', 'door', 'door', 'door-s', 'door', 'door-s', 'stair', 'bathtub', 'sink', 'toilet_bowl', 'window', 'window', 'vanity', 'window', 'vanity', 'toilet_bowl', 'stove', 'vanity', 'sink', 'window', 'toilet_bowl', 'window', 'window', 'window', 'window', 'window', 'window', 'vanity', 'vanity', 'window', 'window', 'shower', 'bed', 'window', 'shower', 'window', 'shower', 'bathtub', 'window']",897951.0,0.00022952254633047905,0.0024711816123596944,5610,14652,2689,2025-04-29T18:04:40.790991+00:00
327,FloorplanTest290425,0bafe224ce5e9cbdfb3625265d2631c48aca117d1fc1899861d56851a3af6c8b,Total Floor Area (Calculated),206.1,2219.0,1,17,17,111,52,19,15,1,"['door2', 'door', 'door', 'door', 'door', 'door', 'door', 'door', 'door', 'door', 'door', 'door', 'door', 'door', 'door', 'door', 'door-s', 'door', 'door-s', 'stair', 'bathtub', 'sink', 'toilet_bowl', 'window', 'window', 'vanity', 'window', 'vanity', 'toilet_bowl', 'stove', 'vanity', 'sink', 'window', 'toilet_bowl', 'window', 'window', 'window', 'window', 'window', 'window', 'vanity', 'vanity', 'window', 'window', 'shower', 'bed', 'window', 'shower', 'window', 'shower', 'bathtub', 'window']",897951.0,0.00022952254633047905,0.0024711816123596944,5610,14652,2689,2025-04-29T18:04:40.790991+00:00
334,FloorplanTest290425,30edfaa742f607028c03f88fe77fb79231066ed3be8a26d726978863c98ac0dc,First Floor Area 655 sq ft - 61 sq m,61.0,655.0,,,,,,,,,,,,,,,,2025-04-29T18:07:48.575568+00:00
334,FloorplanTest290425,30edfaa742f607028c03f88fe77fb79231066ed3be8a26d726978863c98ac0dc,Total Floor Area (Calculated),336.0,3616.0,2,34,31,188,63,31,18,3,"['door', 'door', 'door', 'door', 'door', 'door', 'door', 'door', 'door', 'door', 'door', 'door', 'door2', 'door2', 'stair', 'stair', 'bathtub', 'sink', 'toilet_bowl', 'toilet_bowl', 'vanity', 'vanity', 'window', 'window', 'window', 'window', 'window', 'window', 'window', 'door', 'door', 'door', 'door', 'door', 'door', 'door', 'door', 'door', 'door', 'door', 'door', 'door', 'door', 'door2', 'door2', 'door-s', 'stair', 'stove', 'sink', 'window', 'window', 'window', 'vanity', 'toilet_bowl', 'window', 'window', 'window', 'window', 'window', 'window', 'window', 'bed', 'window']",580415.0,0.0005788961346622675,0.006230025068270117,12495,22838,3455,2025-04-29T18:07:48.575568+00:00
317,FloorplanTest290425,d4c1efa11c7817641452fa688ee8e0c88d6573bb86536c69755d7d2d3e58d3b1,Ground Floor: 490 sq ft / 45.5 sq m,45.5,490.0,,,,,,,,,,,,,,,,2025-04-29T17:28:15.313470+00:00
317,FloorplanTest290425,d4c1efa11c7817641452fa688ee8e0c88d6573bb86536c69755d7d2d3e58d3b1,First Floor: 468 sq ft / 43.5 sq m,43.5,468.0,,,,,,,,,,,,,,,,2025-04-29T17:28:15.313470+00:00
317,FloorplanTest290425,d4c1efa11c7817641452fa688ee8e0c88d6573bb86536c69755d7d2d3e58d3b1,Approximate Gross Internal Area: 958 sq ft / 89.0 sq m,89.0,958.0,,,,,,,,,,,,,,,,2025-04-29T17:28:15.313470+00:00
317,FloorplanTest290425,d4c1efa11c7817641452fa688ee8e0c88d6573bb86536c69755d7d2d3e58d3b1,Total Floor Area (Calculated),178.0,1916.0,2,14,13,115,34,14,11,4,"['door', 'door', 'door', 'door', 'door2', 'door2', 'door2', 'door', 'door2', 'stair', 'stair', 'stair', 'toilet_bowl', 'bathtub', 'vanity', 'window', 'window', 'window', 'window', 'window', 'window', 'window', 'door', 'door', 'door', 'door', 'door', 'stair', 'sink', 'stove', 'window', 'window', 'window', 'window']",680423.0,0.0002616019740661324,0.002815895406239942,6375,15221,2109,2025-04-29T17:28:15.313470+00:00
322,FloorplanTest290425,1c997e2fcd3d58aecdc90f6f8d2499ad7b8e09f31f835da50dd3653f28f6e271,Total Floor Area: 1362 sq.ft (126.5 sq.m) approx,126.5,1362.0,1,13,9,126,39,14,10,0,"['door2', 'door', 'door', 'door', 'door', 'door', 'door', 'door', 'door', 'door', 'door', 'door', 'door', 'door', 'bathtub', 'shower', 'stove', 'toilet_bowl', 'toilet_bowl', 'bed', 'vanity', 'stove', 'sink', 'toilet_bowl', 'vanity', 'window', 'toilet_bowl', 'window', 'sink', 'window', 'window', 'window', 'vanity', 'window', 'window', 'window', 'window', 'shower', 'window']",1390383.0,9.098212506913562e-05,0.0009795862003491125,1530,9913,2524,2025-04-29T18:09:51.735035+00:00
328,FloorplanTest290425,e94cc17ee8b5bb24a18767c8ab0809fd8af04e6249be980193464147d5c5eeb1,Approximate Area = 1896 sq ft / 176.1 sq m (includes garage),176.1,1896.0,,,,,,,,,,,,,,,,2025-04-29T18:11:45.470887+00:00
328,FloorplanTest290425,e94cc17ee8b5bb24a18767c8ab0809fd8af04e6249be980193464147d5c5eeb1,Out House = 143 sq ft / 13.3 sq m,13.3,143.0,,,,,,,,,,,,,,,,2025-04-29T18:11:45.470887+00:00
328,FloorplanTest290425,e94cc17ee8b5bb24a18767c8ab0809fd8af04e6249be980193464147d5c5eeb1,Total = 2039 sq ft / 189.4 sq m,189.4,2039.0,2,29,28,204,55,25,18,2,"['door', 'door', 'door', 'door', 'door', 'door', 'door', 'door', 'door', 'door', 'door', 'door', 'door2', 'stair', 'bathtub', 'shower', 'toilet_bowl', 'vanity', 'toilet_bowl', 'window', 'window', 'window', 'window', 'window', 'window', 'window', 'window', 'window', 'vanity', 'door2', 'door', 'door', 'door', 'door', 'door', 'door', 'door', 'door', 'door', 'door', 'door', 'stair', 'toilet_bowl', 'sink', 'stove', 'window', 'window', 'window', 'window', 'vanity', 'window', 'window', 'window', 'window', 'window']",350573.5,0.0005402576064648355,0.005816184052702215,11985,21265,3107,2025-04-29T18:11:45.470887+00:00
334,FloorplanTest290425,30edfaa742f607028c03f88fe77fb79231066ed3be8a26d726978863c98ac0dc,Approximate Gross Internal Area 1808 sq ft - 168 sq m,168.0,1808.0,,,,,,,,,,,,,,,,2025-04-29T18:07:48.575568+00:00
334,FloorplanTest290425,30edfaa742f607028c03f88fe77fb79231066ed3be8a26d726978863c98ac0dc,Ground Floor Area 1153 sq ft - 107 sq m,107.0,1153.0,,,,,,,,,,,,,,,,2025-04-29T18:07:48.575568+00:00
318,FloorplanTest290425,a7ed9490a4d0d64ae6fa5056f393c4b716af2eb9b0e7c17e4baf5aa4869b873f,Total = 1905 sq ft / 176.7 sq m,176.7,1905.0,3,24,18,167,68,25,27,6,"['door', 'door', 'door', 'door', 'door', 'door', 'door2', 'door', 'stair', 'stair', 'bathtub', 'toilet_bowl', 'window', 'vanity', 'window', 'window', 'window', 'window', 'window', 'window', 'window', 'window', 'window', 'window', 'window', 'door2', 'door2', 'door2', 'door', 'door', 'door', 'door', 'door', 'door', 'door', 'door2', 'door', 'stair', 'vanity', 'sink', 'stove', 'toilet_bowl', 'window', 'window', 'window', 'window', 'window', 'window', 'window', 'window', 'window', 'window', 'window', 'window', 'door', 'door', 'door2', 'door2', 'door2', 'stair', 'stair', 'stair', 'toilet_bowl', 'vanity', 'window', 'shower', 'window', 'window']",334920.0,0.0005275886778932282,0.005714797563597277,8160,17727,3400,2025-04-29T17:34:21.513879+00:00
323,FloorplanTest290425,9609ea9151b4366ad45e89591b85d5c71d4be899a0773f8f69a23fa8dd5eba28,Approximate Area = 1316 sq ft / 122.3 sq m,122.3,1316.0,,,,,,,,,,,,,,,,2025-04-29T18:18:59.364604+00:00
323,FloorplanTest290425,9609ea9151b4366ad45e89591b85d5c71d4be899a0773f8f69a23fa8dd5eba28,Limited Use Area(s) = 111 sq ft / 10.3 sq m,10.3,111.0,,,,,,,,,,,,,,,,2025-04-29T18:18:59.364604+00:00
323,FloorplanTest290425,9609ea9151b4366ad45e89591b85d5c71d4be899a0773f8f69a23fa8dd5eba28,Garage = 149 sq ft / 13.8 sq m,13.8,149.0,,,,,,,,,,,,,,,,2025-04-29T18:18:59.364604+00:00
323,FloorplanTest290425,9609ea9151b4366ad45e89591b85d5c71d4be899a0773f8f69a23fa8dd5eba28,Total = 1576 sq ft / 146.4 sq m,146.4,1576.0,4,17,16,140,36,17,10,1,"['door', 'door', 'door', 'door2', 'door-s', 'stair', 'bathtub', 'vanity', 'toilet_bowl', 'door', 'window', 'door2', 'door2', 'door', 'door', 'door', 'door', 'door', 'door', 'door', 'door', 'door2', 'bathtub', 'sink', 'stove', 'vanity', 'toilet_bowl', 'window', 'window', 'window', 'window', 'window', 'window', 'window', 'window', 'window']",659178.5,0.0002220946223215715,0.002390854677450797,7905,17250,2529,2025-04-29T18:18:59.364604+00:00
319,FloorplanTest290425,6ea2a3e8c8f8159d330696b12056d6d331b278bf1efd876600e0d700a6f4b7a4,Total = 2546 sq ft / 236.5 sq m,236.5,2546.0,2,21,20,133,58,22,22,2,"['door', 'door', 'door', 'door', 'door', 'door', 'door', 'door', 'door2', 'stair', 'bathtub', 'bathtub', 'shower', 'toilet_bowl', 'vanity', 'window', 'window', 'window', 'window', 'shower', 'window', 'window', 'window', 'door2', 'door2', 'door', 'door2', 'door', 'door', 'door', 'door', 'door', 'door', 'door', 'door', 'door-s', 'stair', 'sink', 'stove', 'toilet_bowl', 'window', 'window', 'vanity', 'window', 'window', 'window', 'window', 'window', 'window', 'window', 'window', 'window', 'sink', 'window', 'window', 'vanity', 'window', 'window']",940205.0,0.00025154088735967155,0.0027079200812588746,5865,16867,3084,2025-04-29T17:41:22.478245+00:00
310,FloorplanTest290425,5df7bbd55b0821a6ab23f808076b4a2a6f8068a220d75a1ef932dbdc405bb632,Ground Floor: 774 sq.ft (71.9 sq.m.) approx.,71.9,774.0,,,,,,,,,,,,,,,,2025-04-29T16:37:51.264509+00:00
310,FloorplanTest290425,5df7bbd55b0821a6ab23f808076b4a2a6f8068a220d75a1ef932dbdc405bb632,1st Floor: 573 sq.ft. (53.2 sq.m.) approx.,53.2,573.0,,,,,,,,,,,,,,,,2025-04-29T16:37:51.264509+00:00
310,FloorplanTest290425,5df7bbd55b0821a6ab23f808076b4a2a6f8068a220d75a1ef932dbdc405bb632,Total Floor Area: 1347 sq.ft. (125.1 sq.m.) approx.,125.1,1347.0,1,20,19,143,38,17,9,1,"['door', 'door', 'door', 'door', 'door', 'door', 'door', 'door', 'door', 'door', 'door', 'door', 'door', 'door', 'door-s', 'door-s', 'door2', 'stair', 'sink', 'toilet_bowl', 'bathtub', 'stove', 'vanity', 'toilet_bowl', 'toilet_bowl', 'window', 'window', 'window', 'window', 'window', 'window', 'window', 'window', 'bathtub', 'vanity', 'window', 'sink', 'vanity']",1559016.0,8.024292245878169e-05,0.0008640065271940762,6630,14517,2396,2025-04-29T16:37:51.264509+00:00
325,FloorplanTest290425,d6967bf1526f237e3b63e813484f0fc6ec4d1b60c4e9bfaa006b3d7f84897e1e,Ground Floor: approx 1013 sq.ft (94.1 sq.m),94.1,1013.0,,,,,,,,,,,,,,,,2025-04-29T17:52:32.154462+00:00
325,FloorplanTest290425,d6967bf1526f237e3b63e813484f0fc6ec4d1b60c4e9bfaa006b3d7f84897e1e,1st Floor: approx 787 sq.ft (73.1 sq.m),73.1,787.0,,,,,,,,,,,,,,,,2025-04-29T17:52:32.154462+00:00
325,FloorplanTest290425,d6967bf1526f237e3b63e813484f0fc6ec4d1b60c4e9bfaa006b3d7f84897e1e,Total Floor Area: approx 1800 sq.ft (167.2 sq.m),167.2,1800.0,2,20,13,119,45,21,13,0,"['door', 'door', 'door', 'door', 'door', 'door', 'door', 'door', 'door', 'door', 'door', 'door', 'door', 'door', 'door', 'door', 'door2', 'door', 'door', 'door2', 'door2', 'stove', 'bathtub', 'vanity', 'vanity', 'sink', 'bathtub', 'toilet_bowl', 'toilet_bowl', 'toilet_bowl', 'vanity', 'window', 'window', 'window', 'window', 'window', 'window', 'window', 'window', 'window', 'window', 'window', 'shower', 'window', 'window']",330483.0,0.0005059261747200309,0.0054465736512921996,5355,15491,3246,2025-04-29T17:52:32.154462+00:00
311,FloorplanTest290425,77518a4d3d76bbf8c8dc74932541d654500b24feccaa2529e90d379c5e4874ee,Approximate Area = 2168 sq ft / 201.4 sq m,201.4,2168.0,,,,,,,,,,,,,,,,2025-04-29T16:45:57.560732+00:00
311,FloorplanTest290425,77518a4d3d76bbf8c8dc74932541d654500b24feccaa2529e90d379c5e4874ee,Limited Use Area(s) = 330 sq ft / 30.6 sq m,30.6,330.0,,,,,,,,,,,,,,,,2025-04-29T16:45:57.560732+00:00
311,FloorplanTest290425,77518a4d3d76bbf8c8dc74932541d654500b24feccaa2529e90d379c5e4874ee,Total = 2498 sq ft / 232 sq m,232.0,2498.0,3,21,20,149,59,22,19,5,"['door', 'door', 'door', 'door', 'door', 'door', 'door', 'stair', 'stair', 'stair', 'bathtub', 'toilet_bowl', 'window', 'toilet_bowl', 'window', 'vanity', 'window', 'vanity', 'window', 'window', 'window', 'window', 'window', 'window', 'window', 'vanity', 'door', 'door', 'door', 'door', 'door', 'door', 'door', 'door', 'door', 'stair', 'sink', 'stove', 'window', 'window', 'window', 'window', 'toilet_bowl', 'window', 'window', 'window', 'window', 'sink', 'door', 'door', 'door2', 'door2', 'door2', 'door2', 'stair', 'shower', 'toilet_bowl', 'vanity', 'window']",152389.0,0.0015224195972150221,0.016392259283806575,7140,18006,3194,2025-04-29T16:45:57.560732+00:00
321,FloorplanTest290425,799ed35dc88f88dad029019a83f27ea34c321ebf4e84afc08ca5f7518f51637e,Approximate Area,116.5,1254.0,3,18,18,131,43,17,12,4,"['door', 'door', 'door', 'door', 'door', 'door', 'door', 'stair', 'stair', 'vanity', 'toilet_bowl', 'window', 'window', 'window', 'window', 'shower', 'window', 'bathtub', 'door', 'door', 'door', 'door2', 'door2', 'door', 'door', 'door', 'sink', 'stove', 'window', 'window', 'window', 'window', 'window', 'window', 'window', 'door', 'door', 'stair', 'stair', 'shower', 'vanity', 'toilet_bowl', 'stove']",902543.5,0.00012907965100851095,0.0013894067155765899,8670,18072,2066,2025-04-29T18:01:41.345856+00:00
331,FloorplanTest290425,0f1fdbc4ee36b999074178473bc087c192ae5632065ed9535728eee104a7aade,Approximate Gross Internal Area = 134.0 sq m / 1442 sq ft,134.0,1442.0,3,22,18,180,34,13,9,3,"['door', 'door', 'door2', 'stair', 'bathtub', 'toilet_bowl', 'vanity', 'window', 'window', 'window', 'window', 'door', 'door', 'door', 'door', 'door', 'door', 'door', 'door', 'stair', 'stove', 'sink', 'toilet_bowl', 'window', 'window', 'vanity', 'window', 'door', 'door', 'stair', 'toilet_bowl', 'window', 'sink', 'window']",989330.5,0.00013544513183410398,0.0014575513440655068,10200,19598,2270,2025-04-29T17:51:29.710877+00:00
331,FloorplanTest290425,0f1fdbc4ee36b999074178473bc087c192ae5632065ed9535728eee104a7aade,Total Floor Area (Calculated),134.0,1442.0,3,22,18,180,34,13,9,3,"['door', 'door', 'door2', 'stair', 'bathtub', 'toilet_bowl', 'vanity', 'window', 'window', 'window', 'window', 'door', 'door', 'door', 'door', 'door', 'door', 'door', 'door', 'stair', 'stove', 'sink', 'toilet_bowl', 'window', 'window', 'vanity', 'window', 'door', 'door', 'stair', 'toilet_bowl', 'window', 'sink', 'window']",989330.5,0.00013544513183410398,0.0014575513440655068,10200,19598,2270,2025-04-29T17:51:29.710877+00:00
358,FloorplanTest290425,883795a95752c7c82dd8295076e2d83005c2921f72d0220191f21d308129b368,Garage Approximate Floor Area 108 sq. ft. (10.0 sq. m.),10.0,108.0,,,,,,,,,,,,,,,,2025-04-29T19:06:39.961691+00:00
340,FloorplanTest290425,a4c852b9da1af5efcb283ad061a54f85aff1180f55d074a967ae41823020a598,Approximate Total Internal Floor Area: 2170 sq ft - 201.59 sq m (including eaves storage & restricted height area),201.59,2170.0,4,25,23,231,51,21,12,5,"['door', 'door', 'stair', 'stair', 'stair', 'window', 'window', 'window', 'window', 'window', 'door', 'door', 'door', 'door', 'shower', 'door', 'door', 'door', 'door', 'door', 'door', 'door', 'door', 'stair', 'toilet_bowl', 'sink', 'stove', 'vanity', 'window', 'window', 'bed', 'window', 'door', 'door', 'door', 'door', 'door-s', 'door2', 'door-s', 'stair', 'shower', 'shower', 'bathtub', 'toilet_bowl', 'toilet_bowl', 'vanity', 'window', 'vanity', 'window', 'window', 'window']",1120161.0,0.00017996520143086575,0.0019372215244058666,10455,21023,3290,2025-04-29T18:35:04.131479+00:00
340,FloorplanTest290425,a4c852b9da1af5efcb283ad061a54f85aff1180f55d074a967ae41823020a598,Approximate Gross Internal Floor Area of Eaves Storage & Restricted Height: 253 sq ft - 23.52 sq m,23.52,253.0,,,,,,,,,,,,,,,,2025-04-29T18:35:04.131479+00:00
322,FloorplanTest290425,1c997e2fcd3d58aecdc90f6f8d2499ad7b8e09f31f835da50dd3653f28f6e271,Ground Floor: 915 sq.ft (85.0 sq.m) approx,85.0,915.0,,,,,,,,,,,,,,,,2025-04-29T18:09:51.735035+00:00
322,FloorplanTest290425,1c997e2fcd3d58aecdc90f6f8d2499ad7b8e09f31f835da50dd3653f28f6e271,1st Floor: 253 sq.ft (23.5 sq.m) approx,23.5,253.0,,,,,,,,,,,,,,,,2025-04-29T18:09:51.735035+00:00
322,FloorplanTest290425,1c997e2fcd3d58aecdc90f6f8d2499ad7b8e09f31f835da50dd3653f28f6e271,Outbuildings: 194 sq.ft (18.0 sq.m) approx,18.0,194.0,,,,,,,,,,,,,,,,2025-04-29T18:09:51.735035+00:00
349,FloorplanTest290425,d1c3453205f53649fe52b7001a055dbe90487bb3a743af07f7449ecf9d00898e,Total Floor Area: 1518 sq.ft (141.0 sq.m) approx.,141.0,1518.0,2,14,14,81,41,20,10,2,"['door', 'door', 'door', 'door', 'door', 'stair', 'toilet_bowl', 'window', 'vanity', 'window', 'window', 'window', 'window', 'window', 'bathtub', 'window', 'door2', 'door2', 'door', 'door', 'door', 'door', 'door', 'door', 'door2', 'door', 'door', 'door', 'door', 'door2', 'door2', 'stair', 'stove', 'sink', 'toilet_bowl', 'stove', 'window', 'window', 'vanity', 'window', 'bathtub']",57298.5,0.0024607974030733787,0.026492840126704886,4845,11265,2168,2025-04-29T19:03:37.964776+00:00
348,FloorplanTest290425,8e34386dc1595c977389d7e3c26b4f344db9871358a9493bcf9d5a71742d3f11,Approximate Gross Internal Floor Area of Eaves Storage & Restricted Height: 57 sq ft - 5.30 sq m,5.3,57.0,,,,,,,,,,,,,,,,2025-04-29T18:58:13.896532+00:00
357,FloorplanTest290425,3e9ed04d5b7e958f44b3f4459093ba5bb4003fb55457e40193c0bcd2211482af,Garage = 342 sq ft / 31.8 sq m,31.8,342.0,,,,,,,,,,,,,,,,2025-04-29T19:00:36.461401+00:00
357,FloorplanTest290425,3e9ed04d5b7e958f44b3f4459093ba5bb4003fb55457e40193c0bcd2211482af,Outbuilding = 168 sq ft / 15.6 sq m,15.6,168.0,,,,,,,,,,,,,,,,2025-04-29T19:00:36.461401+00:00
357,FloorplanTest290425,3e9ed04d5b7e958f44b3f4459093ba5bb4003fb55457e40193c0bcd2211482af,Total = 2376 sq ft / 220.7 sq m,220.7,2376.0,1,23,20,136,54,25,18,0,"['door2', 'door', 'door', 'door', 'door', 'door', 'door', 'door', 'door', 'door', 'door', 'door', 'door', 'door', 'door', 'door', 'door', 'door', 'door', 'door2', 'door', 'door-s', 'door2', 'door2', 'door', 'bathtub', 'bathtub', 'toilet_bowl', 'sink', 'window', 'window', 'shower', 'window', 'sink', 'toilet_bowl', 'vanity', 'window', 'window', 'window', 'window', 'window', 'window', 'window', 'window', 'window', 'window', 'window', 'toilet_bowl', 'window', 'window', 'window', 'vanity', 'vanity', 'window']",681474.5,0.00032385657863940616,0.003486557457395691,5610,15298,3662,2025-04-29T19:00:36.461401+00:00
342,FloorplanTest290425,a6a8ca8c6f5b084dfb1b37b0a513f736af2af4f5292f1857275bd3809c5a4826,Ground Floor: approx 74.8 sq. metres (805.4 sq. feet),74.8,805.4,,,,,,,,,,,,,,,,2025-04-29T18:48:39.724699+00:00
342,FloorplanTest290425,a6a8ca8c6f5b084dfb1b37b0a513f736af2af4f5292f1857275bd3809c5a4826,First Floor: approx 62.0 sq. metres (667.3 sq. feet),62.0,667.3,,,,,,,,,,,,,,,,2025-04-29T18:48:39.724699+00:00
342,FloorplanTest290425,a6a8ca8c6f5b084dfb1b37b0a513f736af2af4f5292f1857275bd3809c5a4826,Total area: approx 136.8 sq. metres (1472.7 sq. feet),136.8,1472.7,2,17,16,125,45,18,14,3,"['door', 'door', 'door', 'door', 'door', 'door', 'door', 'door2', 'door2', 'door2', 'door2', 'door-s', 'stair', 'stair', 'bathtub', 'bathtub', 'toilet_bowl', 'vanity', 'toilet_bowl', 'vanity', 'window', 'window', 'window', 'window', 'window', 'window', 'window', 'door', 'door', 'door', 'door', 'door', 'door', 'stair', 'sink', 'toilet_bowl', 'vanity', 'stove', 'window', 'window', 'window', 'window', 'window', 'window', 'window']",1134649.0,0.00012056591950462215,0.0012979344272986625,3825,13841,2871,2025-04-29T18:48:39.724699+00:00
358,FloorplanTest290425,883795a95752c7c82dd8295076e2d83005c2921f72d0220191f21d308129b368,Ground Floor Approximate Floor Area 893 sq. ft. (83.0 sq. m.),83.0,893.0,,,,,,,,,,,,,,,,2025-04-29T19:06:39.961691+00:00
358,FloorplanTest290425,883795a95752c7c82dd8295076e2d83005c2921f72d0220191f21d308129b368,First Floor Approximate Floor Area 581 sq. ft. (54.0 sq. m.),54.0,581.0,,,,,,,,,,,,,,,,2025-04-29T19:06:39.961691+00:00
358,FloorplanTest290425,883795a95752c7c82dd8295076e2d83005c2921f72d0220191f21d308129b368,Second Floor Approximate Floor Area 377 sq. ft. (35.0 sq. m.),35.0,377.0,,,,,,,,,,,,,,,,2025-04-29T19:06:39.961691+00:00
351,FloorplanTest290425,19262d04a3f361d91b831cc6f1e2aefcd374a6b72d3ac2133d7d014686f3bd51,Ground Floor: approx 85.5 sq metres (921 sq feet),85.5,921.0,2,13,12,107,31,12,11,3,"['door', 'door', 'door', 'door', 'door', 'door', 'door', 'stair', 'bathtub', 'toilet_bowl', 'window', 'window', 'window', 'vanity', 'window', 'window', 'door2', 'door', 'door', 'door', 'door', 'stair', 'stair', 'stove', 'sink', 'window', 'window', 'window', 'window', 'window', 'window']",460496.0,0.00018566936520621243,0.002000017372572183,3825,12491,2190,2025-04-29T19:14:29.740894+00:00
351,FloorplanTest290425,19262d04a3f361d91b831cc6f1e2aefcd374a6b72d3ac2133d7d014686f3bd51,Restricted height: approx 7.2 sq metres (77 sq feet),7.2,77.0,,,,,,,,,,,,,,,,2025-04-29T19:14:29.740894+00:00
352,FloorplanTest290425,65238e06d69be105dbc099102326b66f43282af5ca8d211619f8dd4b64568242,Approximate Area: 2035 sq ft / 189 sq m,189.0,2035.0,,,,,,,,,,,,,,,,2025-04-29T19:22:18.013001+00:00
352,FloorplanTest290425,65238e06d69be105dbc099102326b66f43282af5ca8d211619f8dd4b64568242,Garage: 281 sq ft / 26.1 sq m,26.1,281.0,,,,,,,,,,,,,,,,2025-04-29T19:22:18.013001+00:00
352,FloorplanTest290425,65238e06d69be105dbc099102326b66f43282af5ca8d211619f8dd4b64568242,Total: 2316 sq ft / 215.1 sq m,215.1,2316.0,3,28,27,177,68,34,19,2,"['door', 'door', 'door', 'door', 'door', 'door', 'door', 'door-s', 'door-s', 'door', 'door-s', 'door-s', 'door', 'door-s', 'door-s', 'stair', 'bathtub', 'shower', 'bathtub', 'vanity', 'toilet_bowl', 'toilet_bowl', 'vanity', 'window', 'vanity', 'toilet_bowl', 'bathtub', 'window', 'window', 'window', 'window', 'window', 'window', 'window', 'door', 'door2', 'door2', 'door', 'door2', 'door', 'door', 'door2', 'door2', 'door', 'door', 'door', 'door', 'door', 'door', 'door', 'door', 'door2', 'door-s', 'stair', 'sink', 'sink', 'window', 'window', 'window', 'window', 'toilet_bowl', 'window', 'window', 'window', 'window', 'window', 'window', 'window']",612143.0,0.0003513884827564801,0.003783429688814542,11220,21662,3213,2025-04-29T19:22:18.013001+00:00
337,FloorplanTest290425,6fad1cfb777c85e0e2462e31a6fbde425ed867e0004d638b772b1fa4a17af4bd,Approximate Gross Internal Area: 177.5 sq m / 1911 sq ft,177.5,1911.0,,,,,,,,,,,,,,,,2025-04-29T18:24:02.394541+00:00
337,FloorplanTest290425,6fad1cfb777c85e0e2462e31a6fbde425ed867e0004d638b772b1fa4a17af4bd,Outbuildings: 79.1 sq m / 851 sq ft,79.1,851.0,,,,,,,,,,,,,,,,2025-04-29T18:24:02.394541+00:00
330,FloorplanTest290425,947237582dcdb89f152f9edc2122fd9275806dff4efcee1b5c3a3fdf583a5144,Approximate Area = 1268 sq ft / 117.8 sq m,117.8,1268.0,,,,,,,,,,,,,,,,2025-04-29T18:21:02.035001+00:00
330,FloorplanTest290425,947237582dcdb89f152f9edc2122fd9275806dff4efcee1b5c3a3fdf583a5144,Limited Use Area(s) = 97 sq ft / 9 sq m,9.0,97.0,,,,,,,,,,,,,,,,2025-04-29T18:21:02.035001+00:00
330,FloorplanTest290425,947237582dcdb89f152f9edc2122fd9275806dff4efcee1b5c3a3fdf583a5144,Total = 1365 sq ft / 126.8 sq m,126.8,1365.0,3,17,17,142,41,14,11,5,"['door', 'door', 'door', 'door', 'stair', 'stair', 'vanity', 'window', 'window', 'window', 'bathtub', 'window', 'toilet_bowl', 'shower', 'door', 'door', 'door', 'door', 'stair', 'sink', 'stove', 'window', 'window', 'window', 'window', 'window', 'sofa', 'bed', 'door', 'door', 'door', 'door', 'door2', 'door-s', 'stair', 'stair', 'vanity', 'window', 'window', 'toilet_bowl', 'vanity']",708914.5,0.00017886501122490794,0.0019254790246214458,8160,16038,2223,2025-04-29T18:21:02.035001+00:00
358,FloorplanTest290425,883795a95752c7c82dd8295076e2d83005c2921f72d0220191f21d308129b368,Total Floor Area (Calculated),182.0,1959.0,3,22,18,210,56,19,23,4,"['door', 'door', 'door', 'door', 'door', 'door', 'stair', 'stair', 'bathtub', 'vanity', 'toilet_bowl', 'window', 'window', 'window', 'window', 'window', 'window', 'window', 'door', 'door', 'door', 'door', 'door', 'door2', 'door', 'door', 'door', 'door-s', 'stair', 'vanity', 'stove', 'toilet_bowl', 'window', 'window', 'sink', 'window', 'window', 'window', 'window', 'window', 'window', 'window', 'window', 'window', 'window', 'door', 'door', 'door', 'stair', 'vanity', 'toilet_bowl', 'bathtub', 'window', 'window', 'window', 'window']",788318.5,0.0002308711516982032,0.0024850361877845058,6630,17729,3423,2025-04-29T19:06:39.961691+00:00
335,FloorplanTest290425,92975603e05b77e0242b06f88a968033be773b850decb2fb384fd477c1084ce6,Ground Floor: approx 56.1 sq. metres (604.3 sq. feet),56.1,604.3,,,,,,,,,,,,,,,,2025-04-29T18:13:54.101523+00:00
335,FloorplanTest290425,92975603e05b77e0242b06f88a968033be773b850decb2fb384fd477c1084ce6,First Floor: approx 56.4 sq. metres (606.9 sq. feet),56.4,606.9,,,,,,,,,,,,,,,,2025-04-29T18:13:54.101523+00:00
350,FloorplanTest290425,3faa1e5165916345b5d887960bc9953c95da466db1b431cc2d603ac9b434efa4,Approximate Area = 2038 sq ft / 189.3 sq m,189.3,2038.0,,,,,,,,,,,,,,,,2025-04-29T19:09:57.543953+00:00
350,FloorplanTest290425,3faa1e5165916345b5d887960bc9953c95da466db1b431cc2d603ac9b434efa4,Outbuilding = 57 sq ft / 5.3 sq m,5.3,57.0,,,,,,,,,,,,,,,,2025-04-29T19:09:57.543953+00:00
350,FloorplanTest290425,3faa1e5165916345b5d887960bc9953c95da466db1b431cc2d603ac9b434efa4,Total = 2095 sq ft / 194.6 sq m,194.6,2095.0,3,22,21,204,48,21,11,4,"['door', 'door', 'door', 'door', 'door2', 'door', 'door2', 'door2', 'stair', 'stair', 'bathtub', 'vanity', 'toilet_bowl', 'window', 'window', 'window', 'window', 'shower', 'door2', 'door2', 'door', 'door', 'door', 'door2', 'door', 'door', 'door', 'door', 'door', 'stair', 'sink', 'vanity', 'toilet_bowl', 'stove', 'window', 'window', 'sink', 'window', 'bathtub', 'window', 'window', 'window', 'door', 'door', 'stair', 'shower', 'vanity', 'window']",1136054.0,0.0001712946743728731,0.001844102481044035,9690,20851,2795,2025-04-29T19:09:57.543953+00:00
345,FloorplanTest290425,b3ff60bf6fba9bfb14a6b7f2594d49ac9b51d983f0db178bd06fc4697d8d9412,Total Approx. Gross Internal Area 127.4 sq m ... 1371 ft² (excluding garage),127.4,1371.0,4,19,16,152,47,20,10,4,"['door', 'sofa', 'door', 'door', 'door', 'door', 'door', 'door', 'door2', 'door', 'stair', 'stair', 'stove', 'sink', 'vanity', 'window', 'toilet_bowl', 'window', 'window', 'window', 'door', 'door', 'door', 'door', 'door', 'door', 'door', 'door-s', 'stair', 'bathtub', 'bathtub', 'toilet_bowl', 'toilet_bowl', 'vanity', 'window', 'vanity', 'window', 'window', 'window', 'window', 'window', 'door', 'door', 'door', 'stair', 'toilet_bowl', 'toilet_bowl']",908953.5,0.00014016118536316766,0.0015083279837747475,5355,16009,3150,2025-04-29T19:25:30.819263+00:00
353,FloorplanTest290425,7d6be01641cc74f6a0d671749c33a094bbb79caad9e2727826097342a371b5c1,Approximate Area: 2630 sq ft / 244.3 sq m,244.3,2630.0,,,,,,,,,,,,,,,,2025-04-29T19:27:47.961871+00:00
353,FloorplanTest290425,7d6be01641cc74f6a0d671749c33a094bbb79caad9e2727826097342a371b5c1,Garage: 336 sq ft / 31.2 sq m,31.2,336.0,,,,,,,,,,,,,,,,2025-04-29T19:27:47.961871+00:00
353,FloorplanTest290425,7d6be01641cc74f6a0d671749c33a094bbb79caad9e2727826097342a371b5c1,Total: 2966 sq ft / 275.5 sq m,275.5,2966.0,4,29,29,223,84,32,28,4,"['door', 'door', 'door', 'door', 'door', 'door', 'door', 'door', 'door', 'door', 'door-s', 'door2', 'door2', 'door-s', 'door2', 'door2', 'door-s', 'stair', 'stair', 'bathtub', 'bathtub', 'shower', 'toilet_bowl', 'toilet_bowl', 'window', 'vanity', 'window', 'toilet_bowl', 'window', 'vanity', 'window', 'window', 'window', 'window', 'window', 'vanity', 'shower', 'sink', 'door', 'sofa', 'sofa', 'window', 'window', 'door2', 'door', 'door', 'door2', 'door', 'door', 'door', 'door', 'door', 'door', 'door', 'stair', 'sink', 'sink', 'window', 'stove', 'toilet_bowl', 'window', 'window', 'window', 'vanity', 'window', 'window', 'window', 'window', 'window', 'window', 'window', 'window', 'window', 'window', 'window', 'window', 'window', 'window', 'door', 'door', 'door', 'stair', 'toilet_bowl', 'vanity']",603701.0,0.00045635173703538674,0.004913028138101477,10455,24096,3964,2025-04-29T19:27:47.961871+00:00
363,FloorplanTest290425,de9264a73dc54c692ab453a61998a7420bec79341b191f8eb827177f8d44bd73,Ground Floor: approx 526 sq.ft (48.9 sq.m),48.9,526.0,,,,,,,,,,,,,,,,2025-04-29T19:35:23.621972+00:00
363,FloorplanTest290425,de9264a73dc54c692ab453a61998a7420bec79341b191f8eb827177f8d44bd73,1st Floor: approx 443 sq.ft (41.2 sq.m),41.2,443.0,,,,,,,,,,,,,,,,2025-04-29T19:35:23.621972+00:00
363,FloorplanTest290425,de9264a73dc54c692ab453a61998a7420bec79341b191f8eb827177f8d44bd73,Total Floor Area: approx 969 sq.ft (90.1 sq.m),90.1,969.0,1,16,15,149,25,10,7,2,"['door', 'door', 'door', 'door', 'door', 'door', 'door', 'door', 'door', 'door', 'stair', 'stair', 'bathtub', 'sink', 'vanity', 'toilet_bowl', 'window', 'window', 'window', 'window', 'window', 'window', 'window', 'vanity', 'toilet_bowl']",2157046.5,4.177007774287666e-05,0.0004492253644045226,4590,11905,2254,2025-04-29T19:35:23.621972+00:00
354,FloorplanTest290425,6a61fa9c2c35d48263beb5a9b462b7c60a26ac444da2f8c424e17e7c665b99e0,Ground Floor Area 612 sq ft – 57 sq m,57.0,612.0,,,,,,,,,,,,,,,,2025-04-29T19:37:09.751269+00:00
354,FloorplanTest290425,6a61fa9c2c35d48263beb5a9b462b7c60a26ac444da2f8c424e17e7c665b99e0,First Floor Area 585 sq ft – 54 sq m,54.0,585.0,,,,,,,,,,,,,,,,2025-04-29T19:37:09.751269+00:00
354,FloorplanTest290425,6a61fa9c2c35d48263beb5a9b462b7c60a26ac444da2f8c424e17e7c665b99e0,Second Floor Area 308 sq ft – 29 sq m,29.0,308.0,,,,,,,,,,,,,,,,2025-04-29T19:37:09.751269+00:00
354,FloorplanTest290425,6a61fa9c2c35d48263beb5a9b462b7c60a26ac444da2f8c424e17e7c665b99e0,Approximate Gross Internal Area 1505 sq ft – 140 sq m,140.0,1505.0,,,,,,,,,,,,,,,,2025-04-29T19:37:09.751269+00:00
354,FloorplanTest290425,6a61fa9c2c35d48263beb5a9b462b7c60a26ac444da2f8c424e17e7c665b99e0,Total Floor Area (Calculated),280.0,3010.0,3,22,22,180,51,26,10,4,"['door', 'door', 'door', 'door2', 'door', 'door2', 'door', 'door', 'door', 'door', 'door2', 'door', 'stair', 'stair', 'window', 'toilet_bowl', 'window', 'window', 'window', 'window', 'shower', 'window', 'vanity', 'door', 'door', 'door', 'door', 'door', 'door', 'door2', 'door', 'stair', 'stove', 'sink', 'window', 'window', 'sink', 'door', 'door', 'door', 'door', 'door', 'door2', 'stair', 'shower', 'bathtub', 'toilet_bowl', 'window', 'vanity', 'window', 'shower']",380975.0,0.0007349563619660083,0.00790078089113459,9690,17743,2586,2025-04-29T19:37:09.751269+00:00
332,FloorplanTest290425,a6b95cfe5b46ee8988622e9212a082f23185eccc7132d6edbcf0525aebc3f864,"Total area (approx.): 139.3 sq. m (1,499.4 sq. ft)",139.3,1499.4,4,21,20,151,53,20,18,3,"['door', 'door', 'door', 'door', 'stair', 'toilet_bowl', 'bathtub', 'window', 'window', 'window', 'window', 'window', 'window', 'window', 'window', 'window', 'window', 'vanity', 'door', 'door', 'door', 'door', 'door', 'door', 'door', 'door2', 'door', 'door', 'stair', 'sink', 'sink', 'stove', 'window', 'window', 'window', 'window', 'door', 'door2', 'sink', 'vanity', 'toilet_bowl', 'window', 'door', 'door', 'door2', 'door', 'stair', 'shower', 'vanity', 'toilet_bowl', 'window', 'window', 'window']",1267659.5,0.00010988755261172263,0.001182809737157336,9435,20337,2678,2025-04-29T17:56:37.451993+00:00
364,FloorplanTest290425,204dd4787b647b6fbbd96d9b4a088956099fdc975567c3f71a578435cd528c1c,Ground Floor: approx 103.53 sq metres (1114.22 sq feet),103.53,1114.22,,,,,,,,,,,,,,,,2025-04-29T19:42:06.665321+00:00
364,FloorplanTest290425,204dd4787b647b6fbbd96d9b4a088956099fdc975567c3f71a578435cd528c1c,First Floor: approx 94.92 sq metres (1021.5 sq feet),94.92,1021.5,,,,,,,,,,,,,,,,2025-04-29T19:42:06.665321+00:00
364,FloorplanTest290425,204dd4787b647b6fbbd96d9b4a088956099fdc975567c3f71a578435cd528c1c,Garden Room: approx 9.6 sq metres (103.3 sq feet),9.6,103.3,,,,,,,,,,,,,,,,2025-04-29T19:42:06.665321+00:00
364,FloorplanTest290425,204dd4787b647b6fbbd96d9b4a088956099fdc975567c3f71a578435cd528c1c,Total area: approx 196.6 sq metres (2115.7 sq feet),196.6,2115.7,3,25,25,208,65,32,18,2,"['door2', 'door2', 'door', 'door', 'door2', 'door', 'door2', 'door2', 'door', 'door', 'door', 'door', 'door2', 'door', 'door', 'door', 'door', 'door', 'door', 'stair', 'bathtub', 'shower', 'toilet_bowl', 'shower', 'toilet_bowl', 'vanity', 'window', 'window', 'vanity', 'toilet_bowl', 'vanity', 'window', 'window', 'window', 'window', 'window', 'window', 'door2', 'window', 'window', 'door2', 'door2', 'door', 'door', 'door', 'door', 'door', 'door', 'door', 'door', 'door', 'door', 'stair', 'stove', 'toilet_bowl', 'sink', 'vanity', 'window', 'window', 'window', 'window', 'window', 'window', 'window', 'window']",1024575.0,0.00019188443988971037,0.002064953761315667,9690,21209,3250,2025-04-29T19:42:06.665321+00:00
347,FloorplanTest290425,de6f038c84f5a8d06d0d6f9690d94f9e9a9fd2588d322f1c2c7d608490e4de67,Approximate Gross Internal Area: Main House 1389 sq. ft / 129.05 sq. m,129.05,1389.0,,,,,,,,,,,,,,,,2025-04-29T19:43:41.291823+00:00
347,FloorplanTest290425,de6f038c84f5a8d06d0d6f9690d94f9e9a9fd2588d322f1c2c7d608490e4de67,Garage: 190 sq. ft / 17.65 sq. m,17.65,190.0,,,,,,,,,,,,,,,,2025-04-29T19:43:41.291823+00:00
347,FloorplanTest290425,de6f038c84f5a8d06d0d6f9690d94f9e9a9fd2588d322f1c2c7d608490e4de67,Total: 1579 sq. ft / 146.70 sq. m,146.7,1579.0,2,21,21,156,53,26,14,2,"['door', 'door', 'door', 'door', 'door', 'door', 'door2', 'door', 'door', 'door', 'door2', 'door', 'door2', 'door2', 'door-s', 'door-s', 'stair', 'bathtub', 'window', 'toilet_bowl', 'vanity', 'window', 'vanity', 'window', 'window', 'window', 'shower', 'door', 'door', 'door', 'door', 'door', 'door', 'door', 'door', 'door', 'door2', 'stair', 'sink', 'stove', 'sink', 'toilet_bowl', 'window', 'window', 'window', 'window', 'window', 'window', 'window', 'sink', 'window', 'window', 'vanity']",1189935.0,0.00012328404492682372,0.001326963237487762,7905,16754,2699,2025-04-29T19:43:41.291823+00:00
365,FloorplanTest290425,f85e67336c6943e53d3e0854bb33d7f043b53fb4062f4de81c2db01b92c9006a,Approximate Area = 1474 sq ft / 137 sq m,137.0,1474.0,3,20,19,158,60,22,15,4,"['door', 'door', 'door2', 'door', 'door', 'stair', 'stair', 'shower', 'shower', 'toilet_bowl', 'vanity', 'vanity', 'toilet_bowl', 'window', 'window', 'window', 'window', 'window', 'door2', 'door', 'door', 'door', 'door', 'door', 'door', 'door', 'door', 'door2', 'stair', 'toilet_bowl', 'shower', 'sink', 'toilet_bowl', 'vanity', 'window', 'window', 'vanity', 'window', 'window', 'door', 'door', 'door', 'door', 'door', 'door-s', 'door-s', 'stair', 'bathtub', 'bathtub', 'vanity', 'toilet_bowl', 'vanity', 'window', 'window', 'window', 'window', 'toilet_bowl', 'vanity', 'window', 'window']",364429.0,0.00037593056535017793,0.004044683600920892,9690,18364,2160,2025-04-29T19:47:08.377580+00:00
365,FloorplanTest290425,f85e67336c6943e53d3e0854bb33d7f043b53fb4062f4de81c2db01b92c9006a,Total Floor Area (Calculated),137.0,1474.0,3,20,19,158,60,22,15,4,"['door', 'door', 'door2', 'door', 'door', 'stair', 'stair', 'shower', 'shower', 'toilet_bowl', 'vanity', 'vanity', 'toilet_bowl', 'window', 'window', 'window', 'window', 'window', 'door2', 'door', 'door', 'door', 'door', 'door', 'door', 'door', 'door', 'door2', 'stair', 'toilet_bowl', 'shower', 'sink', 'toilet_bowl', 'vanity', 'window', 'window', 'vanity', 'window', 'window', 'door', 'door', 'door', 'door', 'door', 'door-s', 'door-s', 'stair', 'bathtub', 'bathtub', 'vanity', 'toilet_bowl', 'vanity', 'window', 'window', 'window', 'window', 'toilet_bowl', 'vanity', 'window', 'window']",364429.0,0.00037593056535017793,0.004044683600920892,9690,18364,2160,2025-04-29T19:47:08.377580+00:00
366,FloorplanTest290425,ef258e2c8e378f30259a77ec78f84782669d63582a78b81dc5357cfb21ba7f41,Approximate Floor Area = 497 sq ft / 46.2 sq m including limited use area (7 sq ft / 0.7 sq m),46.2,497.0,1,5,5,42,16,5,5,0,"['door', 'door', 'door', 'door', 'door', 'stove', 'sink', 'bathtub', 'vanity', 'toilet_bowl', 'window', 'window', 'window', 'vanity', 'window', 'window']",2096859.5,2.2032949751759716e-05,0.00023702112611741512,3060,6882,719,2025-04-29T19:50:00.999426+00:00
366,FloorplanTest290425,ef258e2c8e378f30259a77ec78f84782669d63582a78b81dc5357cfb21ba7f41,Total Floor Area (Calculated),46.2,497.0,1,5,5,42,16,5,5,0,"['door', 'door', 'door', 'door', 'door', 'stove', 'sink', 'bathtub', 'vanity', 'toilet_bowl', 'window', 'window', 'window', 'vanity', 'window', 'window']",2096859.5,2.2032949751759716e-05,0.00023702112611741512,3060,6882,719,2025-04-29T19:50:00.999426+00:00
348,FloorplanTest290425,8e34386dc1595c977389d7e3c26b4f344db9871358a9493bcf9d5a71742d3f11,Approximate Total Internal Floor Area: 1403 sq ft - 130.30 sq m,130.3,1403.0,4,28,27,183,50,21,14,4,"['door', 'door', 'door', 'door', 'door', 'door2', 'stair', 'stair', 'toilet_bowl', 'bathtub', 'window', 'window', 'window', 'window', 'vanity', 'door2', 'door', 'door', 'door', 'door', 'door', 'door', 'stair', 'stove', 'toilet_bowl', 'sink', 'vanity', 'window', 'window', 'window', 'window', 'window', 'door', 'door', 'door', 'door', 'door-s', 'door-s', 'door', 'door', 'stair', 'shower', 'toilet_bowl', 'sink', 'window', 'window', 'window', 'window', 'vanity', 'window']",324624.0,0.000401387451328306,0.004321923209620977,13515,24023,3225,2025-04-29T18:58:13.896532+00:00
357,FloorplanTest290425,3e9ed04d5b7e958f44b3f4459093ba5bb4003fb55457e40193c0bcd2211482af,Approximate Area = 1866 sq ft / 173.3 sq m (excludes covered area),173.3,1866.0,,,,,,,,,,,,,,,,2025-04-29T19:00:36.461401+00:00
335,FloorplanTest290425,92975603e05b77e0242b06f88a968033be773b850decb2fb384fd477c1084ce6,Total area: approx 112.5 sq. metres (1211.2 sq. feet),112.5,1211.2,2,13,13,113,41,14,12,4,"['door', 'door', 'door', 'door', 'door', 'door', 'door', 'door2', 'stair', 'stair', 'shower', 'bathtub', 'toilet_bowl', 'toilet_bowl', 'vanity', 'window', 'vanity', 'window', 'window', 'window', 'window', 'window', 'window', 'door', 'door', 'door', 'door', 'door', 'door2', 'stair', 'stair', 'toilet_bowl', 'stove', 'sink', 'vanity', 'window', 'window', 'window', 'window', 'window', 'shower']",1578008.5,7.129239164427821e-05,0.000767549731195998,5355,13188,1858,2025-04-29T18:13:54.101523+00:00
359,FloorplanTest290425,851b98ed08ee41a9a979aa18c45e59dba4ce1087f5ec6912469226c1c1e94e7f,Approximate Area = 942 sq ft / 87.5 sq m,87.5,942.0,,,,,,,,,,,,,,,,2025-04-29T19:11:32.540839+00:00
359,FloorplanTest290425,851b98ed08ee41a9a979aa18c45e59dba4ce1087f5ec6912469226c1c1e94e7f,Limited Use Area(s) = 132 sq ft / 12.2 sq m,12.2,132.0,,,,,,,,,,,,,,,,2025-04-29T19:11:32.540839+00:00
359,FloorplanTest290425,851b98ed08ee41a9a979aa18c45e59dba4ce1087f5ec6912469226c1c1e94e7f,Garage = 152 sq ft / 14.1 sq m,14.1,152.0,,,,,,,,,,,,,,,,2025-04-29T19:11:32.540839+00:00
359,FloorplanTest290425,851b98ed08ee41a9a979aa18c45e59dba4ce1087f5ec6912469226c1c1e94e7f,Outbuildings = 39 sq ft / 3.6 sq m,3.6,39.0,,,,,,,,,,,,,,,,2025-04-29T19:11:32.540839+00:00
359,FloorplanTest290425,851b98ed08ee41a9a979aa18c45e59dba4ce1087f5ec6912469226c1c1e94e7f,Total = 1265 sq ft / 117.4 sq m,117.4,1265.0,4,16,16,136,41,15,13,5,"['door', 'door', 'door', 'door', 'door', 'stair', 'stair', 'stair', 'toilet_bowl', 'vanity', 'window', 'bathtub', 'window', 'window', 'window', 'shower', 'door', 'sofa', 'sofa', 'door', 'door', 'door', 'door2', 'door', 'door', 'stair', 'sink', 'stove', 'window', 'window', 'window', 'window', 'window', 'window', 'window', 'door', 'door', 'door', 'stair', 'window', 'window']",824985.0,0.00014230561767789718,0.0015333612126281085,6885,18173,2490,2025-04-29T19:11:32.540839+00:00
343,FloorplanTest290425,1832e31ad9103ce90da63ac0462499776756b62187f701d0b5c09880adfe5842,Gross Internal Area (Approx),168.0,1808.0,,,,,,,,,,,,,,,,2025-04-29T18:53:32.232269+00:00
343,FloorplanTest290425,1832e31ad9103ce90da63ac0462499776756b62187f701d0b5c09880adfe5842,Annex (Approx),22.23,239.0,,,,,,,,,,,,,,,,2025-04-29T18:53:32.232269+00:00
343,FloorplanTest290425,1832e31ad9103ce90da63ac0462499776756b62187f701d0b5c09880adfe5842,Total (Approx),190.23,2047.0,3,22,22,197,58,24,12,4,"['door', 'door', 'door', 'door', 'door', 'door', 'door', 'door', 'door2', 'door2', 'door2', 'door2', 'stair', 'stair', 'stair', 'bathtub', 'bathtub', 'bathtub', 'shower', 'toilet_bowl', 'toilet_bowl', 'toilet_bowl', 'window', 'window', 'window', 'vanity', 'vanity', 'window', 'window', 'vanity', 'window', 'window', 'door', 'door', 'door', 'toilet_bowl', 'window', 'vanity', 'window', 'shower', 'door', 'door', 'door2', 'door', 'door2', 'door', 'door', 'door', 'door', 'stair', 'sink', 'toilet_bowl', 'stove', 'vanity', 'window', 'window', 'window', 'vanity']",790095.0,0.00024076851517855448,0.0025908276852783527,9180,19521,2771,2025-04-29T18:53:32.232269+00:00
